Date,PY_Crypto_Market_Index,CoinsInIndex
2013-04-27,0,bitcoin
2013-04-28,0.12188341936055035,bitcoin
2013-04-29,-0.039082306274024675,bitcoin
2013-04-30,-0.17238549033086215,bitcoin
2013-05-01,-0.10613009868127765,bitcoin
2013-05-02,-0.07354514525307691,bitcoin
2013-05-03,0.1405400227789997,bitcoin
2013-05-04,0.029860837850518802,bitcoin
2013-05-05,-0.031640170575173376,bitcoin
2013-05-06,-0.007149298019646702,bitcoin
2013-05-07,0.018359591475106754,bitcoin
2013-05-08,-0.007921006451091936,bitcoin
2013-05-09,0.03941867517947434,bitcoin
2013-05-10,-0.016838941435320144,bitcoin
2013-05-11,-0.0021107813050925276,bitcoin
2013-05-12,0.025583018664806324,bitcoin
2013-05-13,-0.05649055612788299,bitcoin
2013-05-14,0.024101833023813503,bitcoin
2013-05-15,0.038978243959109815,bitcoin
2013-05-16,0.035201626311391065,bitcoin
2013-05-17,0.003918676306121322,bitcoin
2013-05-18,-0.012285913851234377,bitcoin
2013-05-19,8.198808388195932e-5,bitcoin
2013-05-20,0.007187202314217255,bitcoin
2013-05-21,0.008177755878734008,bitcoin
2013-05-22,0.022436060314065878,bitcoin
2013-05-23,0.05002967195460341,bitcoin
2013-05-24,-0.009201371611931158,bitcoin
2013-05-25,0.01130125829168617,bitcoin
2013-05-26,-0.02838067385044423,bitcoin
2013-05-27,-0.005758543662515925,bitcoin
2013-05-28,0.025259689826508794,bitcoin
2013-05-29,-0.026819075799087176,bitcoin
2013-05-30,0.001559385972578414,bitcoin
2013-05-31,0.0023229050186142635,bitcoin
2013-06-01,-0.05572368324296557,bitcoin
2013-06-02,-5.725618715475202e-4,bitcoin
2013-06-03,-0.006583469644197026,bitcoin
2013-06-04,0.0018924871513173232,bitcoin
2013-06-05,-0.030463457307228835,bitcoin
2013-06-06,-0.05666003356549127,bitcoin
2013-06-07,-0.02911940871409678,bitcoin
2013-06-08,-0.07973499619798526,bitcoin
2013-06-09,0.06156534131024692,bitcoin
2013-06-10,0.023694516652513934,bitcoin
2013-06-11,-0.006910877442676894,bitcoin
2013-06-12,-0.039128267366802645,bitcoin
2013-06-13,-0.039431764476044934,bitcoin
2013-06-14,9.202568449340622e-5,bitcoin
2013-06-15,-0.004792997255561335,bitcoin
2013-06-16,0.02176910995238765,bitcoin
2013-06-17,0.054532923235751665,bitcoin
2013-06-18,0.007883170600200095,bitcoin
2013-06-19,0.017399720218680567,bitcoin
2013-06-20,-0.005918537844724311,bitcoin
2013-06-21,-0.011019367070478922,bitcoin
2013-06-22,-0.006484548639619395,bitcoin
2013-06-23,-0.046248313608707674,bitcoin
2013-06-24,0.011737665007926524,bitcoin
2013-06-25,4.8091419569653947e-4,bitcoin
2013-06-26,-0.024953017920781327,bitcoin
2013-06-27,-0.06926045114980445,bitcoin
2013-06-28,0.003636336336348174,bitcoin
2013-06-29,0.016909875421432404,bitcoin
2013-06-30,-0.09281877222650063,bitcoin
2013-07-01,0.023392612115510653,bitcoin
2013-07-02,-0.1506325392315829,bitcoin
2013-07-03,0.03791271992530835,bitcoin
2013-07-04,-0.16275172764714646,bitcoin
2013-07-05,0.02662288122487105,bitcoin
2013-07-06,0.05917005641810824,bitcoin
2013-07-07,0.025880981726963962,bitcoin
2013-07-08,0.0023236275041207868,bitcoin
2013-07-09,0.12332222894239818,bitcoin
2013-07-10,0.02526595252373146,bitcoin
2013-07-11,0.05056425349632963,bitcoin
2013-07-12,0.047356991725982,bitcoin
2013-07-13,-0.03571078734483522,bitcoin
2013-07-14,0.038420714477772844,bitcoin
2013-07-15,-0.009695220368704122,bitcoin
2013-07-16,0.010708933087147689,bitcoin
2013-07-17,-0.08382308983469618,bitcoin
2013-07-18,0.01740121979567475,bitcoin
2013-07-19,-0.03062475632368095,bitcoin
2013-07-20,0.015179003526863535,bitcoin
2013-07-21,0.009351517347941143,bitcoin
2013-07-22,0.042198205694228184,bitcoin
2013-07-23,-0.011032976774509828,bitcoin
2013-07-24,0.024973863034018644,bitcoin
2013-07-25,-0.009120921184014722,bitcoin
2013-07-26,-0.02003057797527519,bitcoin
2013-07-27,0.058199135812741616,bitcoin
2013-07-28,0.01437155539990397,bitcoin
2013-07-29,0.06493988376596871,bitcoin
2013-07-30,-0.017750854510832054,bitcoin
2013-07-31,-0.019896856811002114,bitcoin
2013-08-01,0.004805736339288163,bitcoin
2013-08-02,-0.004757686980215479,bitcoin
2013-08-03,0.010891863976834162,bitcoin
2013-08-04,0.010181614009159498,bitcoin
2013-08-05,0.004977225622294885,bitcoin
2013-08-06,0,bitcoin
2013-08-07,-0.0357606638790982,bitcoin
2013-08-08,-0.001943605521800977,bitcoin
2013-08-09,0.0019436055218009978,bitcoin
2013-08-10,0.019231361927887592,bitcoin
2013-08-11,0.015460830513557056,bitcoin
2013-08-12,0.021926701558063356,bitcoin
2013-08-13,0.03215626727115091,bitcoin
2013-08-14,-0.02311471635303504,bitcoin
2013-08-15,-0.0090965680654762,bitcoin
2013-08-16,0.04050997183967418,bitcoin
2013-08-17,0,bitcoin
2013-08-18,0.047320656190071954,bitcoin
2013-08-19,0.018359848905631634,bitcoin
2013-08-20,0.017137092904150955,bitcoin
2013-08-21,-0.017590975063647485,bitcoin
2013-08-22,-0.022108065134923985,bitcoin
2013-08-23,0.012945262510931687,bitcoin
2013-08-24,0.01706381041475382,bitcoin
2013-08-25,-0.016972169087955426,bitcoin
2013-08-26,0.05228400960710429,bitcoin
2013-08-27,-0.031152143433751004,bitcoin
2013-08-28,-0.0018775023269123363,bitcoin
2013-08-29,0.08681394741137656,bitcoin
2013-08-30,0.013837451336221197,bitcoin
2013-08-31,0.021850335546192753,bitcoin
2013-09-01,-0.01816301590011666,bitcoin
2013-09-02,0.006749333331449582,bitcoin
2013-09-03,-0.07616298709164283,bitcoin
2013-09-04,-0.0024489293026017183,bitcoin
2013-09-05,-0.059305581386492896,bitcoin
2013-09-06,0.04110730789365544,bitcoin
2013-09-07,-0.02026022525129252,bitcoin
2013-09-08,0.04382255911505702,bitcoin
2013-09-09,-0.009485463010047834,bitcoin
2013-09-10,0.07155752262792145,bitcoin
2013-09-11,-0.015798786605833483,bitcoin
2013-09-12,0.013800456541665094,bitcoin
2013-09-13,-0.04361020008572314,bitcoin
2013-09-14,0.008860136644585521,bitcoin
2013-09-15,0.010301942554264044,bitcoin
2013-09-16,-4.5559692099257784e-4,bitcoin
2013-09-17,-0.0014441718610355044,bitcoin
2013-09-18,-0.013940233085593595,bitcoin
2013-09-19,-0.020336460202709936,bitcoin
2013-09-20,0.0030651919140108675,bitcoin
2013-09-21,0.013174970086424724,bitcoin
2013-09-22,-0.024857188137284075,bitcoin
2013-09-23,0.01026867686226332,bitcoin
2013-09-24,0.007593892648834636,bitcoin
2013-09-25,0.001247105838126133,bitcoin
2013-09-26,0.04120199664798664,bitcoin
2013-09-27,0.007447159895509421,bitcoin
2013-09-28,0.018815766066958586,bitcoin
2013-09-29,-0.032110448306293976,bitcoin
2013-09-30,-0.006184553590251959,bitcoin
2013-10-01,-0.14682644913153264,bitcoin
2013-10-02,0.07995508630257585,bitcoin
2013-10-03,0.042596666354854436,bitcoin
2013-10-04,-0.003571920705322374,bitcoin
2013-10-05,0.0034944469095950694,bitcoin
2013-10-06,-0.016097851250639863,bitcoin
2013-10-07,-0.007432646159554235,bitcoin
2013-10-08,0.03654621833831419,bitcoin
2013-10-09,-7.655091002058121e-4,bitcoin
2013-10-10,0.002371010099070477,bitcoin
2013-10-11,0.03224758814668488,bitcoin
2013-10-12,0.02151409162583456,bitcoin
2013-10-13,0.01715455174137393,bitcoin
2013-10-14,0.033037726565120745,bitcoin
2013-10-15,-0.01869474760036179,bitcoin
2013-10-16,0.02562464934465663,bitcoin
2013-10-17,0.06428212105128835,bitcoin
2013-10-18,0.10033374299852708,bitcoin
2013-10-19,0.012621568868045501,bitcoin
2013-10-20,0.04260498587900447,bitcoin
2013-10-21,0.061460346545413824,bitcoin
2013-10-22,0.09757846134989387,bitcoin
2013-10-23,-0.07477076165526564,bitcoin
2013-10-24,-0.05997845082234313,bitcoin
2013-10-25,-0.051493449144692754,bitcoin
2013-10-26,0.10240100241742892,bitcoin
2013-10-27,0.010683919348429924,bitcoin
2013-10-28,0.028988957519542995,bitcoin
2013-10-29,-0.0218625690659119,bitcoin
2013-10-30,0.019952632442889126,bitcoin
2013-10-31,0.010629544300692453,bitcoin
2013-11-01,1.9402786429499434e-4,bitcoin
2013-11-02,0.04192700741165954,bitcoin
2013-11-03,0.06328804267979073,bitcoin
2013-11-04,0.06807872919311503,bitcoin
2013-11-05,0.06801373673790927,bitcoin
2013-11-06,0.12149256136761259,bitcoin
2013-11-07,0.1316275996010049,bitcoin
2013-11-08,0.0029532523258870456,bitcoin
2013-11-09,-0.03752709462706834,bitcoin
2013-11-10,0.04729906630459449,bitcoin
2013-11-11,0.05092377396579188,bitcoin
2013-11-12,0.12270161042315701,bitcoin
2013-11-13,0.031008966068693827,bitcoin
2013-11-14,-0.0053689801093441385,bitcoin
2013-11-15,0.05191276737488211,bitcoin
2013-11-16,0.11142763424500933,bitcoin
2013-11-17,0.35745091832215853,bitcoin
2013-11-18,-0.18520822410660956,bitcoin
2013-11-19,0.010583423710938993,bitcoin
2013-11-20,0.2010921624430345,bitcoin
2013-11-21,0.06563838202543824,bitcoin
2013-11-22,0.0336241159100759,bitcoin
2013-11-23,-0.029988198423623467,bitcoin
2013-11-24,0.03160377119624946,bitcoin
2013-11-25,0.14964086924632242,bitcoin
2013-11-26,0.07657392332213218,bitcoin
2013-11-27,0.02949206532102436,bitcoin
2013-11-28,0.09250928282478513,bitcoin
2013-11-29,-0.0022463235454210978,bitcoin
2013-11-30,-0.16686743578514682,bitcoin
2013-12-01,0.08757178641931757,bitcoin
2013-12-02,0.032949727319475736,bitcoin
2013-12-03,0.06541164847228582,bitcoin
2013-12-04,-0.09665672564344065,bitcoin
2013-12-05,-0.23111456274563125,bitcoin
2013-12-06,-0.17221431184880537,bitcoin
2013-12-07,0.13088731638223053,bitcoin
2013-12-08,0.11536347714713831,bitcoin
2013-12-09,0.10139944184066989,bitcoin
2013-12-10,-0.11800564971998864,bitcoin
2013-12-11,-0.005959772777835044,bitcoin
2013-12-12,0.021882818358926977,bitcoin
2013-12-13,-0.022638931926662605,bitcoin
2013-12-14,0.004025829571846445,bitcoin
2013-12-15,-0.21593036010902983,bitcoin
2013-12-16,-0.03436711388731347,bitcoin
2013-12-17,-0.26619787921382615,bitcoin
2013-12-18,0.28052047316045226,bitcoin
2013-12-19,-0.10126465181122174,bitcoin
2013-12-20,-0.03194480224990014,bitcoin
2013-12-21,0.01884197551782329,bitcoin
2013-12-22,0.08719361306192808,bitcoin
2013-12-23,-0.011695450096522118,bitcoin
2013-12-24,0.02467869388798309,bitcoin
2013-12-25,0.11058272244770721,bitcoin
2013-12-26,-0.03595454025370161,bitcoin
2013-12-27,-0.009898214812731319,bitcoin
2013-12-28,0.023383785912900877,bitcoin
2013-12-29,0.014762011688750706,bitcoin
2013-12-30,-0.002807682055054258,bitcoin
2013-12-31,0.02280143395217618,bitcoin
2014-01-01,0.03938771479065677,bitcoin
2014-01-02,0.020147317059133234,bitcoin
2014-01-03,0.048620361515367944,bitcoin
2014-01-04,0.08261066017832082,bitcoin
2014-01-05,0.020946005551224868,bitcoin
2014-01-06,-0.17281052865139565,bitcoin
2014-01-07,0.0495261131038736,bitcoin
2014-01-08,0.0049006534663833205,bitcoin
2014-01-09,0.025209160280731807,bitcoin
2014-01-10,0.05103134400142039,bitcoin
2014-01-11,-0.05710632938101591,bitcoin
2014-01-12,-0.025840090997950753,bitcoin
2014-01-13,-0.00947171560057968,bitcoin
2014-01-14,0.032620639283341885,bitcoin
2014-01-15,-0.029792444795906273,bitcoin
2014-01-16,-0.025439621381963307,bitcoin
2014-01-17,0.030655575992509846,bitcoin
2014-01-18,0.036194184963704135,bitcoin
2014-01-19,-8.729924866740205e-4,bitcoin
2014-01-20,-0.007254518688717603,bitcoin
2014-01-21,-0.021433925302511522,bitcoin
2014-01-22,-0.028245611379918982,bitcoin
2014-01-23,-0.03084651546079391,bitcoin
2014-01-24,0.06853188436497981,bitcoin
2014-01-25,0.03642961439574368,bitcoin
2014-01-26,-0.13770991100654395,bitcoin
2014-01-27,0.05193413260288641,bitcoin
2014-01-28,0.016466539681464776,bitcoin
2014-01-29,-0.008474024531902205,bitcoin
2014-01-30,0.013208541021908762,bitcoin
2014-01-31,0.0032000438490918815,bitcoin
2014-02-01,-0.008697569132073459,bitcoin
2014-02-02,-0.0018675460387907001,bitcoin
2014-02-03,0.005000651888736579,bitcoin
2014-02-04,-0.01957540707455988,bitcoin
2014-02-05,-0.038110351780871146,bitcoin
2014-02-06,-0.09263952603679843,bitcoin
2014-02-07,-0.055528201538959994,bitcoin
2014-02-08,0.013237087570905864,bitcoin
2014-02-09,-0.0027420706565005814,bitcoin
2014-02-10,-0.013095141765438408,bitcoin
2014-02-11,-0.030896282414173987,bitcoin
2014-02-12,-0.07398991943326949,bitcoin
2014-02-13,0.08962537788256651,bitcoin
2014-02-14,-0.01686371479327556,bitcoin
2014-02-15,-0.05411754444203149,bitcoin
2014-02-16,0.015512443108037446,bitcoin
2014-02-17,5.267203516954424e-4,bitcoin
2014-02-18,-0.005713620810839191,bitcoin
2014-02-19,-0.11357463128922934,bitcoin
2014-02-20,0.03188796889306096,bitcoin
2014-02-21,0.053014347474916165,bitcoin
2014-02-22,6.605205108301287e-4,bitcoin
2014-02-23,-0.10337802627475204,bitcoin
2014-02-24,-0.014027464549724563,bitcoin
2014-02-25,0.07847788319249153,bitcoin
2014-02-26,-0.006750120917031735,bitcoin
2014-02-27,-0.05233326026103338,bitcoin
2014-02-28,0.02933283334315532,bitcoin
2014-03-01,-0.010343094719691866,bitcoin
2014-03-02,0.17636716801946975,bitcoin
2014-03-03,-0.0014686418034073393,bitcoin
2014-03-04,-0.0019065216713399656,bitcoin
2014-03-05,-0.002482416885294746,bitcoin
2014-03-06,-0.05370152096398336,bitcoin
2014-03-07,-0.018771627509018608,bitcoin
2014-03-08,0.031108780414354224,bitcoin
2014-03-09,-0.014501213106990606,bitcoin
2014-03-10,0.010016737222914365,bitcoin
2014-03-11,-0.0031748470096724154,bitcoin
2014-03-12,0.009510147109345907,bitcoin
2014-03-13,-0.01474449626197582,bitcoin
2014-03-14,0.011573995409976216,bitcoin
2014-03-15,-0.007907066508291294,bitcoin
2014-03-16,-0.01394058189496734,bitcoin
2014-03-17,-0.012190557396110501,bitcoin
2014-03-18,-0.00807367675956436,bitcoin
2014-03-19,-0.03523968635015687,bitcoin
2014-03-20,-0.029788680021674157,bitcoin
2014-03-21,-0.01135048196735571,bitcoin
2014-03-22,-0.00669089842456666,bitcoin
2014-03-23,0.038688016750345076,bitcoin
2014-03-24,8.652315211512807e-4,bitcoin
2014-03-25,-0.00530584063127706,bitcoin
2014-03-26,-0.20908757010194964,bitcoin
2014-03-27,0.05053685742820472,bitcoin
2014-03-28,-0.009107916769448965,bitcoin
2014-03-29,-0.06497455200284427,bitcoin
2014-03-30,-0.007134219415154853,bitcoin
2014-03-31,0.04570934917772216,bitcoin
2014-04-01,-0.09014140031419476,bitcoin
2014-04-02,0.017186800895734433,bitcoin
2014-04-03,0.006294294440610878,bitcoin
2014-04-04,0.03162896136233487,bitcoin
2014-04-05,-0.003052931364851654,bitcoin
2014-04-06,-0.0243461217386924,bitcoin
2014-04-07,0.00811740267952805,bitcoin
2014-04-08,-0.02313312612526266,bitcoin
2014-04-09,-0.19256940847466417,bitcoin
2014-04-10,0.1421274984554929,bitcoin
2014-04-11,4.014102325392085e-4,bitcoin
2014-04-12,-0.016890215935090724,bitcoin
2014-04-13,0.10256791453658136,bitcoin
2014-04-14,0.11671809262776435,bitcoin
2014-04-15,0.022645715413851228,bitcoin
2014-04-16,-0.061448477672018866,bitcoin
2014-04-17,-0.033455128728665365,bitcoin
2014-04-18,0.044686991000390835,bitcoin
2014-04-19,-0.006795846974711165,bitcoin
2014-04-20,-0.004819186704179009,bitcoin
2014-04-21,-0.015958502321606016,bitcoin
2014-04-22,0.006901384754139415,bitcoin
2014-04-23,0.018476595131832075,bitcoin
2014-04-24,-0.08116610918486185,bitcoin
2014-04-25,-0.00619097001951278,bitcoin
2014-04-26,-0.04964420721186791,bitcoin
2014-04-27,0.008885880311345568,bitcoin
2014-04-28,0.015603827345369081,bitcoin
2014-04-29,9.744028717352981e-4,bitcoin
2014-04-30,0.02234456760031345,bitcoin
2014-05-01,-0.018482840033237847,bitcoin
2014-05-02,-0.026186841962821235,bitcoin
2014-05-03,-0.0031092055916313805,bitcoin
2014-05-04,-0.006715902570990144,bitcoin
2014-05-05,-0.010481910470197203,bitcoin
2014-05-06,0.02272326786854019,bitcoin
2014-05-07,0.0030671406235065527,bitcoin
2014-05-08,0.020890325320030812,bitcoin
2014-05-09,0.011001434813764355,bitcoin
2014-05-10,-0.034810851524780265,bitcoin
2014-05-11,0.005852291736706252,bitcoin
2014-05-12,-0.0017934162783965356,bitcoin
2014-05-13,0.007462920721042362,bitcoin
2014-05-14,0.00736076252443437,bitcoin
2014-05-15,0.0018004935681801921,bitcoin
2014-05-16,0.0018841431083614529,bitcoin
2014-05-17,-0.005896140377533748,bitcoin
2014-05-18,-1.860233673966242e-4,bitcoin
2014-05-19,0.08491586059550363,bitcoin
2014-05-20,0.012370545836165196,bitcoin
2014-05-21,0.06458489186377643,bitcoin
2014-05-22,-0.0083403825882252,bitcoin
2014-05-23,0.009405471673394093,bitcoin
2014-05-24,0.08475738822058443,bitcoin
2014-05-25,0.020495739648373295,bitcoin
2014-05-26,-0.021097742640208486,bitcoin
2014-05-27,0.010133262030700009,bitcoin
2014-05-28,-0.015511476346571532,bitcoin
2014-05-29,0.07971234630972367,bitcoin
2014-05-30,0.013482005934113118,bitcoin
2014-05-31,0.01045064231989809,bitcoin
2014-06-01,0.047092480115776485,bitcoin
2014-06-02,0.010520920302855428,bitcoin
2014-06-03,-0.039709753946964146,bitcoin
2014-06-04,0.027128055424110294,bitcoin
2014-06-05,-0.008463323039215596,bitcoin
2014-06-06,0.0019362668682674255,bitcoin
2014-06-07,0.0017863058087969719,bitcoin
2014-06-08,-0.01069652940474126,bitcoin
2014-06-09,0.006129175582637215,bitcoin
2014-06-10,-0.031304801235756276,bitcoin
2014-06-11,-0.07555895838958963,bitcoin
2014-06-12,0.022258236794431254,bitcoin
2014-06-13,-0.038738851663171606,bitcoin
2014-06-14,0.02662569884003675,bitcoin
2014-06-15,-0.0012640414086825405,bitcoin
2014-06-16,0.031050238603359103,bitcoin
2014-06-17,-0.004768557369075788,bitcoin
2014-06-18,-0.016396364425371332,bitcoin
2014-06-19,-0.006584375225522686,bitcoin
2014-06-20,0.0014228936306636968,bitcoin
2014-06-21,0.012162880448571984,bitcoin
2014-06-22,-0.01385845014168336,bitcoin
2014-06-23,-0.019768745253680792,bitcoin
2014-06-24,-0.02789611345767536,bitcoin
2014-06-25,0.025799031511848865,bitcoin
2014-06-26,0.0273676103230448,bitcoin
2014-06-27,-0.0011927780525674023,bitcoin
2014-06-28,0.010283089900061071,bitcoin
2014-06-29,0.059706441219191955,bitcoin
2014-06-30,0.0015758722888703557,bitcoin
2014-07-01,0.015596994299412813,bitcoin
2014-07-02,-0.008831643448791157,bitcoin
2014-07-03,-0.022674501506525394,bitcoin
2014-07-04,0.0012121448653876214,bitcoin
2014-07-05,0.006865268460754415,bitcoin
2014-07-06,-0.01860689188036123,bitcoin
2014-07-07,0.0011722193500613202,bitcoin
2014-07-08,-4.946999640243364e-4,bitcoin
2014-07-09,-0.01248244558185929,bitcoin
2014-07-10,0.024410875448892425,bitcoin
2014-07-11,0.0027020642994312915,bitcoin
2014-07-12,-0.011452189965975525,bitcoin
2014-07-13,-0.011529968137937741,bitcoin
2014-07-14,0.00366024143337714,bitcoin
2014-07-15,-0.00772947146246337,bitcoin
2014-07-16,0.010144546028702937,bitcoin
2014-07-17,0.009090481922316259,bitcoin
2014-07-18,-4.1991300896394184e-4,bitcoin
2014-07-19,-0.00736977915214746,bitcoin
2014-07-20,-0.0027108770922665355,bitcoin
2014-07-21,-0.001061253188063442,bitcoin
2014-07-22,-0.003442559211097271,bitcoin
2014-07-23,-0.02896167130345402,bitcoin
2014-07-24,-0.0010707852305771996,bitcoin
2014-07-25,-0.008816152447506274,bitcoin
2014-07-26,-0.003296726973553568,bitcoin
2014-07-27,-0.013837801900848636,bitcoin
2014-07-28,-0.0016507014169794966,bitcoin
2014-07-29,-0.030265631873708863,bitcoin
2014-07-30,0.032844730481842645,bitcoin
2014-07-31,0.01469953728095844,bitcoin
2014-08-01,-0.009428843197945987,bitcoin
2014-08-02,-0.004535712541612878,bitcoin
2014-08-03,0.0036002768068190073,bitcoin
2014-08-04,-0.005699141865000959,bitcoin
2014-08-05,-0.0013382898368346015,bitcoin
2014-08-06,0.007185244819450757,bitcoin
2014-08-07,0.0062770873094365135,bitcoin
2014-08-08,-0.005423287889327893,bitcoin
2014-08-09,0.0028616042081168985,bitcoin
2014-08-10,-0.025172870643514672,bitcoin
2014-08-11,-0.011738168634877543,bitcoin
2014-08-12,-0.041184728920082285,bitcoin
2014-08-13,-0.07733813234959845,bitcoin
2014-08-14,-0.017875116370690516,bitcoin
2014-08-15,0.04465696415739027,bitcoin
2014-08-16,-0.05520514012523016,bitcoin
2014-08-17,-0.06366663251949554,bitcoin
2014-08-18,0.05025855018654085,bitcoin
2014-08-19,0.05363167526854329,bitcoin
2014-08-20,0.01021559921630562,bitcoin
2014-08-21,-0.006194204964685496,bitcoin
2014-08-22,-0.031556284883379894,bitcoin
2014-08-23,0.020293609814776552,bitcoin
2014-08-24,-0.011456618342706094,bitcoin
2014-08-25,0.01789675866495098,bitcoin
2014-08-26,-8.154548229564329e-4,bitcoin
2014-08-27,-0.006551775086690931,bitcoin
2014-08-28,0.0013814304001683287,bitcoin
2014-08-29,-0.008428463582594489,bitcoin
2014-08-30,-0.05395538499161026,bitcoin
2014-08-31,-0.006054764542059595,bitcoin
2014-09-01,0.005349133235752607,bitcoin
2014-09-02,3.3508199855411856e-4,bitcoin
2014-09-03,0.02496703483924061,bitcoin
2014-09-04,-0.012986780848225004,bitcoin
2014-09-05,0.0030737869931300103,bitcoin
2014-09-06,-0.005277543675189688,bitcoin
2014-09-07,-0.016048385795818063,bitcoin
2014-09-08,0.001389686390187135,bitcoin
2014-09-09,0.008587769854760485,bitcoin
2014-09-10,8.132226018290133e-4,bitcoin
2014-09-11,-0.00416919259183722,bitcoin
2014-09-12,0.002610959212517341,bitcoin
2014-09-13,-0.002320040365291864,bitcoin
2014-09-14,-0.005289205538501076,bitcoin
2014-09-15,-0.019787597516086133,bitcoin
2014-09-16,-0.018893949002992134,bitcoin
2014-09-17,-0.0746433511491128,bitcoin
2014-09-18,-0.07240150831605888,bitcoin
2014-09-19,0.03511123892412099,bitcoin
2014-09-20,-0.02496765857307395,bitcoin
2014-09-21,0.00831741584768308,bitcoin
2014-09-22,0.0803325898083584,bitcoin
2014-09-23,-0.029306072957966705,bitcoin
2014-09-24,-0.027867817193135275,bitcoin
2014-09-25,-0.017522571265203707,bitcoin
2014-09-26,-0.012202475999449059,bitcoin
2014-09-27,-0.057538621345135876,bitcoin
2014-09-28,-0.004554565208366319,bitcoin
2014-09-29,0.03010936786856667,bitcoin
2014-09-30,-0.008640560327246577,bitcoin
2014-10-01,-0.022521436563671993,bitcoin
2014-10-02,-0.042370445494239344,bitcoin
2014-10-03,-0.08909717316308485,bitcoin
2014-10-04,-0.025736857208570506,bitcoin
2014-10-05,0.029418542484264783,bitcoin
2014-10-06,0.018335537549814533,bitcoin
2014-10-07,0.04863049010736533,bitcoin
2014-10-08,0.033670508865278816,bitcoin
2014-10-09,-0.009535019685834064,bitcoin
2014-10-10,0.0020363018397170983,bitcoin
2014-10-11,0.043875683802521714,bitcoin
2014-10-12,0.030862165749518135,bitcoin
2014-10-13,0.02642945473548083,bitcoin
2014-10-14,-0.015326230901988007,bitcoin
2014-10-15,-0.03143589499603192,bitcoin
2014-10-16,0.0031370869973509708,bitcoin
2014-10-17,0.01982518661865943,bitcoin
2014-10-18,-0.004855387987248491,bitcoin
2014-10-19,-0.017351722052635424,bitcoin
2014-10-20,0.009436987957940542,bitcoin
2014-10-21,-0.008619789324230642,bitcoin
2014-10-22,-0.06675031813656661,bitcoin
2014-10-23,-2.0087830466501724e-4,bitcoin
2014-10-24,-0.031390769190061896,bitcoin
2014-10-25,0.02117822335213125,bitcoin
2014-10-26,-0.004846733365265389,bitcoin
2014-10-27,0.013028475982747301,bitcoin
2014-10-28,-0.06357224291080754,bitcoin
2014-10-29,0.028534896464053154,bitcoin
2014-10-30,-0.02043287172526377,bitcoin
2014-10-31,-0.03786806709063409,bitcoin
2014-11-01,4.3890846439832937e-4,bitcoin
2014-11-02,0.005086850113050324,bitcoin
2014-11-03,0.00892958354272898,bitcoin
2014-11-04,0.026850220194618635,bitcoin
2014-11-05,0.02846986043928762,bitcoin
2014-11-06,-0.019879070506612667,bitcoin
2014-11-07,0.008934452738106695,bitcoin
2014-11-08,0.050171934079748105,bitcoin
2014-11-09,0.010024909256209009,bitcoin
2014-11-10,0.0020990373440050456,bitcoin
2014-11-11,0.14144374235961832,bitcoin
2014-11-12,-0.006694405456418829,bitcoin
2014-11-13,-0.05600854991385087,bitcoin
2014-11-14,-0.05605180451605699,bitcoin
2014-11-15,0.030758347508822503,bitcoin
2014-11-16,-0.001222765922151031,bitcoin
2014-11-17,-0.032024492730140096,bitcoin
2014-11-18,0.01417681283698561,bitcoin
2014-11-19,-0.06154474536823563,bitcoin
2014-11-20,-0.01973289061364402,bitcoin
2014-11-21,0.005888382124290952,bitcoin
2014-11-22,0.04068049266763092,bitcoin
2014-11-23,0.025060623015401295,bitcoin
2014-11-24,-0.0041289819040975315,bitcoin
2014-11-25,-0.01876571959489061,bitcoin
2014-11-26,0.0035228975122521106,bitcoin
2014-11-27,0.01816649098498885,bitcoin
2014-11-28,-0.002542747360248534,bitcoin
2014-11-29,0.0067840230425822365,bitcoin
2014-11-30,0.0031639025861010042,bitcoin
2014-12-01,0.00544339024434925,bitcoin
2014-12-02,-0.016673093272971323,bitcoin
2014-12-03,-0.014520545533765628,bitcoin
2014-12-04,0.01942568211280554,bitcoin
2014-12-05,-0.005505316911596598,bitcoin
2014-12-06,8.267924847725629e-4,bitcoin
2014-12-07,-0.03578654091026487,bitcoin
2014-12-08,-0.027139664971780157,bitcoin
2014-12-09,-0.01676002046463913,bitcoin
2014-12-10,0.011884754732814959,bitcoin
2014-12-11,0.005791883069562527,bitcoin
2014-12-12,-0.01476195475679966,bitcoin
2014-12-13,0.012177354377900598,bitcoin
2014-12-14,-0.018041220652273933,bitcoin
2014-12-15,-0.05439412969719031,bitcoin
2014-12-16,0.01073867829905322,bitcoin;xrp
2014-12-17,-0.010324042691799625,bitcoin;xrp
2014-12-18,0.020492107904664634,bitcoin
2014-12-19,0.03728162170115314,bitcoin;xrp
2014-12-20,-0.019448287049215814,bitcoin;xrp
2014-12-21,0.03258523977372605,bitcoin;xrp
2014-12-22,0.0080605807817817135,bitcoin
2014-12-23,-0.03664352960543368,bitcoin
2014-12-24,-0.004717720741915545,bitcoin;xrp
2014-12-25,0.030509801196398647,bitcoin;xrp
2014-12-26,-0.03931936699984711,bitcoin;xrp
2014-12-27,0.0018336188290424837,bitcoin;xrp
2014-12-28,-0.009427707610779004,bitcoin;xrp
2014-12-29,-0.005462482354591436,bitcoin;xrp
2014-12-30,0.026997700238959206,bitcoin;xrp
2014-12-31,-0.01622981742760536,bitcoin;xrp
2015-01-01,0.0024886192859069145,bitcoin
2015-01-02,-0.11402781772487408,bitcoin
2015-01-03,-0.061958949741237106,bitcoin
2015-01-04,0.038169040661944036,bitcoin
2015-01-05,0.04179588027710693,bitcoin
2015-01-06,0.028072972952727336,bitcoin
2015-01-07,-0.038046038508248475,bitcoin
2015-01-08,0.02460744467281687,bitcoin
2015-01-09,-0.055257826856217995,bitcoin
2015-01-10,-0.03381165828593181,bitcoin
2015-01-11,0.008008149758007123,bitcoin
2015-01-12,-0.1703057269491868,bitcoin
2015-01-13,-0.2375577154949675,bitcoin
2015-01-14,0.16400235279375178,bitcoin
2015-01-15,-0.008360051860537825,bitcoin
2015-01-16,-0.04339384068762892,bitcoin
2015-01-17,0.05411005929735446,bitcoin
2015-01-18,0.021270735850296936,bitcoin
2015-01-19,-0.016641349425586174,bitcoin
2015-01-20,0.07114626123189889,bitcoin
2015-01-21,0.028283267564135618,bitcoin
2015-01-22,-0.002260455631056658,bitcoin
2015-01-23,0.06229262485500043,bitcoin
2015-01-24,0.02341180237978308,bitcoin
2015-01-25,0.07497944406551525,bitcoin
2015-01-26,-0.03724435725066398,bitcoin
2015-01-27,-0.11900073718372521,bitcoin
2015-01-28,-0.0017200206331716495,bitcoin
2015-01-29,-0.030823974429283238,bitcoin
2015-01-30,-0.040380437381922075,bitcoin
2015-01-31,0.04279332203645734,bitcoin
2015-02-01,0.048405749945781354,bitcoin
2015-02-02,-0.047102450864592436,bitcoin
2015-02-03,-0.0018277448452071287,bitcoin
2015-02-04,-0.04389350799366023,bitcoin
2015-02-05,0.02346618327576393,bitcoin
2015-02-06,0.024391197543775,bitcoin
2015-02-07,-0.01924847747993695,bitcoin
2015-02-08,-0.014890187808492874,bitcoin
2015-02-09,-0.001231943361234132,bitcoin
2015-02-10,-0.0029793698690313447,bitcoin
2015-02-11,0.01169767654816758,bitcoin
2015-02-12,0.059787107445462194,bitcoin
2015-02-13,0.08892349379437395,bitcoin
2015-02-14,-0.0914838458403914,bitcoin
2015-02-15,-0.004190582960648084,bitcoin
2015-02-16,0.04091862847807078,bitcoin
2015-02-17,-0.03035636359301185,bitcoin
2015-02-18,0.01660519034163723,bitcoin
2015-02-19,0.014444690551721866,bitcoin
2015-02-20,0.0030922388718868645,bitcoin
2015-02-21,-0.03561998071571633,bitcoin
2015-02-22,0.012277195944182395,bitcoin
2015-02-23,-6.574070838349864e-4,bitcoin
2015-02-24,-0.00531284787165597,bitcoin
2015-02-25,-0.004406063968808295,bitcoin
2015-02-26,0.0710216429479157,bitcoin
2015-02-27,0.0017122824925255506,bitcoin
2015-02-28,0.023089070174478074,bitcoin
2015-03-01,0.05774631039696753,bitcoin
2015-03-02,0.021645212985104193,bitcoin
2015-03-03,-0.031040986682631087,bitcoin
2015-03-04,0.011236844892179626,bitcoin
2015-03-05,-0.01258901956372502,bitcoin
2015-03-06,0.012889423033504417,bitcoin
2015-03-07,-0.0069267640016226545,bitcoin
2015-03-08,0.05410555539095328,bitcoin
2015-03-09,0.007406767027779299,bitcoin
2015-03-10,0.015707453323919835,bitcoin
2015-03-11,-0.006855895378516471,bitcoin
2015-03-12,-0.03111218037963215,bitcoin
2015-03-13,-0.012171736547564786,bitcoin
2015-03-14,0.015865791211336064,bitcoin
2015-03-15,0.014558606023232638,bitcoin
2015-03-16,-0.017664059044655404,bitcoin
2015-03-17,-0.10791478367723599,bitcoin
2015-03-18,0.01789976631364528,bitcoin
2015-03-19,0.003141460438501996,bitcoin
2015-03-20,-0.00660824548834791,bitcoin
2015-03-21,0.030059926984898056,bitcoin
2015-03-22,-0.004563319168035814,bitcoin
2015-03-23,-0.08259052185337248,bitcoin
2015-03-24,0.002448211017963904,bitcoin
2015-03-25,0.009439546802109426,bitcoin
2015-03-26,-0.00606583374031002,bitcoin
2015-03-27,0.023085000457146777,bitcoin
2015-03-28,-0.04071110245978894,bitcoin
2015-03-29,0.019635966134757273,bitcoin
2015-03-30,-0.01342979799489767,bitcoin
2015-03-31,0.012403125199210888,bitcoin
2015-04-01,0.022920312531175935,bitcoin
2015-04-02,0.005191934481728019,bitcoin
2015-04-03,-0.002460539074354607,bitcoin
2015-04-04,0.02683829306371009,bitcoin
2015-04-05,-0.019787843949291253,bitcoin
2015-04-06,-0.009090445919246298,bitcoin
2015-04-07,-0.03275265389505184,bitcoin
2015-04-08,-0.0055085623833670255,bitcoin
2015-04-09,-0.031702583387337446,bitcoin
2015-04-10,0.002031195555970221,bitcoin
2015-04-11,-0.0016881656357104126,bitcoin
2015-04-12,-0.05021671457958945,bitcoin
2015-04-13,-0.02446570676738572,bitcoin
2015-04-14,0.02110272663619963,bitcoin
2015-04-15,0.02095542078058856,bitcoin
2015-04-16,-0.02521312519582588,bitcoin
2015-04-17,0.002124423265916858,bitcoin
2015-04-18,-0.003390457413682234,bitcoin
2015-04-19,0.00906036221695331,bitcoin
2015-04-20,0.046292699936516114,bitcoin
2015-04-21,-0.0046565809110987915,bitcoin
2015-04-22,0.009714594733141834,bitcoin
2015-04-23,-0.022210307810358515,bitcoin
2015-04-24,-0.02131806137975318,bitcoin
2015-04-25,-0.031225931376502918,bitcoin
2015-04-26,0.0439368712459237,bitcoin
2015-04-27,-0.015076931389290938,bitcoin
2015-04-28,-2.0810680110583022e-4,bitcoin
2015-04-29,0.04476096650239282,bitcoin
2015-04-30,-0.017368232899846472,bitcoin
2015-05-01,0.012209757927307927,bitcoin
2015-05-02,0.022841919434420148,bitcoin
2015-05-03,-0.005590600314651925,bitcoin
2015-05-04,-0.012194490570609031,bitcoin
2015-05-05,-0.027213371532442493,bitcoin
2015-05-06,0.03233740691413454,bitcoin
2015-05-07,0.027138189042059217,bitcoin
2015-05-08,-0.008363345997296084,bitcoin
2015-05-09,-0.006371754642045784,bitcoin
2015-05-10,0.007718906748094197,bitcoin
2015-05-11,-0.0043288715342883165,bitcoin
2015-05-12,-0.019833570375392576,bitcoin
2015-05-13,0.0023325383733118687,bitcoin
2015-05-14,0.002849091256438125,bitcoin
2015-05-15,-0.0061297135222325525,bitcoin
2015-05-16,0.002744457633588712,bitcoin
2015-05-17,-0.015636672562811434,bitcoin
2015-05-18,-0.0050787604723572044,bitcoin
2015-05-19,0.008889134295069547,bitcoin
2015-05-20,0.005650190251965527,bitcoin
2015-05-21,0.021039654392580702,bitcoin
2015-05-22,-0.006160084500712822,bitcoin
2015-05-23,0.008674087311868247,bitcoin
2015-05-24,-0.016077734830332657,bitcoin
2015-05-25,2.5290490721998437e-5,bitcoin
2015-05-26,7.040801197669717e-4,bitcoin
2015-05-27,5.266583962282316e-4,bitcoin
2015-05-28,-0.001315106996416009,bitcoin
2015-05-29,-0.015947042706873096,bitcoin
2015-05-30,-0.013612984892941857,bitcoin
2015-05-31,-0.03206521063787169,bitcoin
2015-06-01,0.012823055324421764,bitcoin
2015-06-02,3.143801795365405e-4,bitcoin
2015-06-03,-0.006885832118170049,bitcoin
2015-06-04,0.002795569450514735,bitcoin
2015-06-05,0.002960722881886112,bitcoin
2015-06-06,-0.01220976859099296,bitcoin
2015-06-07,0.024850080233505392,bitcoin
2015-06-08,0.002443544510348533,bitcoin
2015-06-09,-0.0010702625985222912,bitcoin
2015-06-10,0.003934540854167086,bitcoin
2015-06-11,0.0012051366841238653,bitcoin
2015-06-12,0.010467578166216547,bitcoin
2015-06-13,0.004897611391334578,bitcoin
2015-06-14,0.013946807230282961,bitcoin
2015-06-15,0.057721523520085895,bitcoin
2015-06-16,-0.006441746889103034,bitcoin
2015-06-17,-0.0011117713389464465,bitcoin
2015-06-18,-0.01783225944160742,bitcoin
2015-06-19,0.002474401130114127,bitcoin
2015-06-20,-0.005184473648945494,bitcoin
2015-06-21,0.01240918046293706,bitcoin
2015-06-22,-0.010967245914642682,bitcoin
2015-06-23,-0.015598171179010913,bitcoin
2015-06-24,0.009451468844259814,bitcoin
2015-06-25,0.003268956966947473,bitcoin
2015-06-26,0.029910238650230674,bitcoin
2015-06-27,-0.007916041018221309,bitcoin
2015-06-28,0.0318279845169315,bitcoin
2015-06-29,0.023102661546839195,bitcoin
2015-06-30,-0.01706404659893035,bitcoin
2015-07-01,-0.012485740380648432,bitcoin
2015-07-02,0.0036111405372077393,bitcoin
2015-07-03,0.0175943997009921,bitcoin
2015-07-04,0.04139866364925974,bitcoin
2015-07-05,-0.010659248530597194,bitcoin
2015-07-06,-0.010548688625087448,bitcoin
2015-07-07,0.017050957210628558,bitcoin
2015-07-08,-0.005766569134916551,bitcoin
2015-07-09,0.05655863250544939,bitcoin
2015-07-10,0.028447765197687228,bitcoin
2015-07-11,0.05880019194947673,bitcoin
2015-07-12,-0.06242651475614335,bitcoin
2015-07-13,-0.01584106971983817,bitcoin
2015-07-14,-0.005703832709444246,bitcoin
2015-07-15,-0.027452597215681475,bitcoin
2015-07-16,0.004960886812489839,bitcoin
2015-07-17,-0.016491018120692345,bitcoin
2015-07-18,-0.004692632405810226,bitcoin
2015-07-19,0.01942523051525398,bitcoin
2015-07-20,-0.011347996066550323,bitcoin
2015-07-21,0.00502293619804382,bitcoin
2015-07-22,-0.00424014777016795,bitcoin
2015-07-23,0.043346917965679924,bitcoin
2015-07-24,0.0014523190755611174,bitcoin
2015-07-25,0.01372271394385294,bitcoin
2015-07-26,0.0031996352964808396,bitcoin
2015-07-27,0.002731088083610243,bitcoin
2015-07-28,-0.01656498435669748,bitcoin
2015-07-29,-0.006471433314039312,bitcoin
2015-07-30,-0.010734349613815723,bitcoin
2015-07-31,-0.010769111724429105,bitcoin
2015-08-01,0.00359083515525162,bitcoin
2015-08-02,-0.00491992145021759,bitcoin
2015-08-03,0.014091618850421733,bitcoin
2015-08-04,-0.01176525184162681,bitcoin
2015-08-05,-0.01179401554046085,bitcoin
2015-08-06,0.003611842885169838,bitcoin
2015-08-07,-0.06879738173969864,bitcoin
2015-08-08,0.015534065416669443,bitcoin
2015-08-09,-0.002315186034852861,bitcoin
2015-08-10,0.0221226891849257,bitcoin
2015-08-11,-0.014941646018986862,bitcoin
2015-08-12,-0.008656834399289699,bitcoin
2015-08-13,0.006040512802895468,bitcoin
2015-08-14,-0.015663275932990797,bitcoin
2015-08-15,-0.011706545070195418,bitcoin
2015-08-16,-0.002056120054704497,bitcoin
2015-08-17,-0.20063416232434056,bitcoin
2015-08-18,0.07132455635772462,bitcoin
2015-08-19,0.03751679130463318,bitcoin
2015-08-20,-0.011886837539076395,bitcoin
2015-08-21,-0.009413433789180215,bitcoin
2015-08-22,-0.00968691218167908,bitcoin
2015-08-23,-0.08062473359647304,bitcoin
2015-08-24,0.051452661898155796,bitcoin
2015-08-25,0.018872365248247536,bitcoin
2015-08-26,-0.004713708157371849,bitcoin
2015-08-27,0.02905731598096081,bitcoin
2015-08-28,-0.00700818753170439,bitcoin
2015-08-29,-0.004444526744650592,bitcoin
2015-08-30,0.005644959118902149,bitcoin
2015-08-31,-0.00844655691837487,bitcoin
2015-09-01,0.00508519536943938,bitcoin
2015-09-02,-0.009205540744832196,bitcoin
2015-09-03,0.01361828629277421,bitcoin
2015-09-04,0.02029220950744548,bitcoin
2015-09-05,0.020305669091908677,bitcoin
2015-09-06,2.920147618014868e-5,bitcoin
2015-09-07,0.015555028445309997,bitcoin
2015-09-08,-0.022579945075342757,bitcoin
2015-09-09,0.0012965866748638347,bitcoin
2015-09-10,0.00681174434519339,bitcoin
2015-09-11,-0.020525110601728742,bitcoin
2015-09-12,-0.02025663112705936,bitcoin
2015-09-13,5.724908295494867e-4,bitcoin
2015-09-14,-0.0014752050166170528,bitcoin
2015-09-15,-0.00528085958345531,bitcoin
2015-09-16,0.0031335504930041485,bitcoin
2015-09-17,0.013678307924552722,bitcoin
2015-09-18,-0.006381558728609137,bitcoin
2015-09-19,-0.0012145562897738753,bitcoin
2015-09-20,-0.018010636553893223,bitcoin
2015-09-21,0.015438219324142044,bitcoin
2015-09-22,-0.0014536376071146986,bitcoin
2015-09-23,0.01827026927096558,bitcoin
2015-09-24,0.002618803211762286,bitcoin
2015-09-25,-0.0034250438845720593,bitcoin
2015-09-26,-0.006778029461661232,bitcoin
2015-09-27,0.027062503460857097,bitcoin
2015-09-28,-0.010318932398688646,bitcoin
2015-09-29,-0.002652578554585843,bitcoin
2015-09-30,0.00628790136759223,bitcoin
2015-10-01,-0.0010782396311548304,bitcoin
2015-10-02,0.006037526926598178,bitcoin
2015-10-03,-0.0019748597835278223,bitcoin
2015-10-04,0.008875137866997963,bitcoin
2015-10-05,0.023354148687372393,bitcoin
2015-10-06,-0.012653776022263556,bitcoin
2015-10-07,-0.0027406993968870827,bitcoin
2015-10-08,0.006692257742147702,bitcoin
2015-10-09,0.004131944378584445,bitcoin
2015-10-10,0.008573415850627014,bitcoin
2015-10-11,-0.0070761992592280375,bitcoin
2015-10-12,0.016976402807629142,bitcoin
2015-10-13,0.009894468274426856,bitcoin
2015-10-14,0.009207915934145782,bitcoin
2015-10-15,0.03306241831532519,bitcoin
2015-10-16,0.029133814880465788,bitcoin
2015-10-17,-0.03380857890518242,bitcoin
2015-10-18,0.006833295002933738,bitcoin
2015-10-19,0.022616842061684787,bitcoin
2015-10-20,-0.011912782119514609,bitcoin
2015-10-21,0.028693727253451113,bitcoin
2015-10-22,0.008984280367725186,bitcoin
2015-10-23,0.01848297553345555,bitcoin
2015-10-24,0.007167478715327569,bitcoin
2015-10-25,0.005694398925543398,bitcoin
2015-10-26,0.029317184247977805,bitcoin
2015-10-27,0.03620017059664361,bitcoin
2015-10-28,0.029872560540800824,bitcoin
2015-10-29,0.04412825288517566,bitcoin
2015-10-30,-0.043137922471224444,bitcoin
2015-10-31,0.035228995628167,bitcoin
2015-11-01,0.1042508973337004,bitcoin
2015-11-02,0.11056939286694398,bitcoin
2015-11-03,0.019991331284424322,bitcoin
2015-11-04,-0.06320802060226138,bitcoin
2015-11-05,-0.03124236154397994,bitcoin
2015-11-06,0.03157358504809397,bitcoin
2015-11-07,-0.034520722061763216,bitcoin
2015-11-08,0.0182827505499263,bitcoin
2015-11-09,-0.12130161493215239,bitcoin
2015-11-10,-0.07948267475736957,bitcoin
2015-11-11,0.08343250231779198,bitcoin
2015-11-12,-0.0041458259763200575,bitcoin
2015-11-13,-0.011489510937704853,bitcoin
2015-11-14,-0.039020620675524184,bitcoin
2015-11-15,0.03252628305396386,bitcoin
2015-11-16,0.013045224165949651,bitcoin
2015-11-17,-0.0015051812646541577,bitcoin
2015-11-18,-0.02555159898802231,bitcoin
2015-11-19,-0.012734415693781217,bitcoin
2015-11-20,0.015117034311328421,bitcoin
2015-11-21,-0.007340407360545148,bitcoin
2015-11-22,-0.004601806040874203,bitcoin
2015-11-23,-0.009329992771022064,bitcoin
2015-11-24,0.025176736497335456,bitcoin
2015-11-25,0.07193100419952747,bitcoin
2015-11-26,0.015077831251654445,bitcoin
2015-11-27,-0.0018478030726856915,bitcoin
2015-11-28,0.03819174564638537,bitcoin
2015-11-29,0.016102103514836437,bitcoin
2015-11-30,-0.040104933740254985,bitcoin
2015-12-01,-0.00914821162113144,bitcoin
2015-12-02,0.00516216945115583,bitcoin
2015-12-03,0.005901531467640918,bitcoin
2015-12-04,0.06854136502553627,bitcoin
2015-12-05,-4.269224582968289e-4,bitcoin
2015-12-06,0.017220513895786133,bitcoin
2015-12-07,0.049392364906732926,bitcoin
2015-12-08,0.004801203895182318,bitcoin
2015-12-09,-0.005003322142095111,bitcoin
2015-12-10,0.08411289544843278,bitcoin
2015-12-11,-0.03820582051189206,bitcoin
2015-12-12,-0.002859286011255028,bitcoin
2015-12-13,0.023754533912684724,bitcoin
2015-12-14,0.04649311721870654,bitcoin
2015-12-15,-0.022575188405588493,bitcoin
2015-12-16,0.002511521386813966,bitcoin
2015-12-17,0.016392763646515804,bitcoin
2015-12-18,-0.0027950191189675395,bitcoin
2015-12-19,-0.04340314781102925,bitcoin
2015-12-20,-0.009181682084705278,bitcoin
2015-12-21,-0.004723479134066274,bitcoin
2015-12-22,0.013263423371338736,bitcoin
2015-12-23,0.028047706368311227,bitcoin
2015-12-24,0.0014671689619242176,bitcoin
2015-12-25,-0.08798853937522241,bitcoin
2015-12-26,0.013210598374534796,bitcoin
2015-12-27,-0.0012874337759013123,bitcoin
2015-12-28,0.02503225684427143,bitcoin
2015-12-29,-0.014804794390460799,bitcoin
2015-12-30,0.009209236604599321,bitcoin
2015-12-31,0.008710945240375757,bitcoin
2016-01-01,-0.0020651206226171004,bitcoin
2016-01-02,-0.00793797907926003,bitcoin
2016-01-03,0.0071371175150894564,bitcoin
2016-01-04,-0.0026149038936785344,bitcoin
2016-01-05,-0.006631301754948213,bitcoin
2016-01-06,0.06527232134927353,bitcoin
2016-01-07,-0.010574244034202046,bitcoin
2016-01-08,-0.012475212401772295,bitcoin
2016-01-09,8.486021917214006e-4,bitcoin
2016-01-10,9.750167058621778e-4,bitcoin
2016-01-11,-0.028817166747452813,bitcoin
2016-01-12,-0.00764696582350848,bitcoin
2016-01-13,-0.004787438127602101,bitcoin
2016-01-14,-0.16643380526679252,bitcoin
2016-01-15,0.06174599774975677,bitcoin
2016-01-16,-0.013605721094830431,bitcoin
2016-01-17,0.01265565113901093,bitcoin
2016-01-18,-0.018295459017058993,bitcoin
2016-01-19,0.10023896012965806,bitcoin
2016-01-20,-0.024006242647822505,bitcoin
2016-01-21,-0.07008821442784118,bitcoin
2016-01-22,0.012984866282425789,bitcoin
2016-01-23,0.03917200387190717,bitcoin
2016-01-24,-0.028301970204996987,bitcoin
2016-01-25,0.001089458908601727,bitcoin
2016-01-26,0.007162729626903832,bitcoin
2016-01-27,-0.03788334415472328,bitcoin
2016-01-28,-0.0021454131182589505,bitcoin
2016-01-29,-0.0032174964556724917,bitcoin
2016-01-30,-0.025403580608572705,bitcoin
2016-01-31,0.011563538116827537,bitcoin
2016-02-01,0.003724394529363317,bitcoin
2016-02-02,-0.012087764139531037,bitcoin
2016-02-03,0.05173998404076394,bitcoin
2016-02-04,-0.007846488370433684,bitcoin
2016-02-05,-0.026282180931928936,bitcoin
2016-02-06,2.602216957104439e-4,bitcoin
2016-02-07,-0.008460639214510499,bitcoin
2016-02-08,0.006890176622197774,bitcoin
2016-02-09,0.01483505749511763,bitcoin
2016-02-10,-0.005241013735869015,bitcoin
2016-02-11,0.012066925498049885,bitcoin
2016-02-12,0.01957738050321316,bitcoin
2016-02-13,0.03847356761007864,bitcoin
2016-02-14,-0.017451229283836436,bitcoin
2016-02-15,0.01808456648408848,bitcoin
2016-02-16,0.02144747704066552,bitcoin
2016-02-17,0.014429798757264488,bitcoin
2016-02-18,-0.0037667532658235453,bitcoin
2016-02-19,0.03818639098193561,bitcoin
2016-02-20,0.0037307658788383437,bitcoin
2016-02-21,-0.002395809974242633,bitcoin
2016-02-22,-0.039637829376648434,bitcoin
2016-02-23,0.009977708754387173,bitcoin
2016-02-24,-9.675826812959076e-4,bitcoin
2016-02-25,0.017761730167279187,bitcoin
2016-02-26,8.488879768942041e-4,bitcoin
2016-02-27,0.00227473349914313,bitcoin
2016-02-28,0.009625851196113843,bitcoin
2016-02-29,-0.005898152328037291,bitcoin
2016-03-01,-0.02592117345262759,bitcoin
2016-03-02,-0.00552958377586459,bitcoin
2016-03-03,-0.025733186267628178,bitcoin
2016-03-04,-0.02555622265814246,bitcoin
2016-03-05,0.0176602299181263,bitcoin
2016-03-06,0.016092289510549418,bitcoin
2016-03-07,-8.427683488017863e-4,bitcoin
2016-03-08,0.002142776485420153,bitcoin
2016-03-09,0.005459271215753533,bitcoin
2016-03-10,0.010870102895981832,bitcoin
2016-03-11,0.007864871962090866,bitcoin;ethereum
2016-03-12,0.015160523947475843,bitcoin;ethereum
2016-03-13,-0.01487465941091092,bitcoin;ethereum
2016-03-14,0.0068025681463036265,bitcoin;ethereum
2016-03-15,-0.004693135182070709,bitcoin;ethereum
2016-03-16,0.00861962835717095,bitcoin
2016-03-17,-0.026678073244304212,bitcoin
2016-03-18,0.0021853785049013087,bitcoin
2016-03-19,0.008034521831517876,bitcoin
2016-03-20,-0.0010833482480591121,bitcoin
2016-03-21,0.011503628063982675,bitcoin
2016-03-22,0.012605878770467626,bitcoin;ethereum
2016-03-23,-0.003947520896747138,bitcoin
2016-03-24,0.0018786395367703626,bitcoin
2016-03-25,0.001839265590117916,bitcoin
2016-03-26,0.020883682321552854,bitcoin
2016-03-27,-0.005955455919128399,bitcoin
2016-03-28,-0.018353233713136397,bitcoin
2016-03-29,-0.004089783762539357,bitcoin
2016-03-30,0.004601068441808136,bitcoin
2016-03-31,0.002949573908618331,bitcoin
2016-04-01,0.0069453780987573785,bitcoin
2016-04-02,7.366763463813776e-5,bitcoin
2016-04-03,0.0012821509021023662,bitcoin
2016-04-04,0.0061172942100292445,bitcoin
2016-04-05,-0.0014561557733114784,bitcoin
2016-04-06,-0.0015788999564155667,bitcoin
2016-04-07,-0.0056838325521467855,bitcoin
2016-04-08,-0.0022339446041216137,bitcoin
2016-04-09,0.005120221902307896,bitcoin
2016-04-10,0.0021776197630052558,bitcoin
2016-04-11,0.006386920242373252,bitcoin
2016-04-12,-0.0034302129770952304,bitcoin
2016-04-13,0.001292438380031901,bitcoin
2016-04-14,0.012719214540572028,bitcoin
2016-04-15,0.0019969627583895115,bitcoin
2016-04-16,-0.007396563983125579,bitcoin
2016-04-17,0.00278511988627867,bitcoin
2016-04-18,0.01601237595275256,bitcoin
2016-04-19,0.013411121805416575,bitcoin
2016-04-20,0.01804237081905875,bitcoin
2016-04-21,-0.008239869878414425,bitcoin
2016-04-22,0.010144991001214897,bitcoin
2016-04-23,0.018206143015571826,bitcoin
2016-04-24,0.0062414583697569205,bitcoin
2016-04-25,0.010054896687625055,bitcoin
2016-04-26,-0.04700588971550548,bitcoin
2016-04-27,0.009676665628300303,bitcoin
2016-04-28,0.01346319390302012,bitcoin
2016-04-29,-0.015007762991080925,bitcoin
2016-04-30,0.007902806121434654,bitcoin
2016-05-01,-0.01607539346791291,bitcoin
2016-05-02,0.012592678801921007,bitcoin
2016-05-03,-0.007986434929679678,bitcoin
2016-05-04,0.002803245663310742,bitcoin
2016-05-05,0.025623377482247606,bitcoin
2016-05-06,-0.0023242375185745425,bitcoin
2016-05-07,2.61555277507872e-5,bitcoin
2016-05-08,0.00421095785794062,bitcoin
2016-05-09,-0.021041470263261277,bitcoin
2016-05-10,0.0040570245675789875,bitcoin
2016-05-11,0.0044914849854150425,bitcoin
2016-05-12,0.001985911166307596,bitcoin
2016-05-13,2.143133023365203e-6,bitcoin
2016-05-14,0.004154456691703064,bitcoin
2016-05-15,-0.007469340532438218,bitcoin
2016-05-16,-8.37065005479033e-4,bitcoin
2016-05-17,0.001840592142653767,bitcoin
2016-05-18,-0.017697661522064426,bitcoin;ethereum
2016-05-19,0.00898812273050371,bitcoin
2016-05-20,0.004840408794576722,bitcoin;ethereum
2016-05-21,-0.004750981698278451,bitcoin;ethereum
2016-05-22,0.010938696675602563,bitcoin
2016-05-23,0.004102724435034147,bitcoin
2016-05-24,0.008079749908481017,bitcoin
2016-05-25,0.008383382240334305,bitcoin
2016-05-26,0.0433364030342634,bitcoin
2016-05-27,0.11287657646147926,bitcoin
2016-05-28,-0.007208408249791798,bitcoin
2016-05-29,0.01439712479286044,bitcoin
2016-05-30,-0.004652488737244375,bitcoin
2016-05-31,0.010360414042649124,bitcoin
2016-06-01,0.0019574102710444774,bitcoin
2016-06-02,0.05641478580221573,bitcoin
2016-06-03,0.006187873623648194,bitcoin
2016-06-04,0.003920876676725658,bitcoin
2016-06-05,0.01819933104732252,bitcoin
2016-06-06,-0.015385797185718045,bitcoin
2016-06-07,0.008716773545044467,bitcoin
2016-06-08,-0.012133965657612931,bitcoin
2016-06-09,0.004930078348672319,bitcoin
2016-06-10,0.0494224778454973,bitcoin
2016-06-11,0.10334540197578494,bitcoin
2016-06-12,0.04588794913447806,bitcoin
2016-06-13,-0.027077676729191487,bitcoin
2016-06-14,0.012912921843816963,bitcoin
2016-06-15,0.09843663970117314,bitcoin
2016-06-16,-0.022966679788023966,bitcoin
2016-06-17,0.009724105855141593,bitcoin
2016-06-18,0.009939524431561902,bitcoin
2016-06-19,-0.03538659489140409,bitcoin
2016-06-20,-0.10062637470041126,bitcoin
2016-06-21,-0.11183281125127699,bitcoin
2016-06-22,0.04567816659402186,bitcoin
2016-06-23,0.06412308826315331,bitcoin
2016-06-24,-2.6461587693953265e-4,bitcoin
2016-06-25,-0.05525740531722268,bitcoin
2016-06-26,0.04034047275844652,bitcoin
2016-06-27,-0.012707228240128399,bitcoin
2016-06-28,-0.011051494396355117,bitcoin
2016-06-29,0.05094960079987889,bitcoin
2016-06-30,0.00438497007868237,bitcoin
2016-07-01,0.03972412820581753,bitcoin
2016-07-02,-0.06614146528554755,bitcoin
2016-07-03,0.037250081600443435,bitcoin
2016-07-04,-0.019250508084830767,bitcoin
2016-07-05,0.009946948982782498,bitcoin
2016-07-06,-0.05581413144872323,bitcoin
2016-07-07,0.039728728712596674,bitcoin
2016-07-08,-0.023626432891973755,bitcoin
2016-07-09,-0.0024609902479937593,bitcoin
2016-07-10,-0.00262292189780882,bitcoin
2016-07-11,0.025747344854128332,bitcoin
2016-07-12,-0.015288944121918389,bitcoin
2016-07-13,0.005500751056112672,bitcoin
2016-07-14,0.007836069201592428,bitcoin
2016-07-15,-0.003758213895649774,bitcoin
2016-07-16,0.027895545199177082,bitcoin
2016-07-17,-0.009394022492963417,bitcoin
2016-07-18,-3.595984923902949e-4,bitcoin
2016-07-19,-0.010726667292070568,bitcoin
2016-07-20,-0.00101146042909638,bitcoin
2016-07-21,-0.021880875640594277,bitcoin
2016-07-22,0.007559530759966175,bitcoin
2016-07-23,0.008701094514196395,bitcoin
2016-07-24,-0.010929235856780514,bitcoin
2016-07-25,-0.00354242190968963,bitcoin
2016-07-26,0.003932203843837605,bitcoin
2016-07-27,0.0010432110288199287,bitcoin
2016-07-28,0.002983220215594417,bitcoin
2016-07-29,-0.0029648642255516236,bitcoin
2016-07-30,-0.04746581641346302,bitcoin
2016-07-31,-0.029912482748462612,bitcoin
2016-08-01,-0.10203010339081571,bitcoin
2016-08-02,0.03392247382404633,bitcoin
2016-08-03,0.02085269066209278,bitcoin
2016-08-04,-0.005628873840578756,bitcoin
2016-08-05,0.021904478933858215,bitcoin
2016-08-06,0.008322149488387115,bitcoin
2016-08-07,-0.0027640897762701696,bitcoin
2016-08-08,-0.005518912614202304,bitcoin
2016-08-09,0.007292153979202158,bitcoin
2016-08-10,-0.0050507626609956995,bitcoin
2016-08-11,-0.002653187514042608,bitcoin
2016-08-12,-0.0033602099289362897,bitcoin
2016-08-13,-0.026150611665070746,bitcoin
2016-08-14,-0.0056834032712171235,bitcoin
2016-08-15,0.017820376550850916,bitcoin
2016-08-16,-0.007340238932463075,bitcoin
2016-08-17,0.0019206229848235663,bitcoin
2016-08-18,0.0022818636846557716,bitcoin
2016-08-19,0.010484628874826232,bitcoin
2016-08-20,-6.690222292724762e-4,bitcoin
2016-08-21,0.0093232235063343,bitcoin
2016-08-22,-0.005705201028756219,bitcoin
2016-08-23,-0.0055568715846593675,bitcoin
2016-08-24,-0.0041815945169461416,bitcoin
2016-08-25,0.0032659352921712956,bitcoin
2016-08-26,-0.01688278823396345,bitcoin
2016-08-27,0.006932640596449483,bitcoin
2016-08-28,3.3972840021713534e-4,bitcoin
2016-08-29,0.005897840381725553,bitcoin
2016-08-30,-0.0035230737928421663,bitcoin
2016-08-31,-0.00552201346329938,bitcoin
2016-09-01,0.005634962090183928,bitcoin
2016-09-02,0.03864166859011385,bitcoin
2016-09-03,0.017271891548281917,bitcoin
2016-09-04,-0.003363902032143423,bitcoin
2016-09-05,0.006320259493092467,bitcoin
2016-09-06,0.006707126144522624,bitcoin
2016-09-07,0.01897446284334858,bitcoin
2016-09-08,-0.005531585770443665,bitcoin
2016-09-09,0.0010397382474077559,bitcoin
2016-09-10,-0.02729741326039321,bitcoin
2016-09-11,0.002508700102412155,bitcoin
2016-09-12,0.001639523954911744,bitcoin
2016-09-13,0.0023657090056009807,bitcoin
2016-09-14,-0.005795513907995908,bitcoin
2016-09-15,-2.998148953068307e-4,bitcoin
2016-09-16,-0.0016307484362537799,bitcoin
2016-09-17,0.006398819300120162,bitcoin
2016-09-18,-0.0010614932563546176,bitcoin
2016-09-19,-0.0015029961232346867,bitcoin
2016-09-20,-0.01852128609052915,bitcoin
2016-09-21,-0.0014261435255041252,bitcoin
2016-09-22,0.010914608078480825,bitcoin
2016-09-23,-3.5999324153504334e-4,bitcoin
2016-09-24,-0.0029897562715023593,bitcoin
2016-09-25,0.011940295680641913,bitcoin
2016-09-26,-0.00309175040736319,bitcoin
2016-09-27,-0.0023750863513258016,bitcoin
2016-09-28,0.001594430381461316,bitcoin
2016-09-29,0.0066511667655304455,bitcoin
2016-09-30,0.006942781023352468,bitcoin
2016-10-01,-0.005046962251320819,bitcoin
2016-10-02,0.002029340688880952,bitcoin
2016-10-03,-0.003156278103368618,bitcoin
2016-10-04,0.0037735852394499233,bitcoin
2016-10-05,8.323076059328522e-4,bitcoin
2016-10-06,0.006665882271834261,bitcoin
2016-10-07,0.0032146168948014395,bitcoin
2016-10-08,-0.003812664724247455,bitcoin
2016-10-09,0.0036285883913353568,bitcoin
2016-10-10,0.0350461990590869,bitcoin
2016-10-11,-0.007641377949773445,bitcoin
2016-10-12,9.332355640889572e-4,bitcoin
2016-10-13,0.005624946282912827,bitcoin
2016-10-14,-0.0027083083748617102,bitcoin
2016-10-15,0.004663039033963467,bitcoin
2016-10-16,-0.003806910666761179,bitcoin
2016-10-17,-0.0019308126118541863,bitcoin
2016-10-18,-0.011730713161844064,bitcoin
2016-10-19,5.342972035061835e-4,bitcoin
2016-10-20,0.0031194639533431243,bitcoin
2016-10-21,0.03793274874156413,bitcoin
2016-10-22,-3.3936153929456635e-4,bitcoin
2016-10-23,-0.005050234765243131,bitcoin
2016-10-24,0.005836794377432045,bitcoin
2016-10-25,0.03101697407945943,bitcoin
2016-10-26,0.014648070528283822,bitcoin
2016-10-27,0.001942014633543414,bitcoin
2016-10-28,0.0353679372752569,bitcoin
2016-10-29,-0.01781393867970011,bitcoin
2016-10-30,-0.00127175083867018,bitcoin
2016-10-31,0.04029305139629471,bitcoin
2016-11-01,0.01500882865115695,bitcoin
2016-11-02,-0.07296402147641838,bitcoin
2016-11-03,0.02088531649570101,bitcoin
2016-11-04,2.602552764093244e-4,bitcoin
2016-11-05,0.0114549471648428,bitcoin
2016-11-06,-0.011863106911276355,bitcoin
2016-11-07,0.009507701949775701,bitcoin
2016-11-08,0.01873586417560513,bitcoin
2016-11-09,-0.010757646118426787,bitcoin
2016-11-10,0.001224927305690707,bitcoin
2016-11-11,-0.015979621136033486,bitcoin
2016-11-12,-0.004296847536317404,bitcoin
2016-11-13,0.004250013120814349,bitcoin
2016-11-14,0.009315097840498263,bitcoin
2016-11-15,0.04476444393223018,bitcoin
2016-11-16,-0.00433755399515533,bitcoin
2016-11-17,0.014214767311436446,bitcoin
2016-11-18,4.1253110232145046e-5,bitcoin
2016-11-19,-0.0277765640927267,bitcoin
2016-11-20,0.01118440596069717,bitcoin
2016-11-21,0.01623414137539476,bitcoin
2016-11-22,-0.009028479985575048,bitcoin
2016-11-23,-0.0057984430428326085,bitcoin
2016-11-24,0.0018354151714063223,bitcoin
2016-11-25,-0.008485949660126745,bitcoin
2016-11-26,-0.004561827647803956,bitcoin
2016-11-27,0.005147704093118224,bitcoin
2016-11-28,-2.840586693164628e-4,bitcoin
2016-11-29,0.013619341360006029,bitcoin
2016-11-30,0.0147533674234043,bitcoin
2016-12-01,0.027589858691650586,bitcoin
2016-12-02,-0.008765074276273115,bitcoin
2016-12-03,0.0035170682625826396,bitcoin
2016-12-04,-0.019800038791590577,bitcoin
2016-12-05,0.0072544801996293345,bitcoin
2016-12-06,0.005100679537146365,bitcoin
2016-12-07,0.0034802886525607166,bitcoin
2016-12-08,0.0025706202842455334,bitcoin
2016-12-09,0.002398818851623636,bitcoin
2016-12-10,-0.0063702193263167495,bitcoin
2016-12-11,0.013364293370477297,bitcoin
2016-12-12,6.011050422283579e-4,bitcoin
2016-12-13,0.0011843354190640275,bitcoin
2016-12-14,-0.004351215826307813,bitcoin
2016-12-15,0.008725572393664888,bitcoin
2016-12-16,0.007516519385469442,bitcoin
2016-12-17,-3.7809276350250374e-4,bitcoin
2016-12-18,0.002758843640678768,bitcoin
2016-12-19,0.010243612033828025,bitcoin
2016-12-20,0.04086418376147395,bitcoin
2016-12-21,0.03562726506806055,bitcoin
2016-12-22,0.06433033120223852,bitcoin
2016-12-23,-0.025442838364646298,bitcoin
2016-12-24,-0.002940426327805718,bitcoin
2016-12-25,0.012670140107888084,bitcoin
2016-12-26,0.027802640113667745,bitcoin
2016-12-27,0.04476426663914296,bitcoin
2016-12-28,-0.002486908854624134,bitcoin
2016-12-29,-0.012672740567080037,bitcoin
2016-12-30,0.0026026296911237203,bitcoin
2016-12-31,0.035254245031352244,bitcoin
2017-01-01,0.023193235615713143,bitcoin
2017-01-02,0.021389344804012642,bitcoin
2017-01-03,0.10096034523205952,bitcoin
2017-01-04,-0.1305752503587813,bitcoin
2017-01-05,-0.11620924119420283,bitcoin
2017-01-06,0.007051147530168502,bitcoin
2017-01-07,0.0028728183557759947,bitcoin
2017-01-08,-0.009229224484777728,bitcoin
2017-01-09,0.005358747291355826,bitcoin
2017-01-10,-0.15447664907680256,bitcoin
2017-01-11,0.03422186501685423,bitcoin
2017-01-12,0.023515097351763648,bitcoin
2017-01-13,-0.006785261137408509,bitcoin
2017-01-14,0.004128728905012075,bitcoin
2017-01-15,0.011777592965026847,bitcoin
2017-01-16,0.08790389778026808,bitcoin
2017-01-17,-0.02376187851972628,bitcoin
2017-01-18,0.013950027432453408,bitcoin
2017-01-19,-0.004511461114062866,bitcoin
2017-01-20,0.0294635794066912,bitcoin
2017-01-21,0.0031237843530507827,bitcoin
2017-01-22,-0.00396704151900178,bitcoin
2017-01-23,-0.031237062820287775,bitcoin
2017-01-24,0.009870593266904206,bitcoin
2017-01-25,0.017639684998997814,bitcoin
2017-01-26,0.0023555870751540077,bitcoin
2017-01-27,0.0019985743438275905,bitcoin
2017-01-28,-0.0022748052839267124,bitcoin
2017-01-29,9.631589010409959e-4,bitcoin
2017-01-30,0.05292264278625686,bitcoin
2017-01-31,0.019006132801877126,bitcoin
2017-02-01,0.02276859225923879,bitcoin
2017-02-02,0.01774054215904451,bitcoin
2017-02-03,0.012533864584742654,bitcoin
2017-02-04,-0.01503241332351873,bitcoin
2017-02-05,0.010467402259443953,bitcoin
2017-02-06,0.022101353214667996,bitcoin
2017-02-07,0.0016192383259953582,bitcoin
2017-02-08,-0.0667937371186523,bitcoin
2017-02-09,-0.005757777136341375,bitcoin
2017-02-10,0.01583075640249717,bitcoin
2017-02-11,-0.005259445444457248,bitcoin
2017-02-12,-0.00858272683420342,bitcoin
2017-02-13,0.01394169999004207,bitcoin
2017-02-14,0.002912476248526162,bitcoin
2017-02-15,0.019618070354984467,bitcoin
2017-02-16,0.018103858479543947,bitcoin
2017-02-17,0.007816821423596588,bitcoin
2017-02-18,-0.006231366653704517,bitcoin
2017-02-19,0.030182976618091818,bitcoin
2017-02-20,0.03218096643723133,bitcoin
2017-02-21,0.0019168315547414083,bitcoin
2017-02-22,0.04315606560429249,bitcoin
2017-02-23,0.0059477896544394,bitcoin
2017-02-24,-0.02575316445720005,bitcoin
2017-02-25,0.018501711042938736,bitcoin
2017-02-26,0.012596285399254883,bitcoin
2017-02-27,0,bitcoin
2017-02-28,0.035408952769831636,bitcoin
2017-03-01,0.023053290497223922,bitcoin
2017-03-02,0.018987094918908855,bitcoin
2017-03-03,-0.01568322097795853,bitcoin
2017-03-04,0.009491498113500526,bitcoin
2017-03-05,0.00449612840115088,bitcoin
2017-03-06,-0.03949440493414516,bitcoin
2017-03-07,-0.06198638601041199,bitcoin
2017-03-08,0.03292164322355671,bitcoin
2017-03-09,-0.06228779461112696,bitcoin
2017-03-10,0.05157845284237252,bitcoin
2017-03-11,0.038007127188604675,bitcoin
2017-03-12,0.008592592591656786,bitcoin
2017-03-13,0.006537416006722991,bitcoin
2017-03-14,0.0337891468929465,bitcoin;ethereum
2017-03-15,0.007898510578673832,bitcoin;ethereum
2017-03-16,-0.06000514918010288,bitcoin;ethereum
2017-03-17,-0.1535162280896789,bitcoin;ethereum
2017-03-18,0.10259975656580672,bitcoin;ethereum
2017-03-19,0.007930698904451071,bitcoin;ethereum
2017-03-20,0.04927228414962651,bitcoin;ethereum
2017-03-21,-0.057234830725481085,bitcoin;ethereum
2017-03-22,-0.0023178174898276656,bitcoin;ethereum
2017-03-23,-0.031158826162189537,bitcoin;ethereum
2017-03-24,0.020512812666470266,bitcoin;ethereum
2017-03-25,-0.00805782737699718,bitcoin;ethereum
2017-03-26,0.05863507279555493,bitcoin;ethereum
2017-03-27,0.005719533209942468,bitcoin;ethereum
2017-03-28,0.0046455402890054195,bitcoin;ethereum
2017-03-29,-0.014067732615019481,bitcoin;ethereum
2017-03-30,0.025596453876248898,bitcoin;ethereum
2017-03-31,0.009139099574444934,bitcoin;ethereum
2017-04-01,0.0081938864167091,bitcoin;ethereum
2017-04-02,0.013756307493824557,bitcoin;ethereum
2017-04-03,-0.00645512902039667,bitcoin;ethereum
2017-04-04,-0.00343370193258778,bitcoin;ethereum
2017-04-05,0.033834645599148304,bitcoin;ethereum
2017-04-06,-0.008287593587259567,bitcoin;ethereum
2017-04-07,0.007934350910314636,bitcoin;ethereum
2017-04-08,0.004379370465044594,bitcoin;ethereum
2017-04-09,1.3915340733219146e-4,bitcoin;ethereum
2017-04-10,0.012343005487043621,bitcoin;ethereum
2017-04-11,0.008186043891989816,bitcoin;ethereum
2017-04-12,-0.0054265160350571665,bitcoin;ethereum
2017-04-13,-0.011229918059920695,bitcoin;ethereum
2017-04-14,0.009432519861790384,bitcoin;ethereum
2017-04-15,0.005732300123650671,bitcoin;ethereum
2017-04-16,0.005960099181580827,bitcoin;ethereum
2017-04-17,0.021160637274460825,bitcoin;ethereum
2017-04-18,-0.009772850933586319,bitcoin;ethereum
2017-04-19,0.01770636991099908,bitcoin;ethereum
2017-04-20,-0.010041000768424527,bitcoin;ethereum
2017-04-21,0.007678264204319212,bitcoin;ethereum
2017-04-22,-0.016650492148147678,bitcoin;ethereum
2017-04-23,0.034286174268108364,bitcoin;ethereum
2017-04-24,0.00948707025764048,bitcoin;ethereum
2017-04-25,0.020268669024220757,bitcoin;ethereum
2017-04-26,0.056721562659527866,bitcoin;ethereum
2017-04-27,0.02703264112882311,bitcoin;ethereum
2017-04-28,-0.0026519703534563376,bitcoin;ethereum
2017-04-29,0.05045476999068277,bitcoin;ethereum
2017-04-30,0.03284493103883883,bitcoin;ethereum
2017-05-01,0.01962911656155116,bitcoin;ethereum
2017-05-02,0.02669943280724712,bitcoin;ethereum
2017-05-03,0.0899136064323106,bitcoin;ethereum;xrp
2017-05-04,0.017659294151964083,bitcoin;ethereum;xrp
2017-05-05,0.026649641144325623,bitcoin;ethereum;xrp
2017-05-06,0.0433487819398767,bitcoin;ethereum;xrp
2017-05-07,0.10078029610233569,bitcoin;ethereum;xrp
2017-05-08,-0.01845309077857651,bitcoin;ethereum;xrp
2017-05-09,0.03235500966097662,bitcoin;ethereum;xrp
2017-05-10,0.02072232477975232,bitcoin;ethereum;xrp
2017-05-11,-0.025815256454612707,bitcoin;ethereum;xrp
2017-05-12,0.0411597692805182,bitcoin;ethereum;xrp
2017-05-13,0.005793187803925604,bitcoin;xrp;ethereum
2017-05-14,0.024623775535570554,bitcoin;xrp;ethereum
2017-05-15,0.06215537909123749,bitcoin;xrp;ethereum
2017-05-16,0.067395889502234,bitcoin;xrp;ethereum
2017-05-17,0.0075619751727505034,bitcoin;xrp;ethereum
2017-05-18,0.0658910625478548,bitcoin;xrp;ethereum
2017-05-19,0.03886275649507285,bitcoin;xrp;ethereum
2017-05-20,0.031745193470052384,bitcoin;ethereum;xrp
2017-05-21,0.048915167894454076,bitcoin;ethereum;xrp
2017-05-22,0.05089106795863214,bitcoin;ethereum;xrp
2017-05-23,0.026370962627045313,bitcoin;ethereum;xrp
2017-05-24,-0.08411245596237375,bitcoin;ethereum;xrp
2017-05-25,-0.0301288091291995,bitcoin;ethereum;xrp
2017-05-26,-0.08597705693676426,bitcoin;ethereum;xrp
2017-05-27,0.06465317090399744,bitcoin;ethereum;xrp
2017-05-28,0.06538243607336856,bitcoin;ethereum;xrp
2017-05-29,0.022564255478353012,bitcoin;ethereum;xrp
2017-05-30,0.051022504181354504,bitcoin;ethereum;xrp
2017-05-31,0.07110586345523887,bitcoin;ethereum;xrp
2017-06-01,0.005091870747564873,bitcoin;ethereum;xrp
2017-06-02,0.002172583198433573,bitcoin;ethereum;xrp
2017-06-03,0.028550946771969683,bitcoin;ethereum;xrp
2017-06-04,0.03892775689978901,bitcoin;ethereum;xrp
2017-06-05,0.050379293522564775,bitcoin;ethereum;xrp
2017-06-06,-0.03605597807431776,bitcoin;ethereum;xrp
2017-06-07,0.023881048130804768,bitcoin;ethereum;xrp
2017-06-08,0.02501761212342988,bitcoin;ethereum;xrp
2017-06-09,0.07601694753538128,bitcoin;ethereum;xrp
2017-06-10,0.01005972537880575,bitcoin;ethereum;xrp
2017-06-11,0.008536653412147151,bitcoin;ethereum;xrp
2017-06-12,0.011642752069449364,bitcoin;ethereum;xrp
2017-06-13,-0.07314592888770816,bitcoin;ethereum;xrp
2017-06-14,-0.013367054094037016,bitcoin;ethereum;xrp
2017-06-15,0.020782858805806752,bitcoin;ethereum;xrp
2017-06-16,0.03840806426827438,bitcoin;ethereum;xrp
2017-06-17,-0.020858244213926975,bitcoin;ethereum;xrp
2017-06-18,0.011365994214765534,bitcoin;ethereum;xrp
2017-06-19,0.02602241298970365,bitcoin;ethereum;xrp
2017-06-20,-0.0409126348009995,bitcoin;ethereum;xrp
2017-06-21,0.0032062090884036566,bitcoin;ethereum;xrp
2017-06-22,0.022843888579173275,bitcoin;ethereum;xrp
2017-06-23,-0.04887437709250991,bitcoin;ethereum;xrp
2017-06-24,-0.03202060554222324,bitcoin;ethereum;xrp
2017-06-25,-0.06852757651454958,bitcoin;ethereum;xrp
2017-06-26,0.03962730093947039,bitcoin;ethereum;xrp
2017-06-27,0.04731467598389807,bitcoin;ethereum;xrp
2017-06-28,-0.04217487035240231,bitcoin;ethereum;xrp
2017-06-29,-0.022689919021738104,bitcoin;ethereum;xrp
2017-06-30,-0.03831127437894634,bitcoin;ethereum;xrp
2017-07-01,0.034088917121657444,bitcoin;ethereum;xrp
2017-07-02,0.006471265154589771,bitcoin;ethereum;xrp
2017-07-03,6.086447633896942e-4,bitcoin;ethereum;xrp;litecoin
2017-07-04,-0.005616995924661128,bitcoin;ethereum;xrp;litecoin
2017-07-05,0.002597086082477195,bitcoin;ethereum;xrp
2017-07-06,-0.05708694966224867,bitcoin;ethereum;xrp
2017-07-07,0.017193789102914123,bitcoin;ethereum;xrp
2017-07-08,-0.02520866073772472,bitcoin;ethereum;xrp
2017-07-09,-0.08615081509084585,bitcoin;ethereum;xrp
2017-07-10,-0.04430307297354297,bitcoin;ethereum;xrp
2017-07-11,0.07551539364044568,bitcoin;ethereum;xrp
2017-07-12,-0.041037869258245006,bitcoin;ethereum;xrp
2017-07-13,-0.05242037277118162,bitcoin;ethereum;xrp
2017-07-14,-0.12428034519234277,bitcoin;ethereum;xrp
2017-07-15,-0.0596886555185577,bitcoin;ethereum;xrp
2017-07-16,0.16658857636624055,bitcoin;ethereum;xrp
2017-07-17,0.09142463383873282,bitcoin;ethereum;xrp
2017-07-18,-0.0713909277729721,bitcoin;ethereum;xrp
2017-07-19,0.18047325921299284,bitcoin;ethereum;xrp
2017-07-20,-0.04816875425131024,bitcoin;ethereum;xrp
2017-07-21,0.05188769732463069,bitcoin;ethereum;xrp
2017-07-22,-0.021128034675366163,bitcoin;ethereum;xrp
2017-07-23,0.002342296802705736,bitcoin;ethereum;xrp
2017-07-24,-0.07242527724533906,bitcoin;ethereum;xrp
2017-07-25,-0.01759260527095988,bitcoin;ethereum;xrp
2017-07-26,0.03481518891007595,bitcoin;ethereum;xrp
2017-07-27,0.01438306290063146,bitcoin;ethereum;xrp
2017-07-28,5.183685689487421e-4,bitcoin;ethereum;xrp
2017-07-29,-0.0055376779229311095,bitcoin;ethereum;xrp
2017-07-30,0.03617986133831081,bitcoin;ethereum;xrp
2017-07-31,0.021789533772630997,bitcoin;ethereum;xrp;bitcoin-cash
2017-08-01,0.005056277317724136,bitcoin;ethereum;bitcoin-cash;xrp
2017-08-02,0.010483688187958083,bitcoin;ethereum;xrp;bitcoin-cash
2017-08-03,-0.005444733296644499,bitcoin;ethereum;xrp;bitcoin-cash
2017-08-04,0.11005277637968837,bitcoin;ethereum;xrp;bitcoin-cash
2017-08-05,-0.0022267807967780414,bitcoin;ethereum;xrp;bitcoin-cash
2017-08-06,0.05813921487040617,bitcoin;ethereum;xrp;bitcoin-cash
2017-08-07,0.044990090339418545,bitcoin;ethereum;xrp;bitcoin-cash
2017-08-08,-0.02459905881646165,bitcoin;ethereum;xrp;bitcoin-cash
2017-08-09,0.0010056025839130767,bitcoin;ethereum;xrp;bitcoin-cash
2017-08-10,0.06656540411882676,bitcoin;ethereum;xrp;bitcoin-cash
2017-08-11,0.03575963259133335,bitcoin;ethereum;xrp;bitcoin-cash
2017-08-12,0.01417144343842178,bitcoin;ethereum;xrp;bitcoin-cash
2017-08-13,0.04091072012555737,bitcoin;ethereum;xrp;bitcoin-cash
2017-08-14,-0.03351172719681949,bitcoin;ethereum;xrp;bitcoin-cash
2017-08-15,0.04018664846007492,bitcoin;ethereum;xrp;bitcoin-cash
2017-08-16,0.020477608274085828,bitcoin;ethereum;bitcoin-cash;xrp
2017-08-17,0.011802571085342517,bitcoin;ethereum;bitcoin-cash;xrp
2017-08-18,0.014613621941653367,bitcoin;ethereum;bitcoin-cash;xrp
2017-08-19,-0.016528531463878348,bitcoin;ethereum;bitcoin-cash;xrp
2017-08-20,0.002116009729591831,bitcoin;ethereum;bitcoin-cash;xrp
2017-08-21,0.039486896194415734,bitcoin;ethereum;bitcoin-cash;xrp
2017-08-22,0.00882804322534942,bitcoin;ethereum;bitcoin-cash;xrp
2017-08-23,0.01814834661052436,bitcoin;ethereum;bitcoin-cash;xrp
2017-08-24,0.011313281951079824,bitcoin;ethereum;bitcoin-cash;xrp
2017-08-25,-0.004812794194019269,bitcoin;ethereum;bitcoin-cash;xrp
2017-08-26,0.011532001555858233,bitcoin;ethereum;bitcoin-cash;xrp
2017-08-27,0.0036284248969243,bitcoin;ethereum;bitcoin-cash;xrp
2017-08-28,0.03615823304566081,bitcoin;ethereum;bitcoin-cash;xrp
2017-08-29,0.009769133414840193,bitcoin;ethereum;bitcoin-cash;xrp
2017-08-30,0.030633113866266735,bitcoin;ethereum;xrp;bitcoin-cash
2017-08-31,0.028660063252725736,bitcoin;ethereum;bitcoin-cash;xrp
2017-09-01,-0.07892647425890692,bitcoin;ethereum;bitcoin-cash;xrp
2017-09-02,0.0042895334262298005,bitcoin;ethereum;bitcoin-cash;xrp
2017-09-03,-0.10754937600469221,bitcoin;ethereum;bitcoin-cash;xrp
2017-09-04,0.04116553148868771,bitcoin;ethereum;bitcoin-cash;xrp
2017-09-05,0.06295870893443761,bitcoin;ethereum;bitcoin-cash;xrp
2017-09-06,-0.0021001335375024324,bitcoin;ethereum;bitcoin-cash;xrp
2017-09-07,-0.08967367658729712,bitcoin;ethereum;bitcoin-cash;xrp
2017-09-08,-0.007585519748234391,bitcoin;ethereum;bitcoin-cash;xrp
2017-09-09,-0.020150938476963448,bitcoin;ethereum;bitcoin-cash;xrp
2017-09-10,0.011033970464036738,bitcoin;ethereum;bitcoin-cash;xrp
2017-09-11,-0.012700756222587662,bitcoin;ethereum;bitcoin-cash;xrp
2017-09-12,-0.05387120666210851,bitcoin;ethereum;bitcoin-cash;xrp
2017-09-13,-0.22711186765506375,bitcoin;ethereum;xrp;bitcoin-cash
2017-09-14,0.14317369773572694,bitcoin;ethereum;bitcoin-cash;xrp
2017-09-15,-0.003993358682430443,bitcoin;ethereum;bitcoin-cash;xrp
2017-09-16,-0.005675291993010656,bitcoin;ethereum;bitcoin-cash;xrp
2017-09-17,0.12932037784262684,bitcoin;ethereum;bitcoin-cash;xrp
2017-09-18,-0.024603588209092607,bitcoin;ethereum;bitcoin-cash;xrp
2017-09-19,-0.010486070052199191,bitcoin;ethereum;bitcoin-cash;xrp
2017-09-20,-0.08126998134313705,bitcoin;ethereum;bitcoin-cash;xrp
2017-09-21,0.005988440194880205,bitcoin;ethereum;bitcoin-cash;xrp
2017-09-22,0.05090410442173688,bitcoin;ethereum;bitcoin-cash;xrp
2017-09-23,-0.023038152569333184,bitcoin;ethereum;bitcoin-cash;xrp
2017-09-24,0.05373094062248796,bitcoin;ethereum;bitcoin-cash;xrp
2017-09-25,-0.008494105821227456,bitcoin;ethereum;bitcoin-cash;xrp
2017-09-26,0.07118326239371627,bitcoin;ethereum;xrp;bitcoin-cash
2017-09-27,-0.013681152147006504,bitcoin;ethereum;xrp;bitcoin-cash
2017-09-28,-0.010684363628901294,bitcoin;ethereum;xrp;bitcoin-cash
2017-09-29,0.0348728355548453,bitcoin;ethereum;xrp;bitcoin-cash
2017-09-30,0.010619322744520973,bitcoin;ethereum;xrp;bitcoin-cash
2017-10-01,-0.0035312336972849355,bitcoin;ethereum;xrp;bitcoin-cash
2017-10-02,-0.01959525714145838,bitcoin;ethereum;xrp;bitcoin-cash
2017-10-03,-0.015106053576703294,bitcoin;ethereum;xrp;bitcoin-cash
2017-10-04,0.024529074879280358,bitcoin;ethereum;xrp;bitcoin-cash
2017-10-05,0.016669361161647505,bitcoin;ethereum;xrp;bitcoin-cash
2017-10-06,0.011159970014861565,bitcoin;ethereum;xrp;bitcoin-cash
2017-10-07,0.03511312761687132,bitcoin;ethereum;xrp;bitcoin-cash
2017-10-08,0.005587006908396338,bitcoin;ethereum;xrp
2017-10-09,0.006373351283497802,bitcoin;ethereum;xrp
2017-10-10,0.008988963275074991,bitcoin;ethereum;xrp;bitcoin-cash
2017-10-11,0.08069879341417727,bitcoin;ethereum;xrp
2017-10-12,0.05391771896671617,bitcoin;ethereum;xrp
2017-10-13,0.022129285822175673,bitcoin;ethereum;xrp
2017-10-14,-0.018646222806174794,bitcoin;ethereum;xrp
2017-10-15,0.0014121049113883365,bitcoin;ethereum;xrp
2017-10-16,-0.03305597672066811,bitcoin;ethereum;xrp
2017-10-17,-0.007724091132393275,bitcoin;ethereum;xrp
2017-10-18,0.009536920734879896,bitcoin;ethereum;xrp
2017-10-19,0.033629389626414805,bitcoin;ethereum;xrp
2017-10-20,-5.547644552738373e-5,bitcoin;ethereum;xrp
2017-10-21,-0.00803149216489816,bitcoin;ethereum;xrp
2017-10-22,-0.01768658627501326,bitcoin;ethereum;xrp
2017-10-23,-0.038914742827018525,bitcoin;ethereum;xrp
2017-10-24,0.027948353268133937,bitcoin;ethereum;xrp
2017-10-25,0.018061807544290685,bitcoin;ethereum;xrp
2017-10-26,-0.01501547684768915,bitcoin;ethereum;xrp
2017-10-27,-0.004593456460480814,bitcoin;ethereum;xrp
2017-10-28,0.05587309521784536,bitcoin;ethereum;xrp
2017-10-29,-9.713836787942971e-4,bitcoin;ethereum;xrp
2017-10-30,0.038153642402030674,bitcoin;ethereum;xrp
2017-10-31,0.036647445904585275,bitcoin;ethereum;bitcoin-cash
2017-11-01,0.03783493486858833,bitcoin;ethereum;bitcoin-cash
2017-11-02,0.028994317333825254,bitcoin;ethereum;bitcoin-cash
2017-11-03,0.014347581777054646,bitcoin;ethereum;bitcoin-cash
2017-11-04,0.0014341684074827762,bitcoin;ethereum;bitcoin-cash
2017-11-05,-0.041414729143376225,bitcoin;ethereum;bitcoin-cash
2017-11-06,0.011894433691480992,bitcoin;ethereum;bitcoin-cash
2017-11-07,0.04189615891331084,bitcoin;ethereum;bitcoin-cash
2017-11-08,-0.02151248491405682,bitcoin;ethereum;bitcoin-cash
2017-11-09,-0.020099164385333296,bitcoin;ethereum;bitcoin-cash
2017-11-10,0.02321906011274908,bitcoin;ethereum;bitcoin-cash
2017-11-11,-0.04201223894648602,bitcoin;ethereum;bitcoin-cash
2017-11-12,0.06736470663450303,bitcoin;ethereum;bitcoin-cash
2017-11-13,0.012380029430312566,bitcoin;ethereum;bitcoin-cash
2017-11-14,0.060192016104610904,bitcoin;ethereum;bitcoin-cash
2017-11-15,0.02746404227916454,bitcoin;ethereum;bitcoin-cash
2017-11-16,0.016227064371691722,bitcoin;ethereum;bitcoin-cash
2017-11-17,0.021943935772232786,bitcoin;ethereum;bitcoin-cash
2017-11-18,0.018590307764377232,bitcoin;ethereum;bitcoin-cash
2017-11-19,0.026323031304487664,bitcoin;ethereum;bitcoin-cash
2017-11-20,-0.019636262412188802,bitcoin;ethereum;bitcoin-cash
2017-11-21,0.037243651017538404,bitcoin;ethereum;bitcoin-cash
2017-11-22,0.03295265841979631,bitcoin;ethereum;bitcoin-cash
2017-11-23,0.046071411435105764,bitcoin;ethereum;bitcoin-cash
2017-11-24,0.03281334859721051,bitcoin;ethereum;bitcoin-cash;xrp
2017-11-25,0.055053030520738164,bitcoin;ethereum;bitcoin-cash
2017-11-26,0.03071026777503741,bitcoin;ethereum;bitcoin-cash;xrp
2017-11-27,0.01591470484547566,bitcoin;ethereum;bitcoin-cash;xrp
2017-11-28,-0.04320855093807027,bitcoin;ethereum;bitcoin-cash
2017-11-29,0.034840535134616844,bitcoin;ethereum;bitcoin-cash;xrp
2017-11-30,0.06162873467148161,bitcoin;ethereum;bitcoin-cash;xrp
2017-12-01,0.0033995492479876907,bitcoin;ethereum;bitcoin-cash;xrp
2017-12-02,0.024117883295780265,bitcoin;ethereum;bitcoin-cash;xrp
2017-12-03,0.02319602863599211,bitcoin;ethereum;bitcoin-cash;xrp
2017-12-04,0.021456516151890658,bitcoin;ethereum;bitcoin-cash;iota
2017-12-05,0.12821422866872825,bitcoin;ethereum;bitcoin-cash;iota
2017-12-06,0.18248716670073437,bitcoin;ethereum;bitcoin-cash
2017-12-07,-0.04894612478724185,bitcoin;ethereum;bitcoin-cash
2017-12-08,-0.06642131261755826,bitcoin;ethereum;bitcoin-cash;iota
2017-12-09,9.485659785666641e-4,bitcoin;ethereum;bitcoin-cash
2017-12-10,0.09893479821708925,bitcoin;ethereum;bitcoin-cash
2017-12-11,0.08270906952663057,bitcoin;ethereum;bitcoin-cash;litecoin
2017-12-12,-0.018362402695369186,bitcoin;ethereum;bitcoin-cash;xrp
2017-12-13,0.07043019282361827,bitcoin;ethereum;xrp;bitcoin-cash
2017-12-14,0.02922184704519302,bitcoin;ethereum;bitcoin-cash;xrp
2017-12-15,0.0716011764504925,bitcoin;ethereum;bitcoin-cash;xrp
2017-12-16,-0.005531918324997225,bitcoin;ethereum;bitcoin-cash;xrp;litecoin
2017-12-17,0.0362104302091976,bitcoin;ethereum;bitcoin-cash;xrp;litecoin
2017-12-18,-0.006667087706968821,bitcoin;ethereum;bitcoin-cash;xrp;litecoin;iota
2017-12-19,-8.251892117422856e-4,bitcoin;ethereum;bitcoin-cash;xrp;litecoin;iota
2017-12-20,-0.007222071113404325,bitcoin;ethereum;bitcoin-cash;xrp;litecoin;iota
2017-12-21,-0.1427821758604801,bitcoin;ethereum;bitcoin-cash;xrp;litecoin;cardano
2017-12-22,0.07391493898316848,bitcoin;ethereum;bitcoin-cash;xrp;litecoin;cardano
2017-12-23,-0.0636151459827878,bitcoin;ethereum;bitcoin-cash;xrp;litecoin;cardano;iota
2017-12-24,0.031089383667970687,bitcoin;ethereum;bitcoin-cash;xrp;litecoin;cardano;iota
2017-12-25,0.09444440096404398,bitcoin;ethereum;bitcoin-cash;xrp;litecoin;cardano
2017-12-26,-0.002721333770315902,bitcoin;ethereum;xrp;bitcoin-cash;litecoin;cardano
2017-12-27,-0.06163474590237065,bitcoin;ethereum;xrp;bitcoin-cash;litecoin;cardano;iota
2017-12-28,0.09826456396228606,bitcoin;xrp;ethereum;bitcoin-cash;cardano;litecoin
2017-12-29,-0.08358759795088555,bitcoin;xrp;ethereum;bitcoin-cash;cardano;litecoin
2017-12-30,0.07614760664369959,bitcoin;xrp;ethereum;bitcoin-cash;cardano;litecoin
2017-12-31,-0.007184708772411251,bitcoin;xrp;ethereum;bitcoin-cash;cardano;litecoin;iota
2018-01-01,0.08850248657035925,bitcoin;xrp;ethereum;bitcoin-cash;cardano;litecoin;iota
2018-01-02,0.10530219170852906,bitcoin;xrp;ethereum;bitcoin-cash;cardano;nem;stellar
2018-01-03,0.03279131415378737,bitcoin;xrp;ethereum;bitcoin-cash;cardano;nem;tron;litecoin
2018-01-04,0.04748542479745188,bitcoin;xrp;ethereum;bitcoin-cash;cardano;tron;nem
2018-01-05,0.025748768917078804,bitcoin;xrp;ethereum;bitcoin-cash;cardano;litecoin;nem;stellar
2018-01-06,0.013148802909544332,bitcoin;xrp;ethereum;bitcoin-cash;cardano;nem;litecoin;tron
2018-01-07,-0.11342142767606628,bitcoin;ethereum;xrp;bitcoin-cash;cardano;nem;litecoin;stellar;iota
2018-01-08,-0.021700276384866587,bitcoin;ethereum;xrp;bitcoin-cash;cardano;nem;litecoin;stellar;iota
2018-01-09,0.010671116812309658,bitcoin;ethereum;xrp;bitcoin-cash;cardano;litecoin;nem;iota;stellar
2018-01-10,-0.09300127625874595,bitcoin;ethereum;xrp;bitcoin-cash;cardano;litecoin;nem;stellar;iota
2018-01-11,0.07129146713352177,bitcoin;ethereum;xrp;bitcoin-cash;cardano;nem;litecoin;stellar;iota
2018-01-12,0.03719419164877105,bitcoin;ethereum;xrp;bitcoin-cash;cardano;litecoin;nem;stellar;iota
2018-01-13,-0.04260004363380027,bitcoin;ethereum;xrp;bitcoin-cash;cardano;litecoin;nem;stellar;neo
2018-01-14,-0.029832444308228293,bitcoin;ethereum;xrp;bitcoin-cash;cardano;litecoin;nem;neo;stellar
2018-01-15,-0.22229882224015865,bitcoin;ethereum;xrp;bitcoin-cash;cardano;litecoin;neo;nem
2018-01-16,-0.008851603815303288,bitcoin;ethereum;xrp;bitcoin-cash;cardano;litecoin;neo;nem;stellar
2018-01-17,0.049858174010064704,bitcoin;ethereum;xrp;bitcoin-cash;cardano;litecoin;nem;neo;stellar
2018-01-18,0.0015825314196641997,bitcoin;ethereum;xrp;bitcoin-cash;cardano;litecoin;nem;neo;stellar
2018-01-19,0.09903742438619337,bitcoin;ethereum;xrp;bitcoin-cash;cardano;litecoin;nem;neo;eos
2018-01-20,-0.11208675208885638,bitcoin;ethereum;xrp;bitcoin-cash;cardano;litecoin;nem;neo;eos
2018-01-21,-0.04954244511192829,bitcoin;ethereum;xrp;bitcoin-cash;cardano;litecoin;nem;stellar;eos
2018-01-22,-0.011400677255708364,bitcoin;ethereum;xrp;bitcoin-cash;cardano;litecoin;stellar;nem;eos
2018-01-23,0.04984797079871133,bitcoin;ethereum;xrp;bitcoin-cash;cardano;stellar;litecoin;neo;nem
2018-01-24,-0.004722607361736374,bitcoin;ethereum;xrp;bitcoin-cash;cardano;stellar;litecoin;eos;neo
2018-01-25,-0.013842187638307912,bitcoin;ethereum;xrp;bitcoin-cash;cardano;stellar;litecoin;eos;neo
2018-01-26,0.028555686671402472,bitcoin;ethereum;xrp;bitcoin-cash;cardano;stellar;litecoin;nem;neo
2018-01-27,0.07280288106825233,bitcoin;ethereum;xrp;bitcoin-cash;cardano;stellar;litecoin;neo;eos
2018-01-28,-0.04660646008097923,bitcoin;ethereum;xrp;bitcoin-cash;cardano;neo;stellar;litecoin;eos
2018-01-29,-0.11665621679006141,bitcoin;ethereum;xrp;bitcoin-cash;cardano;neo;litecoin;stellar
2018-01-30,0.021892135047234886,bitcoin;ethereum;xrp;bitcoin-cash;cardano;stellar;neo;litecoin;eos
2018-01-31,-0.1165138480232072,bitcoin;ethereum;xrp;bitcoin-cash;cardano;stellar;neo;litecoin
2018-02-01,-0.07247339634319669,bitcoin;ethereum;xrp;bitcoin-cash;cardano;neo;stellar;litecoin
2018-02-02,0.05102293375430179,bitcoin;ethereum;xrp;bitcoin-cash;cardano;litecoin;neo;stellar
2018-02-03,-0.11738339052737658,bitcoin;ethereum;xrp;bitcoin-cash;cardano;litecoin;neo;stellar
2018-02-04,-0.1799366598321033,bitcoin;ethereum;xrp;bitcoin-cash;cardano;litecoin;stellar;neo
2018-02-05,0.11833291347221708,bitcoin;ethereum;xrp;bitcoin-cash;cardano;litecoin;neo;stellar
2018-02-06,-0.034847056575197155,bitcoin;ethereum;xrp;bitcoin-cash;cardano;litecoin;neo;stellar
2018-02-07,0.0966375788479883,bitcoin;ethereum;xrp;bitcoin-cash;cardano;litecoin;neo;stellar
2018-02-08,0.0749369644100076,bitcoin;ethereum;xrp;bitcoin-cash;cardano;litecoin;neo;stellar
2018-02-09,-0.002124673933109018,bitcoin;ethereum;xrp;bitcoin-cash;cardano;litecoin;stellar;neo
2018-02-10,-0.05824645106636866,bitcoin;ethereum;xrp;bitcoin-cash;cardano;litecoin;stellar;neo
2018-02-11,0.07826423333272489,bitcoin;ethereum;xrp;bitcoin-cash;cardano;litecoin;neo;stellar
2018-02-12,-0.033674594425389316,bitcoin;ethereum;xrp;bitcoin-cash;cardano;litecoin;stellar;neo
2018-02-13,0.10257188819702696,bitcoin;ethereum;xrp;bitcoin-cash;litecoin;cardano;stellar;neo
2018-02-14,0.03923180679640551,bitcoin;ethereum;xrp;bitcoin-cash;litecoin;cardano;stellar;neo
2018-02-15,0.01387215543012549,bitcoin;ethereum;xrp;bitcoin-cash;litecoin;cardano;stellar;neo
2018-02-16,0.0565117119514154,bitcoin;ethereum;xrp;bitcoin-cash;litecoin;cardano;neo;stellar
2018-02-17,-0.05568549118068779,bitcoin;ethereum;xrp;bitcoin-cash;litecoin;cardano;stellar;neo
2018-02-18,0.04269698076427717,bitcoin;ethereum;xrp;bitcoin-cash;litecoin;cardano;neo;stellar
2018-02-19,-0.015648722145201053,bitcoin;ethereum;xrp;bitcoin-cash;litecoin;cardano;neo
2018-02-20,-0.06327430045247903,bitcoin;ethereum;xrp;bitcoin-cash;litecoin;cardano;neo
2018-02-21,-0.0631468354515609,bitcoin;ethereum;xrp;bitcoin-cash;litecoin;cardano;neo
2018-02-22,0.042985529492526535,bitcoin;ethereum;xrp;bitcoin-cash;litecoin;cardano;neo
2018-02-23,-0.042166602224325896,bitcoin;ethereum;xrp;bitcoin-cash;litecoin;cardano;neo
2018-02-24,-0.0047059189601323026,bitcoin;ethereum;xrp;bitcoin-cash;litecoin;cardano;neo
2018-02-25,0.0501214403048989,bitcoin;ethereum;xrp;bitcoin-cash;litecoin;cardano;neo
2018-02-26,0.01929161912397388,bitcoin;ethereum;xrp;bitcoin-cash;litecoin;neo;cardano
2018-02-27,-0.03470563540342467,bitcoin;ethereum;xrp;bitcoin-cash;litecoin;neo;cardano
2018-02-28,0.038321392391791685,bitcoin;ethereum;xrp;bitcoin-cash;litecoin;neo;cardano
2018-03-01,-0.0016941483137225713,bitcoin;ethereum;xrp;bitcoin-cash;litecoin;neo;cardano
2018-03-02,0.018355536845763288,bitcoin;ethereum;xrp;bitcoin-cash;litecoin;neo;cardano
2018-03-03,0.015623997528928004,bitcoin;ethereum;xrp;bitcoin-cash;litecoin;cardano;neo
2018-03-04,-0.008161693591541981,bitcoin;ethereum;xrp;bitcoin-cash;litecoin;cardano;neo
2018-03-05,-0.05925675383053929,bitcoin;ethereum;xrp;bitcoin-cash;litecoin;cardano
2018-03-06,-0.07681697668136285,bitcoin;ethereum;xrp;bitcoin-cash;litecoin;neo
2018-03-07,-0.059875417057292865,bitcoin;ethereum;xrp;bitcoin-cash;litecoin;neo
2018-03-08,0.011940484729969704,bitcoin;ethereum;xrp;bitcoin-cash;litecoin;neo
2018-03-09,-0.05602828754777446,bitcoin;ethereum;xrp;bitcoin-cash;litecoin;neo
2018-03-10,0.07006471643800513,bitcoin;ethereum;xrp;bitcoin-cash;litecoin;neo
2018-03-11,-0.04050856900412751,bitcoin;ethereum;xrp;bitcoin-cash;litecoin;cardano
2018-03-12,-0.0049566870302940914,bitcoin;ethereum;xrp;bitcoin-cash;litecoin;cardano
2018-03-13,-0.10989743214423794,bitcoin;ethereum;xrp;bitcoin-cash;litecoin;cardano
2018-03-14,-7.849177888687712e-4,bitcoin;ethereum;xrp;bitcoin-cash;litecoin;cardano
2018-03-15,-6.04181998902411e-4,bitcoin;ethereum;xrp;bitcoin-cash;litecoin;cardano
2018-03-16,-0.06140858998463765,bitcoin;ethereum;xrp;bitcoin-cash;litecoin
2018-03-17,0.019043263166648648,bitcoin;ethereum;xrp;bitcoin-cash;litecoin
2018-03-18,0.058309840286753324,bitcoin;ethereum;xrp;bitcoin-cash;litecoin;cardano
2018-03-19,0.019453201610125228,bitcoin;ethereum;xrp;bitcoin-cash;litecoin;cardano
2018-03-20,-4.014133781204828e-4,bitcoin;ethereum;xrp;bitcoin-cash;litecoin;cardano
2018-03-21,-0.029322169596206538,bitcoin;ethereum;xrp;bitcoin-cash;litecoin;cardano
2018-03-22,0.008341574030436756,bitcoin;ethereum;xrp;bitcoin-cash;litecoin;eos
2018-03-23,-0.024064050265040375,bitcoin;ethereum;xrp;bitcoin-cash;litecoin;eos;cardano
2018-03-24,-0.013740586158051992,bitcoin;ethereum;xrp;bitcoin-cash;litecoin;eos;cardano
2018-03-25,-0.048741931823824546,bitcoin;ethereum;xrp;bitcoin-cash;litecoin;eos;cardano
2018-03-26,-0.05444902856663004,bitcoin;ethereum;xrp;bitcoin-cash;litecoin;eos;cardano
2018-03-27,0.007081053463673838,bitcoin;ethereum;xrp;bitcoin-cash;litecoin;eos;cardano
2018-03-28,-0.11789555394650536,bitcoin;ethereum;xrp;bitcoin-cash;litecoin;eos;cardano
2018-03-29,-0.018646341323718042,bitcoin;ethereum;xrp;bitcoin-cash;litecoin;eos;cardano
2018-03-30,0.0075619259836863465,bitcoin;ethereum;xrp;bitcoin-cash;litecoin;eos;cardano
2018-03-31,-0.03021471418944538,bitcoin;ethereum;xrp;bitcoin-cash;litecoin;eos;cardano
2018-04-01,0.03195942604814618,bitcoin;ethereum;xrp;bitcoin-cash;litecoin;eos;stellar
2018-04-02,0.06588482650082035,bitcoin;ethereum;xrp;bitcoin-cash;litecoin;eos;cardano
2018-04-03,-0.08974055300803678,bitcoin;ethereum;xrp;bitcoin-cash;litecoin;eos;cardano
2018-04-04,-0.0015398839140749988,bitcoin;ethereum;xrp;bitcoin-cash;litecoin;eos;cardano
2018-04-05,-0.03287246562505226,bitcoin;ethereum;xrp;bitcoin-cash;litecoin;eos;cardano
2018-04-06,0.037702064839630144,bitcoin;ethereum;xrp;bitcoin-cash;litecoin;eos;cardano
2018-04-07,0.02219566311891295,bitcoin;ethereum;xrp;bitcoin-cash;litecoin;eos;cardano
2018-04-08,-0.026890891311417094,bitcoin;ethereum;xrp;bitcoin-cash;litecoin;eos;cardano
2018-04-09,0.014928335439815574,bitcoin;ethereum;xrp;bitcoin-cash;litecoin;eos;cardano;stellar
2018-04-10,0.04294298517306613,bitcoin;ethereum;xrp;bitcoin-cash;eos;litecoin;cardano;stellar
2018-04-11,0.12692729648681225,bitcoin;ethereum;xrp;bitcoin-cash;litecoin;eos;cardano;stellar
2018-04-12,5.123411035070455e-4,bitcoin;ethereum;xrp;bitcoin-cash;litecoin;eos;cardano;stellar
2018-04-13,0.009041103190473647,bitcoin;ethereum;xrp;bitcoin-cash;litecoin;eos;cardano;stellar
2018-04-14,0.05142216010793906,bitcoin;ethereum;xrp;bitcoin-cash;litecoin;eos;cardano;stellar
2018-04-15,-0.02804500203067427,bitcoin;ethereum;xrp;bitcoin-cash;litecoin;cardano;eos;stellar
2018-04-16,-0.013134571370194002,bitcoin;ethereum;xrp;bitcoin-cash;litecoin;eos;cardano;stellar
2018-04-17,0.051846462257622,bitcoin;ethereum;xrp;bitcoin-cash;litecoin;eos;cardano;stellar
2018-04-18,0.04677837989542659,bitcoin;ethereum;xrp;bitcoin-cash;litecoin;eos;cardano;stellar;iota
2018-04-19,0.08913956689308893,bitcoin;ethereum;xrp;bitcoin-cash;eos;litecoin;cardano;stellar
2018-04-20,-0.00958141481050326,bitcoin;ethereum;xrp;bitcoin-cash;eos;litecoin;cardano;stellar
2018-04-21,0.0019295586316155334,bitcoin;ethereum;xrp;bitcoin-cash;eos;litecoin;cardano;stellar
2018-04-22,0.031063236543489855,bitcoin;ethereum;xrp;bitcoin-cash;eos;litecoin;cardano;stellar
2018-04-23,0.08430265855910916,bitcoin;ethereum;xrp;bitcoin-cash;eos;litecoin;cardano;stellar
2018-04-24,-0.1119344022376239,bitcoin;ethereum;xrp;bitcoin-cash;eos;litecoin;cardano;stellar
2018-04-25,0.06399432397815655,bitcoin;ethereum;xrp;bitcoin-cash;eos;litecoin;cardano;stellar;iota
2018-04-26,-0.02937051041454996,bitcoin;ethereum;xrp;bitcoin-cash;eos;litecoin;cardano;stellar;iota
2018-04-27,0.05570868350504021,bitcoin;ethereum;xrp;bitcoin-cash;eos;cardano;litecoin;stellar;iota
2018-04-28,0.0208536718316133,bitcoin;ethereum;xrp;bitcoin-cash;eos;cardano;litecoin;stellar;neo
2018-04-29,-0.03617460308931515,bitcoin;ethereum;xrp;bitcoin-cash;eos;cardano;litecoin;stellar;tron
2018-04-30,9.76568406825585e-4,bitcoin;ethereum;xrp;bitcoin-cash;eos;cardano;litecoin;stellar;tron
2018-05-01,0.0226199732936619,bitcoin;ethereum;xrp;bitcoin-cash;eos;cardano;litecoin;stellar;iota
2018-05-02,0.059282397703699564,bitcoin;ethereum;xrp;bitcoin-cash;eos;cardano;litecoin;stellar;iota
2018-05-03,-0.0011093145042994162,bitcoin;ethereum;xrp;bitcoin-cash;eos;litecoin;cardano;stellar;iota
2018-05-04,0.03282166865256352,bitcoin;ethereum;xrp;bitcoin-cash;eos;litecoin;cardano;stellar
2018-05-05,-0.023405392977453025,bitcoin;ethereum;xrp;bitcoin-cash;eos;litecoin;cardano;stellar
2018-05-06,-0.03698068544446354,bitcoin;ethereum;xrp;bitcoin-cash;eos;litecoin;cardano;stellar
2018-05-07,-0.011278303850435269,bitcoin;ethereum;xrp;bitcoin-cash;eos;litecoin;cardano;stellar;iota
2018-05-08,0.002691546183596761,bitcoin;ethereum;xrp;bitcoin-cash;eos;litecoin;cardano;stellar
2018-05-09,-0.03897458035833871,bitcoin;ethereum;xrp;bitcoin-cash;eos;litecoin;cardano;stellar
2018-05-10,-0.08182256524786292,bitcoin;ethereum;xrp;bitcoin-cash;eos;litecoin;cardano;stellar
2018-05-11,0.016390363080960427,bitcoin;ethereum;xrp;bitcoin-cash;eos;litecoin;cardano;stellar
2018-05-12,0.03995534448368195,bitcoin;ethereum;xrp;bitcoin-cash;eos;litecoin;cardano;stellar
2018-05-13,-0.0085578348449419,bitcoin;ethereum;xrp;bitcoin-cash;eos;litecoin;cardano;stellar
2018-05-14,-0.03579925698047476,bitcoin;ethereum;xrp;bitcoin-cash;eos;litecoin;cardano;stellar
2018-05-15,-0.012154596707541088,bitcoin;ethereum;xrp;bitcoin-cash;eos;litecoin;cardano;stellar
2018-05-16,-0.04359468963133214,bitcoin;ethereum;xrp;bitcoin-cash;eos;litecoin;cardano;stellar
2018-05-17,0.02177772785218676,bitcoin;ethereum;xrp;bitcoin-cash;eos;litecoin;cardano;stellar
2018-05-18,-0.0012799684709936822,bitcoin;ethereum;xrp;bitcoin-cash;eos;litecoin;cardano;stellar
2018-05-19,0.036814293174541074,bitcoin;ethereum;xrp;bitcoin-cash;eos;litecoin;cardano;stellar
2018-05-20,-0.020658846376077403,bitcoin;ethereum;xrp;bitcoin-cash;eos;litecoin;cardano;stellar
2018-05-21,-0.059345899983131216,bitcoin;ethereum;xrp;bitcoin-cash;eos;litecoin;cardano;stellar
2018-05-22,-0.08070564533750703,bitcoin;ethereum;xrp;bitcoin-cash;eos;litecoin;cardano;stellar
2018-05-23,0.027296930564360493,bitcoin;ethereum;xrp;bitcoin-cash;eos;litecoin;cardano;stellar
2018-05-24,-0.022905593028116678,bitcoin;ethereum;xrp;bitcoin-cash;eos;litecoin;stellar;cardano
2018-05-25,-0.008836802122910496,bitcoin;ethereum;xrp;bitcoin-cash;eos;litecoin;stellar;cardano
2018-05-26,-0.0071031890581078035,bitcoin;ethereum;xrp;bitcoin-cash;eos;litecoin;stellar;cardano
2018-05-27,-0.06352115961895287,bitcoin;ethereum;xrp;bitcoin-cash;eos;litecoin;stellar;cardano
2018-05-28,0.06762936624365404,bitcoin;ethereum;xrp;bitcoin-cash;eos;litecoin;cardano;stellar
2018-05-29,-0.006841826031315562,bitcoin;ethereum;xrp;bitcoin-cash;eos;litecoin;cardano;stellar
2018-05-30,0.018756825996116666,bitcoin;ethereum;xrp;bitcoin-cash;eos;litecoin;cardano;stellar
2018-05-31,0.00600648972949541,bitcoin;ethereum;xrp;bitcoin-cash;eos;litecoin;cardano;stellar
2018-06-01,0.030445954740820194,bitcoin;ethereum;xrp;bitcoin-cash;eos;litecoin;cardano;stellar
2018-06-02,0.02495046432264321,bitcoin;ethereum;xrp;bitcoin-cash;eos;litecoin;cardano;stellar
2018-06-03,-0.009740152621881416,bitcoin;ethereum;xrp;bitcoin-cash;eos;litecoin;cardano
2018-06-04,-0.001790563143347825,bitcoin;ethereum;xrp;bitcoin-cash;eos;litecoin;cardano;stellar
2018-06-05,-0.002392447030703582,bitcoin;ethereum;xrp;bitcoin-cash;eos;litecoin;cardano;stellar
2018-06-06,0.0036731851970196547,bitcoin;ethereum;xrp;bitcoin-cash;eos;litecoin;cardano;stellar
2018-06-07,-0.010222689316738273,bitcoin;ethereum;xrp;bitcoin-cash;eos;litecoin;stellar;cardano
2018-06-08,-0.012153986829050578,bitcoin;ethereum;xrp;bitcoin-cash;eos;litecoin;stellar
2018-06-09,-0.11890204225801211,bitcoin;ethereum;xrp;bitcoin-cash;eos;litecoin;stellar
2018-06-10,0.017664844698063998,bitcoin;ethereum;xrp;bitcoin-cash;eos;litecoin;stellar
2018-06-11,-0.06297155712319633,bitcoin;ethereum;xrp;bitcoin-cash;eos;litecoin;cardano
2018-06-12,-0.03793840545399061,bitcoin;ethereum;xrp;bitcoin-cash;eos;litecoin;cardano
2018-06-13,0.06269379127076777,bitcoin;ethereum;xrp;bitcoin-cash;eos;litecoin;stellar
2018-06-14,-0.04259794193901351,bitcoin;ethereum;xrp;bitcoin-cash;eos;litecoin;stellar
2018-06-15,0.011242522394355955,bitcoin;ethereum;xrp;bitcoin-cash;eos;litecoin;stellar
2018-06-16,-0.006159594314820387,bitcoin;ethereum;xrp;bitcoin-cash;eos;litecoin;stellar
2018-06-17,0.033120684464839865,bitcoin;ethereum;xrp;bitcoin-cash;eos;litecoin;stellar
2018-06-18,0.01493428195379463,bitcoin;ethereum;xrp;bitcoin-cash;eos;litecoin;stellar
2018-06-19,-0.004785962689609561,bitcoin;ethereum;xrp;bitcoin-cash;eos;litecoin;stellar
2018-06-20,-0.010184619170979245,bitcoin;ethereum;xrp;bitcoin-cash;eos;litecoin;stellar
2018-06-21,-0.11278293908510655,bitcoin;ethereum;xrp;bitcoin-cash;eos;litecoin
2018-06-22,0.01096908237074139,bitcoin;ethereum;xrp;bitcoin-cash;eos;litecoin
2018-06-23,-0.013463983222188872,bitcoin;ethereum;xrp;bitcoin-cash;eos;litecoin
2018-06-24,0.010527929092249956,bitcoin;ethereum;xrp;bitcoin-cash;eos;litecoin
2018-06-25,-0.04307978710255745,bitcoin;ethereum;xrp;bitcoin-cash;eos;litecoin
2018-06-26,0.01852798641535011,bitcoin;ethereum;xrp;bitcoin-cash;eos;litecoin
2018-06-27,-0.047645382300096246,bitcoin;ethereum;xrp;bitcoin-cash;eos;litecoin
2018-06-28,0.0447301734799093,bitcoin;ethereum;xrp;bitcoin-cash;eos;litecoin
2018-06-29,0.03436570339316107,bitcoin;ethereum;xrp;bitcoin-cash;eos;litecoin
2018-06-30,-0.004324735518841522,bitcoin;ethereum;xrp;bitcoin-cash;eos;litecoin
2018-07-01,0.04406305394770825,bitcoin;ethereum;xrp;bitcoin-cash;eos;litecoin;cardano
2018-07-02,-0.015118576491213778,bitcoin;ethereum;xrp;bitcoin-cash;eos;litecoin;cardano
2018-07-03,0.008979137271749196,bitcoin;ethereum;xrp;bitcoin-cash;eos;litecoin;stellar
2018-07-04,0.0035697589450805665,bitcoin;ethereum;xrp;bitcoin-cash;eos;litecoin;cardano
2018-07-05,4.3607482402180565e-4,bitcoin;ethereum;xrp;bitcoin-cash;eos;litecoin;stellar
2018-07-06,0.03099117861168906,bitcoin;ethereum;xrp;bitcoin-cash;eos;litecoin;stellar
2018-07-07,-0.014542563746793274,bitcoin;ethereum;xrp;bitcoin-cash;eos;litecoin;stellar
2018-07-08,-0.015062999732927736,bitcoin;ethereum;xrp;bitcoin-cash;eos;litecoin;stellar
2018-07-09,-0.07010547610696556,bitcoin;ethereum;xrp;bitcoin-cash;eos;litecoin
2018-07-10,0.015456095780997348,bitcoin;ethereum;xrp;bitcoin-cash;eos;litecoin
2018-07-11,-0.03053227937298323,bitcoin;ethereum;xrp;bitcoin-cash;eos;litecoin
2018-07-12,0.006990417444734072,bitcoin;ethereum;xrp;bitcoin-cash;eos;litecoin;stellar
2018-07-13,0.005618875510369576,bitcoin;ethereum;xrp;bitcoin-cash;eos;litecoin;stellar
2018-07-14,0.020961344236219624,bitcoin;ethereum;xrp;bitcoin-cash;eos;litecoin;stellar
2018-07-15,0.06715310796041242,bitcoin;ethereum;xrp;bitcoin-cash;eos;litecoin;stellar
2018-07-16,0.06726015450600219,bitcoin;ethereum;xrp;bitcoin-cash;eos;litecoin;stellar
2018-07-17,-0.007242464599106794,bitcoin;ethereum;xrp;bitcoin-cash;eos;stellar;litecoin
2018-07-18,-1.5655508440620355e-4,bitcoin;ethereum;xrp;bitcoin-cash;eos;stellar;litecoin
2018-07-19,-0.03187759926907279,bitcoin;ethereum;xrp;bitcoin-cash;eos;stellar
2018-07-20,0.016394147613227373,bitcoin;ethereum;xrp;bitcoin-cash;eos;stellar
2018-07-21,-0.003861361184425887,bitcoin;ethereum;xrp;bitcoin-cash;eos;stellar
2018-07-22,0.01846931770884471,bitcoin;ethereum;xrp;bitcoin-cash;eos;stellar
2018-07-23,0.07821443095177613,bitcoin;ethereum;xrp;bitcoin-cash;eos;stellar
2018-07-24,-0.020659564067700736,bitcoin;ethereum;xrp;bitcoin-cash;eos;stellar
2018-07-25,-0.02680544531139937,bitcoin;ethereum;xrp;bitcoin-cash;eos;stellar
2018-07-26,0.02094577438333646,bitcoin;ethereum;xrp;bitcoin-cash;eos;stellar
2018-07-27,2.992735214107528e-4,bitcoin;ethereum;xrp;bitcoin-cash;eos;stellar
2018-07-28,0.0020719244531921754,bitcoin;ethereum;xrp;bitcoin-cash;eos;stellar
2018-07-29,-0.012293423792410963,bitcoin;ethereum;xrp;bitcoin-cash;eos;stellar
2018-07-30,-0.04850765361420726,bitcoin;ethereum;xrp;bitcoin-cash;eos
2018-07-31,-0.017861613567542383,bitcoin;ethereum;xrp;bitcoin-cash;eos
2018-08-01,-0.015240577854238237,bitcoin;ethereum;xrp;bitcoin-cash;eos
2018-08-02,-0.006372653677005399,bitcoin;ethereum;xrp;bitcoin-cash;eos
2018-08-03,-0.045432532917377526,bitcoin;ethereum;xrp;bitcoin-cash;eos
2018-08-04,0.007440934809646898,bitcoin;ethereum;xrp;bitcoin-cash;eos;stellar
2018-08-05,-0.017394879238877343,bitcoin;ethereum;xrp;bitcoin-cash;eos
2018-08-06,-0.04368482483602754,bitcoin;ethereum;xrp;bitcoin-cash;eos
2018-08-07,-0.07866478288162251,bitcoin;ethereum;xrp;bitcoin-cash;eos
2018-08-08,0.03767975905636059,bitcoin;ethereum;xrp;bitcoin-cash;eos
2018-08-09,-0.06884506482461579,bitcoin;ethereum;xrp;bitcoin-cash;eos
2018-08-10,-0.001969962455702443,bitcoin;ethereum;xrp;bitcoin-cash;eos
2018-08-11,8.715171343947795e-4,bitcoin;ethereum;xrp;bitcoin-cash;eos
2018-08-12,-0.030685750010838286,bitcoin;ethereum;xrp;bitcoin-cash;stellar
2018-08-13,-0.01915166274827414,bitcoin;ethereum;xrp;bitcoin-cash;eos
2018-08-14,0.016566371853888498,bitcoin;ethereum;xrp;bitcoin-cash;eos
2018-08-15,0.008689996385989105,bitcoin;ethereum;xrp;bitcoin-cash;eos
2018-08-16,0.07413686330254446,bitcoin;ethereum;xrp;bitcoin-cash;eos
2018-08-17,-0.04262716987360798,bitcoin;ethereum;xrp;bitcoin-cash;eos
2018-08-18,0.01800257821562933,bitcoin;ethereum;xrp;bitcoin-cash;eos
2018-08-19,-0.050626408036774,bitcoin;ethereum;xrp;bitcoin-cash;eos
2018-08-20,0.03038127092454582,bitcoin;ethereum;xrp;bitcoin-cash;eos
2018-08-21,-0.024576886158705413,bitcoin;ethereum;xrp;bitcoin-cash;eos
2018-08-22,0.024125162622213356,bitcoin;ethereum;xrp;bitcoin-cash;eos
2018-08-23,0.023535809499337305,bitcoin;ethereum;xrp;bitcoin-cash;eos
2018-08-24,0.00270958308510523,bitcoin;ethereum;xrp;bitcoin-cash;eos
2018-08-25,-0.011252204638550917,bitcoin;ethereum;xrp;bitcoin-cash;eos
2018-08-26,0.03136485877934227,bitcoin;ethereum;xrp;bitcoin-cash;eos
2018-08-27,0.03465563178505093,bitcoin;ethereum;xrp;bitcoin-cash;eos
2018-08-28,-0.010170494360824262,bitcoin;ethereum;xrp;bitcoin-cash;eos
2018-08-29,-0.013297716766499792,bitcoin;ethereum;xrp;bitcoin-cash;eos
2018-08-30,0.00721627234054573,bitcoin;ethereum;xrp;bitcoin-cash;eos
2018-08-31,0.03265792150307453,bitcoin;ethereum;xrp;bitcoin-cash;eos
2018-09-01,0.008473934062580454,bitcoin;ethereum;xrp;bitcoin-cash;eos
2018-09-02,-0.007819323924279977,bitcoin;ethereum;xrp;bitcoin-cash;eos
2018-09-03,0.0065817180444425714,bitcoin;ethereum;xrp;bitcoin-cash;eos
2018-09-04,-0.11206703989084082,bitcoin;ethereum;xrp;bitcoin-cash;eos
2018-09-05,-0.02513907279595044,bitcoin;ethereum;xrp;bitcoin-cash;eos
2018-09-06,-0.020307714019355085,bitcoin;ethereum;xrp;bitcoin-cash;eos
2018-09-07,-0.04732374244072786,bitcoin;ethereum;xrp;bitcoin-cash;eos
2018-09-08,0.009577366700454481,bitcoin;ethereum;xrp;bitcoin-cash;eos
2018-09-09,-1.0537921632505398e-4,bitcoin;ethereum;xrp;bitcoin-cash;eos
2018-09-10,-0.013654835737713396,bitcoin;ethereum;xrp;bitcoin-cash;eos
2018-09-11,0.0028591999213929075,bitcoin;ethereum;xrp;bitcoin-cash;eos
2018-09-12,0.046640838897100224,bitcoin;ethereum;xrp;bitcoin-cash;eos
2018-09-13,-0.003388908849609708,bitcoin;ethereum;xrp;bitcoin-cash;eos
2018-09-14,0.012824722006364385,bitcoin;ethereum;xrp;bitcoin-cash;eos
2018-09-15,-0.004681610513411569,bitcoin;ethereum;xrp;bitcoin-cash;eos
2018-09-16,-0.04947407180105737,bitcoin;ethereum;xrp;bitcoin-cash;eos
2018-09-17,0.03482063334425172,bitcoin;ethereum;xrp;bitcoin-cash;eos
2018-09-18,0.00411252332123706,bitcoin;ethereum;xrp;bitcoin-cash;eos
2018-09-19,0.0623427588509127,bitcoin;ethereum;xrp;bitcoin-cash;eos
2018-09-20,0.06872179221127679,bitcoin;ethereum;xrp;bitcoin-cash;eos
2018-09-21,-0.004770599218884387,bitcoin;ethereum;xrp;bitcoin-cash;eos
2018-09-22,0.0016490120732438518,bitcoin;ethereum;xrp;bitcoin-cash;eos
2018-09-23,-0.04147960166653786,bitcoin;ethereum;xrp;bitcoin-cash;eos
2018-09-24,-0.016788323462211298,bitcoin;ethereum;xrp;bitcoin-cash;eos
2018-09-25,0.009665479204623835,bitcoin;ethereum;xrp;bitcoin-cash;eos
2018-09-26,0.03796899309394087,bitcoin;ethereum;xrp;bitcoin-cash;eos
2018-09-27,-0.009934891778414102,bitcoin;ethereum;xrp;bitcoin-cash;eos
2018-09-28,0.008549695072328849,bitcoin;ethereum;xrp;bitcoin-cash;eos
2018-09-29,0.004478916376670642,bitcoin;ethereum;xrp;bitcoin-cash;eos
2018-09-30,-0.0057246286315053236,bitcoin;ethereum;xrp;bitcoin-cash;eos
2018-10-01,-0.01799829429473187,bitcoin;ethereum;xrp;bitcoin-cash;eos
2018-10-02,-0.009681674061460805,bitcoin;ethereum;xrp;bitcoin-cash;eos
2018-10-03,0.00888342348560257,bitcoin;ethereum;xrp;bitcoin-cash;eos
2018-10-04,0.007033225168741124,bitcoin;ethereum;xrp;bitcoin-cash;eos
2018-10-05,-0.013603304492137935,bitcoin;ethereum;xrp;bitcoin-cash;eos
2018-10-06,0.0017471248419032822,bitcoin;ethereum;xrp;bitcoin-cash;eos
2018-10-07,0.010617152804484973,bitcoin;ethereum;xrp;bitcoin-cash;eos
2018-10-08,-0.00513641901369676,bitcoin;ethereum;xrp;bitcoin-cash;eos
2018-10-09,-0.011814361116257159,bitcoin;ethereum;xrp;bitcoin-cash;eos
2018-10-10,-0.08884856787279825,bitcoin;ethereum;xrp;bitcoin-cash;eos
2018-10-11,0.01804362272762036,bitcoin;ethereum;xrp;bitcoin-cash;eos
2018-10-12,0.004214163193674922,bitcoin;ethereum;xrp;bitcoin-cash;eos
2018-10-13,-0.007498152967514362,bitcoin;ethereum;xrp;bitcoin-cash;eos
2018-10-14,0.05642131067192429,bitcoin;ethereum;xrp;bitcoin-cash;eos
2018-10-15,0.005498472851660161,bitcoin;ethereum;xrp;bitcoin-cash;eos
2018-10-16,-0.008820045884635364,bitcoin;ethereum;xrp;bitcoin-cash;eos
2018-10-17,-0.013368470633655732,bitcoin;ethereum;xrp;bitcoin-cash;eos
2018-10-18,-0.001681033442704218,bitcoin;ethereum;xrp;bitcoin-cash;eos
2018-10-19,0.005707684558525662,bitcoin;ethereum;xrp;bitcoin-cash;eos
2018-10-20,-0.0011730775884332295,bitcoin;ethereum;xrp;bitcoin-cash;eos
2018-10-21,-0.0013348123249615111,bitcoin;ethereum;xrp;bitcoin-cash;eos
2018-10-22,8.95195383700803e-4,bitcoin;ethereum;xrp;bitcoin-cash;eos
2018-10-23,4.186750640978026e-4,bitcoin;ethereum;xrp;bitcoin-cash;eos
2018-10-24,-0.0028385102334540935,bitcoin;ethereum;xrp;bitcoin-cash;eos
2018-10-25,4.367406792257832e-4,bitcoin;ethereum;xrp;bitcoin-cash;eos
2018-10-26,2.7360246864644767e-4,bitcoin;ethereum;xrp;bitcoin-cash;eos
2018-10-27,0.003461239428835769,bitcoin;ethereum;xrp;bitcoin-cash;eos
2018-10-28,-0.03077823636084561,bitcoin;ethereum;xrp;bitcoin-cash;eos
2018-10-29,0.0016128734647328318,bitcoin;ethereum;xrp;bitcoin-cash;eos
2018-10-30,-5.572999330103808e-4,bitcoin;ethereum;xrp;bitcoin-cash;eos
2018-10-31,0.009872646850569966,bitcoin;ethereum;xrp;bitcoin-cash;eos
2018-11-01,0.007665715622965447,bitcoin;ethereum;xrp;bitcoin-cash;eos
2018-11-02,-0.0024085062315316974,bitcoin;ethereum;xrp;bitcoin-cash;eos
2018-11-03,0.018033534218629698,bitcoin;ethereum;xrp;bitcoin-cash;eos
2018-11-04,0.014064396401233602,bitcoin;ethereum;xrp;bitcoin-cash;eos
2018-11-05,0.031118250188690678,bitcoin;ethereum;xrp;bitcoin-cash;eos
2018-11-06,0.0016180361194468942,bitcoin;ethereum;xrp;bitcoin-cash;eos
2018-11-07,-0.025484183482374623,bitcoin;ethereum;xrp;bitcoin-cash;eos
2018-11-08,-0.010337157312947315,bitcoin;ethereum;xrp;bitcoin-cash;eos
2018-11-09,0.007319449735087693,bitcoin;ethereum;xrp;bitcoin-cash;stellar
2018-11-10,-0.0016336867514449547,bitcoin;ethereum;xrp;bitcoin-cash;stellar
2018-11-11,-0.004426095129600466,bitcoin;ethereum;xrp;bitcoin-cash;stellar
2018-11-12,-0.006611821236904927,bitcoin;ethereum;xrp;bitcoin-cash;stellar
2018-11-13,-0.10505043405613954,bitcoin;xrp;ethereum;bitcoin-cash;stellar
2018-11-14,-0.009829163828259966,bitcoin;xrp;ethereum;bitcoin-cash;stellar
2018-11-15,-0.01946929040046305,bitcoin;xrp;ethereum;bitcoin-cash;stellar
2018-11-16,0.002982656336502966,bitcoin;xrp;ethereum;bitcoin-cash;stellar
2018-11-17,0.015996950949039173,bitcoin;xrp;ethereum;bitcoin-cash;stellar
2018-11-18,-0.13370122366058015,bitcoin;xrp;ethereum;bitcoin-cash;stellar
2018-11-19,-0.10873872749526398,bitcoin;xrp;ethereum;bitcoin-cash;stellar
2018-11-20,0.035644083710135145,bitcoin;xrp;ethereum;bitcoin-cash;stellar
2018-11-21,-0.05762990135786512,bitcoin;xrp;ethereum;bitcoin-cash;stellar
2018-11-22,-0.014336371779446341,bitcoin;xrp;ethereum;bitcoin-cash;stellar
2018-11-23,-0.10550693220142286,bitcoin;xrp;ethereum;bitcoin-cash;eos
2018-11-24,0.026522224869611158,bitcoin;xrp;ethereum;bitcoin-cash;stellar
2018-11-25,-0.05802356011562618,bitcoin;xrp;ethereum;bitcoin-cash;eos
2018-11-26,0.010518901523872822,bitcoin;xrp;ethereum;bitcoin-cash;stellar
2018-11-27,0.10291082626738705,bitcoin;xrp;ethereum;bitcoin-cash;stellar
2018-11-28,-0.006095821997479102,bitcoin;xrp;ethereum;bitcoin-cash;stellar
2018-11-29,-0.056540736143672686,bitcoin;xrp;ethereum;stellar;bitcoin-cash
2018-11-30,0.04360338536312255,bitcoin;xrp;ethereum;stellar;bitcoin-cash
2018-12-01,-0.017574103527288255,bitcoin;xrp;ethereum;stellar;bitcoin-cash
2018-12-02,-0.061173793710600916,bitcoin;xrp;ethereum;stellar;bitcoin-cash
2018-12-03,0.011693480416009244,bitcoin;xrp;ethereum;stellar;bitcoin-cash
2018-12-04,-0.056015133093033145,bitcoin;xrp;ethereum;stellar;bitcoin-cash
2018-12-05,-0.07642778366082552,bitcoin;xrp;ethereum;stellar;bitcoin-cash
2018-12-06,-0.02370566080360485,bitcoin;xrp;ethereum;stellar;bitcoin-cash
2018-12-07,0.013753256591691803,bitcoin;xrp;ethereum;stellar;tether
2018-12-08,0.035842239564682694,bitcoin;xrp;ethereum;stellar;bitcoin-cash
2018-12-09,-0.03172663771965342,bitcoin;xrp;ethereum;stellar;tether
2018-12-10,-0.02155150442862383,bitcoin;xrp;ethereum;stellar;tether
2018-12-11,0.017657388718624784,bitcoin;xrp;ethereum;stellar;tether
2018-12-12,-0.04592554063700686,bitcoin;xrp;ethereum;stellar;tether
2018-12-13,-0.0254612687340514,bitcoin;xrp;ethereum;stellar;tether
2018-12-14,-0.00301142006458205,bitcoin;xrp;ethereum;tether;stellar
2018-12-15,0.00579022170067912,bitcoin;xrp;ethereum;tether;stellar
2018-12-16,0.1000575272013291,bitcoin;xrp;ethereum;eos;stellar
2018-12-17,0.048526675847150355,bitcoin;xrp;ethereum;eos;stellar
2018-12-18,0.013562738074962787,bitcoin;xrp;ethereum;eos;bitcoin-cash
2018-12-19,0.10938235383009749,bitcoin;xrp;ethereum;bitcoin-cash;eos
2018-12-20,-0.05617015356579054,bitcoin;xrp;ethereum;bitcoin-cash;eos
2018-12-21,0.02974694000843661,bitcoin;xrp;ethereum;bitcoin-cash;eos
2018-12-22,0.017725027235119355,bitcoin;xrp;ethereum;bitcoin-cash;eos
2018-12-23,0.03513240550883728,bitcoin;xrp;ethereum;bitcoin-cash;stellar
2018-12-24,-0.0682974140904588,bitcoin;xrp;ethereum;bitcoin-cash;stellar
2018-12-25,0.009927793571424363,bitcoin;xrp;ethereum;bitcoin-cash;eos
2018-12-26,-0.07383601783866153,bitcoin;xrp;ethereum;bitcoin-cash;stellar
2018-12-27,0.09203862722572559,bitcoin;xrp;ethereum;bitcoin-cash;eos
2018-12-28,-0.022691714638954856,bitcoin;xrp;ethereum;bitcoin-cash;eos
2018-12-29,0.010852074756932235,bitcoin;xrp;ethereum;bitcoin-cash;eos
2018-12-30,-0.038168915447888585,bitcoin;xrp;ethereum;bitcoin-cash;eos
2018-12-31,0.033579832648992045,bitcoin;xrp;ethereum;bitcoin-cash;eos
2019-01-01,0.038612281797614466,bitcoin;ethereum;xrp;bitcoin-cash;eos
2019-01-02,-0.03305475866885439,bitcoin;ethereum;xrp;bitcoin-cash;eos
2019-01-03,0.008025574983572854,bitcoin;ethereum;xrp;bitcoin-cash;eos
2019-01-04,-0.001989935914162959,bitcoin;ethereum;xrp;bitcoin-cash;eos
2019-01-05,0.048124858968835685,bitcoin;ethereum;xrp;bitcoin-cash;eos
2019-01-06,-0.01755024728710492,bitcoin;ethereum;xrp;bitcoin-cash;eos
2019-01-07,3.4731926112025315e-4,bitcoin;ethereum;xrp;bitcoin-cash;eos
2019-01-08,0.004003440707541568,bitcoin;ethereum;xrp;bitcoin-cash;eos
2019-01-09,-0.1080166943601694,bitcoin;xrp;ethereum;bitcoin-cash;eos
2019-01-10,-2.9564158582108606e-4,bitcoin;xrp;ethereum;bitcoin-cash;eos
2019-01-11,-0.00764492428338493,bitcoin;xrp;ethereum;bitcoin-cash;eos
2019-01-12,-0.03821727002847294,bitcoin;xrp;ethereum;bitcoin-cash;eos
2019-01-13,0.05263174040218309,bitcoin;xrp;ethereum;bitcoin-cash;eos
2019-01-14,-0.026021748780559822,bitcoin;xrp;ethereum;bitcoin-cash;eos
2019-01-15,0.007826398459088996,bitcoin;xrp;ethereum;bitcoin-cash;eos
2019-01-16,0.0055978183275086964,bitcoin;xrp;ethereum;bitcoin-cash;eos;stellar
2019-01-17,-0.009919108766859428,bitcoin;xrp;ethereum;bitcoin-cash;eos
2019-01-18,0.02006403518999949,bitcoin;xrp;ethereum;bitcoin-cash;eos;stellar
2019-01-19,-0.034929216316433365,bitcoin;xrp;ethereum;bitcoin-cash;eos;tether
2019-01-20,-0.007741454993960418,bitcoin;xrp;ethereum;bitcoin-cash;eos;tether
2019-01-21,0.008361121405574247,bitcoin;xrp;ethereum;bitcoin-cash;eos;tether
2019-01-22,-0.0056665174681406975,bitcoin;xrp;ethereum;bitcoin-cash;eos;tether
2019-01-23,0.0028864976394408944,bitcoin;xrp;ethereum;bitcoin-cash;eos;tether
2019-01-24,-0.0016074172983252819,bitcoin;xrp;ethereum;bitcoin-cash;eos;tether
2019-01-25,-0.0010808472704893224,bitcoin;xrp;ethereum;bitcoin-cash;eos;tether
2019-01-26,-0.010296317933547038,bitcoin;xrp;ethereum;bitcoin-cash;eos;tether
2019-01-27,-0.03793835561014735,bitcoin;xrp;ethereum;eos;tether
2019-01-28,-0.007829222039922321,bitcoin;xrp;ethereum;eos;tether
2019-01-29,0.028371143708822554,bitcoin;xrp;ethereum;eos;bitcoin-cash
2019-01-30,-0.012699826268723055,bitcoin;xrp;ethereum;eos;tether
2019-01-31,0.006437955297774199,bitcoin;xrp;ethereum;eos;bitcoin-cash
2019-02-01,0.012824392585918132,bitcoin;xrp;ethereum;eos;bitcoin-cash
2019-02-02,-0.01967187776581415,bitcoin;xrp;ethereum;eos;bitcoin-cash
2019-02-03,-0.0012554339112745118,bitcoin;xrp;ethereum;eos;bitcoin-cash
2019-02-04,1.3589819627726735e-4,bitcoin;xrp;ethereum;eos;bitcoin-cash
2019-02-05,-0.018377986966172016,bitcoin;xrp;ethereum;eos;bitcoin-cash
2019-02-06,-0.0030026037914982566,bitcoin;xrp;ethereum;eos;bitcoin-cash
2019-02-07,0.08910562343557397,bitcoin;xrp;ethereum;litecoin;eos
2019-02-08,0.002274710810694725,bitcoin;xrp;ethereum;litecoin;eos
2019-02-09,0.010747949653027281,bitcoin;ethereum;xrp;litecoin;eos
2019-02-10,-0.017670644092425476,bitcoin;ethereum;xrp;litecoin;eos
2019-02-11,0.0057737427791780685,bitcoin;ethereum;xrp;eos;litecoin
2019-02-12,-0.0062854715118987594,bitcoin;ethereum;xrp;eos;litecoin
2019-02-13,-0.006593569138495397,bitcoin;ethereum;xrp;litecoin;eos
2019-02-14,0.002646014325554804,bitcoin;ethereum;xrp;litecoin;eos
2019-02-15,0.0036831463397505684,bitcoin;ethereum;xrp;litecoin;eos
2019-02-16,0.02134992823331394,bitcoin;ethereum;xrp;litecoin;eos
2019-02-17,0.07129026278413607,bitcoin;ethereum;xrp;eos;litecoin
2019-02-18,0.0061863505281766085,bitcoin;ethereum;xrp;eos;litecoin
2019-02-19,0.02205386298708957,bitcoin;ethereum;xrp;eos;litecoin
2019-02-20,-0.018011942293557244,bitcoin;ethereum;xrp;eos;litecoin
2019-02-21,0.012906387689836277,bitcoin;ethereum;xrp;eos;litecoin
2019-02-22,0.0401284723898583,bitcoin;ethereum;xrp;eos;litecoin
2019-02-23,-0.10040285430805759,bitcoin;ethereum;xrp;eos;litecoin
2019-02-24,0.028940614829867803,bitcoin;ethereum;xrp;eos;litecoin
2019-02-25,-0.011775879866442808,bitcoin;ethereum;xrp;eos;litecoin
2019-02-26,-0.004623893585929439,bitcoin;ethereum;xrp;eos;litecoin
2019-02-27,0.0025843105694011424,bitcoin;ethereum;xrp;eos;litecoin
2019-02-28,0.002070250653299223,bitcoin;ethereum;xrp;eos;litecoin;bitcoin-cash
2019-03-01,-0.0014330888185688905,bitcoin;ethereum;xrp;eos;litecoin;bitcoin-cash
2019-03-02,-0.006187229879912106,bitcoin;ethereum;xrp;eos;litecoin;bitcoin-cash
2019-03-03,-0.027169760934800478,bitcoin;ethereum;xrp;eos;litecoin;bitcoin-cash
2019-03-04,0.04804415858129877,bitcoin;ethereum;xrp;eos;litecoin;bitcoin-cash
2019-03-05,0.004026334548544488,bitcoin;ethereum;xrp;eos;litecoin;bitcoin-cash
2019-03-06,4.168639710290565e-4,bitcoin;ethereum;xrp;litecoin;eos;bitcoin-cash
2019-03-07,-0.00885556763168239,bitcoin;ethereum;xrp;litecoin;eos;bitcoin-cash
2019-03-08,0.01770473638612802,bitcoin;ethereum;xrp;litecoin;eos;bitcoin-cash
2019-03-09,-0.004371511925266863,bitcoin;ethereum;xrp;litecoin;eos;bitcoin-cash
2019-03-10,-0.014112078159527856,bitcoin;ethereum;xrp;litecoin;eos;bitcoin-cash
2019-03-11,0.0022337895348069755,bitcoin;ethereum;xrp;litecoin;eos;bitcoin-cash
2019-03-12,-0.0010483270095486973,bitcoin;ethereum;xrp;litecoin;eos;bitcoin-cash
2019-03-13,0.004096129789178822,bitcoin;ethereum;xrp;litecoin;eos;bitcoin-cash
2019-03-14,0.014954883203826859,bitcoin;ethereum;xrp;litecoin;eos;bitcoin-cash
2019-03-15,0.02581172554939683,bitcoin;ethereum;xrp;litecoin;eos;bitcoin-cash
2019-03-16,-0.008238350943688775,bitcoin;ethereum;xrp;litecoin;eos;bitcoin-cash
2019-03-17,8.184590698724511e-4,bitcoin;ethereum;xrp;litecoin;eos;bitcoin-cash
2019-03-18,0.008458463936104138,bitcoin;ethereum;xrp;litecoin;eos;bitcoin-cash
2019-03-19,0.0024602592762713337,bitcoin;ethereum;xrp;litecoin;eos;bitcoin-cash
2019-03-20,-0.018351049302878793,bitcoin;ethereum;xrp;litecoin;eos;bitcoin-cash
2019-03-21,9.031132889092736e-4,bitcoin;ethereum;xrp;litecoin;eos;bitcoin-cash;bnb
2019-03-22,0.005859858570914145,bitcoin;ethereum;xrp;litecoin;eos;bitcoin-cash;bnb
2019-03-23,-0.002987736560250959,bitcoin;ethereum;xrp;litecoin;eos;bitcoin-cash;bnb
2019-03-24,-0.01474146592322865,bitcoin;ethereum;xrp;litecoin;eos;bitcoin-cash;bnb
2019-03-25,0.004269348217735015,bitcoin;ethereum;xrp;litecoin;eos;bitcoin-cash;bnb
2019-03-26,0.033035499115023625,bitcoin;ethereum;xrp;eos;litecoin;bitcoin-cash;bnb
2019-03-27,-0.0069680951253237805,bitcoin;ethereum;xrp;eos;litecoin;bitcoin-cash;bnb
2019-03-28,0.0069365899978852145,bitcoin;ethereum;xrp;eos;litecoin;bitcoin-cash;bnb
2019-03-29,6.302062247126472e-4,bitcoin;ethereum;xrp;eos;litecoin;bitcoin-cash;bnb
2019-03-30,-1.8986615108196634e-4,bitcoin;ethereum;xrp;eos;litecoin;bitcoin-cash;bnb
2019-03-31,0.010402468614412424,bitcoin;ethereum;xrp;eos;litecoin;bitcoin-cash;bnb
2019-04-01,0.1621316237234522,bitcoin;ethereum;xrp;litecoin;eos;bitcoin-cash
2019-04-02,0.022305378641469618,bitcoin;ethereum;xrp;bitcoin-cash;litecoin;eos
2019-04-03,-0.014862331940478148,bitcoin;ethereum;xrp;litecoin;bitcoin-cash;eos
2019-04-04,0.033930134595862894,bitcoin;ethereum;xrp;litecoin;bitcoin-cash;eos;bnb
2019-04-05,0.004678750898713705,bitcoin;ethereum;xrp;litecoin;bitcoin-cash;eos
2019-04-06,0.02809277204574747,bitcoin;ethereum;xrp;bitcoin-cash;litecoin;eos
2019-04-07,0.013372239996034803,bitcoin;ethereum;xrp;bitcoin-cash;litecoin;eos
2019-04-08,-0.01904507710620358,bitcoin;ethereum;xrp;litecoin;bitcoin-cash;eos
2019-04-09,0.020963112418468956,bitcoin;ethereum;xrp;litecoin;bitcoin-cash;eos
2019-04-10,-0.06006477366308816,bitcoin;ethereum;xrp;litecoin;eos;bitcoin-cash
2019-04-11,0.002523611931209906,bitcoin;ethereum;xrp;bitcoin-cash;eos;litecoin
2019-04-12,-3.8564796095680515e-4,bitcoin;ethereum;xrp;bitcoin-cash;eos;litecoin
2019-04-13,0.017312365800107532,bitcoin;ethereum;xrp;bitcoin-cash;litecoin;eos
2019-04-14,-0.019557649569501664,bitcoin;ethereum;xrp;bitcoin-cash;eos;litecoin
2019-04-15,0.03090478502404666,bitcoin;ethereum;xrp;bitcoin-cash;eos;litecoin
2019-04-16,0.0016837168727734553,bitcoin;ethereum;xrp;bitcoin-cash;eos;litecoin
2019-04-17,0.012546039590051164,bitcoin;ethereum;xrp;bitcoin-cash;litecoin;eos
2019-04-18,-7.886732203602618e-4,bitcoin;ethereum;xrp;bitcoin-cash;litecoin;eos
2019-04-19,0.0019170142898634322,bitcoin;ethereum;xrp;bitcoin-cash;litecoin;eos
2019-04-20,-0.011967079595697839,bitcoin;ethereum;xrp;bitcoin-cash;eos;litecoin
2019-04-21,0.012623026011952237,bitcoin;ethereum;xrp;bitcoin-cash;eos;litecoin
2019-04-22,0.018785057144535773,bitcoin;ethereum;xrp;bitcoin-cash;eos;litecoin
2019-04-23,-0.027564052031890735,bitcoin;ethereum;xrp;bitcoin-cash;eos;litecoin
2019-04-24,-0.04932738784186517,bitcoin;ethereum;xrp;bitcoin-cash;litecoin;eos
2019-04-25,0.014872089914772978,bitcoin;ethereum;xrp;bitcoin-cash;litecoin;eos
2019-04-26,-9.871215246596875e-4,bitcoin;ethereum;xrp;bitcoin-cash;eos;litecoin
2019-04-27,-5.949585421993218e-4,bitcoin;ethereum;xrp;bitcoin-cash;eos;litecoin
2019-04-28,-0.012109849648080801,bitcoin;ethereum;xrp;eos;bitcoin-cash;litecoin
2019-04-29,0.032755978016383185,bitcoin;ethereum;xrp;bitcoin-cash;litecoin;eos
2019-04-30,0.004120776423734719,bitcoin;ethereum;xrp;bitcoin-cash;litecoin;eos
2019-05-01,0.013418072436522481,bitcoin;ethereum;xrp;bitcoin-cash;litecoin;eos
2019-05-02,0.04513982440920906,bitcoin;ethereum;xrp;bitcoin-cash;litecoin;eos
2019-05-03,0.0022362551665212897,bitcoin;ethereum;xrp;bitcoin-cash;litecoin;eos
2019-05-04,-0.006254501281648336,bitcoin;ethereum;xrp;bitcoin-cash;litecoin;eos
2019-05-05,-1.7860476646691472e-4,bitcoin;ethereum;xrp;bitcoin-cash;eos;litecoin
2019-05-06,0.007148834868097457,bitcoin;ethereum;xrp;bitcoin-cash;litecoin
2019-05-07,0.019785081484974022,bitcoin;ethereum;xrp;bitcoin-cash;litecoin
2019-05-08,0.021025764617990293,bitcoin;ethereum;xrp;bitcoin-cash;litecoin
2019-05-09,0.028587013677149418,bitcoin;ethereum;xrp;bitcoin-cash;litecoin
2019-05-10,0.1215993992070013,bitcoin;ethereum;xrp;bitcoin-cash;litecoin
2019-05-11,-0.03389941064176317,bitcoin;ethereum;xrp;bitcoin-cash;litecoin
2019-05-12,0.10038072750537576,bitcoin;ethereum;xrp;bitcoin-cash
2019-05-13,0.05031552621454792,bitcoin;ethereum;xrp;bitcoin-cash
2019-05-14,0.049829197836201634,bitcoin;ethereum;xrp;bitcoin-cash;litecoin
2019-05-15,-0.026392901228277543,bitcoin;ethereum;xrp;bitcoin-cash;eos
2019-05-16,-0.07400853364984233,bitcoin;ethereum;xrp;bitcoin-cash;litecoin
2019-05-17,-0.016765019530159287,bitcoin;ethereum;xrp;bitcoin-cash;eos
2019-05-18,0.11872917044907066,bitcoin;ethereum;xrp;bitcoin-cash;eos
2019-05-19,-0.030313571524243913,bitcoin;ethereum;xrp;bitcoin-cash;eos
2019-05-20,9.992023612435872e-4,bitcoin;ethereum;xrp;bitcoin-cash;eos
2019-05-21,-0.039469294825736634,bitcoin;ethereum;xrp;bitcoin-cash;litecoin
2019-05-22,0.02185088988432068,bitcoin;ethereum;xrp;bitcoin-cash;litecoin
2019-05-23,0.015983803820108874,bitcoin;ethereum;xrp;bitcoin-cash;litecoin
2019-05-24,0.008230936512262086,bitcoin;ethereum;xrp;bitcoin-cash;litecoin
2019-05-25,0.07039221321857336,bitcoin;ethereum;xrp;bitcoin-cash;litecoin
2019-05-26,0.024534000497507102,bitcoin;ethereum;xrp;bitcoin-cash;eos
2019-05-27,-0.005484385425836652,bitcoin;ethereum;xrp;bitcoin-cash;eos
2019-05-28,-0.005329167677259583,bitcoin;ethereum;xrp;bitcoin-cash;eos
2019-05-29,-0.04467062872909118,bitcoin;ethereum;xrp;bitcoin-cash;eos
2019-05-30,0.037819077661082466,bitcoin;ethereum;xrp;bitcoin-cash;eos
2019-05-31,-0.007688224063772185,bitcoin;ethereum;xrp;bitcoin-cash;eos
2019-06-01,0.020666121751369435,bitcoin;ethereum;xrp;bitcoin-cash;eos
2019-06-02,-0.06266050120740334,bitcoin;ethereum;xrp;bitcoin-cash;litecoin
2019-06-03,-0.060202103571936894,bitcoin;ethereum;xrp;bitcoin-cash;litecoin
2019-06-04,0.016255276082788483,bitcoin;ethereum;xrp;bitcoin-cash;litecoin
2019-06-05,0.007027916755490952,bitcoin;ethereum;xrp;bitcoin-cash;litecoin
2019-06-06,0.02370197511146172,bitcoin;ethereum;xrp;litecoin;bitcoin-cash
2019-06-07,-0.013219963470982834,bitcoin;ethereum;xrp;litecoin;bitcoin-cash
2019-06-08,-0.03852237385807781,bitcoin;ethereum;xrp;litecoin;bitcoin-cash
2019-06-09,0.04451970792378932,bitcoin;ethereum;xrp;litecoin;bitcoin-cash
2019-06-10,-0.007037221897210336,bitcoin;ethereum;xrp;litecoin;bitcoin-cash
2019-06-11,0.02944285906128697,bitcoin;ethereum;xrp;litecoin;bitcoin-cash
2019-06-12,0.0048613557033174845,bitcoin;ethereum;xrp;litecoin;bitcoin-cash
2019-06-13,0.045436322016850404,bitcoin;ethereum;xrp;litecoin;bitcoin-cash
2019-06-14,0.01669635215091542,bitcoin;ethereum;xrp;litecoin;bitcoin-cash
2019-06-15,0.016144940559733555,bitcoin;ethereum;xrp;litecoin;bitcoin-cash
2019-06-16,0.03152373865823441,bitcoin;ethereum;xrp;litecoin;bitcoin-cash
2019-06-17,-0.027906155992410024,bitcoin;ethereum;xrp;litecoin;bitcoin-cash
2019-06-18,0.019310093966548453,bitcoin;ethereum;xrp;litecoin;bitcoin-cash
2019-06-19,0.018878474912713005,bitcoin;ethereum;xrp;litecoin;bitcoin-cash
2019-06-20,0.06138502331411127,bitcoin;ethereum;xrp;litecoin;bitcoin-cash
2019-06-21,0.05402032286008623,bitcoin;ethereum;xrp;litecoin;bitcoin-cash
2019-06-22,0.0072856679013768265,bitcoin;ethereum;xrp;litecoin;bitcoin-cash
2019-06-23,0.011592016697242085,bitcoin;ethereum;xrp;bitcoin-cash;litecoin
2019-06-24,0.05572591232820875,bitcoin;ethereum;xrp;bitcoin-cash
2019-06-25,0.08446790982223402,bitcoin;ethereum;xrp;bitcoin-cash
2019-06-26,-0.14880122541775642,bitcoin;ethereum;xrp;bitcoin-cash
2019-06-27,0.0930095187039587,bitcoin;ethereum;xrp;bitcoin-cash
2019-06-28,-0.021533359173586293,bitcoin;ethereum;xrp;litecoin
2019-06-29,-0.09812489368029655,bitcoin;ethereum;xrp;litecoin
2019-06-30,-0.01361682239949544,bitcoin;ethereum;xrp;litecoin
2019-07-01,0.013010610038882616,bitcoin;ethereum;xrp;litecoin
2019-07-02,0.08704877399660425,bitcoin;ethereum;xrp;litecoin
2019-07-03,-0.062020518184919604,bitcoin;ethereum;xrp;litecoin
2019-07-04,-0.0172644960973361,bitcoin;ethereum;xrp;litecoin
2019-07-05,0.017676429035847655,bitcoin;ethereum;xrp;litecoin
2019-07-06,0.0262903681983271,bitcoin;ethereum;xrp;litecoin
2019-07-07,0.05990614080774803,bitcoin;ethereum;xrp;litecoin
2019-07-08,0.016118798768869805,bitcoin;ethereum;xrp
2019-07-09,-0.03994275855326877,bitcoin;ethereum;xrp
2019-07-10,-0.07050525336997211,bitcoin;ethereum;xrp
2019-07-11,0.03819923634210696,bitcoin;ethereum;xrp
2019-07-12,-0.03509043408125061,bitcoin;ethereum;xrp
2019-07-13,-0.11068807854090545,bitcoin;ethereum;xrp
2019-07-14,0.053221786136931966,bitcoin;ethereum;xrp
2019-07-15,-0.13484538613578828,bitcoin;ethereum;xrp
2019-07-16,0.028076990171531993,bitcoin;ethereum;xrp
2019-07-17,0.08938557686508884,bitcoin;ethereum;xrp
2019-07-18,-0.013624787459743477,bitcoin;ethereum;xrp
2019-07-19,0.024526920092493392,bitcoin;ethereum;xrp
2019-07-20,-0.014922693005395154,bitcoin;ethereum;xrp;litecoin
2019-07-21,-0.026393647616060674,bitcoin;ethereum;xrp;litecoin
2019-07-22,-0.04138244826256063,bitcoin;ethereum;xrp;litecoin
2019-07-23,-0.0028205017638316663,bitcoin;ethereum;xrp;litecoin
2019-07-24,0.008948231602908046,bitcoin;ethereum;xrp;litecoin
2019-07-25,-0.0013923122153368128,bitcoin;ethereum;xrp;litecoin
2019-07-26,-0.04287190420072182,bitcoin;ethereum;xrp;litecoin
2019-07-27,0.008893978724971304,bitcoin;ethereum;xrp;litecoin
2019-07-28,-0.0029318477565936133,bitcoin;ethereum;xrp;litecoin
2019-07-29,0.008675309306920353,bitcoin;ethereum;xrp;litecoin
2019-07-30,0.04591870189609488,bitcoin;ethereum;xrp;litecoin
2019-07-31,0.02458908123495335,bitcoin;ethereum;xrp
2019-08-01,0.008463456095366343,bitcoin;ethereum;xrp
2019-08-02,0.026820155099486303,bitcoin;ethereum;xrp
2019-08-03,0.012083822401301174,bitcoin;ethereum;xrp
2019-08-04,0.06766825181590919,bitcoin;ethereum;xrp
2019-08-05,-0.029452537786389118,bitcoin;ethereum;xrp
2019-08-06,0.03393812025143915,bitcoin;ethereum;xrp
2019-08-07,-0.001291093777131727,bitcoin;ethereum;xrp
2019-08-08,-0.013627122307668747,bitcoin;ethereum;xrp
2019-08-09,-0.03882787280352309,bitcoin;ethereum;xrp
2019-08-10,0.017420167036593198,bitcoin;ethereum;xrp
2019-08-11,-0.01289538183788327,bitcoin;ethereum;xrp
2019-08-12,-0.03890934023032525,bitcoin;ethereum;xrp
2019-08-13,-0.08566461266874006,bitcoin;ethereum;xrp
2019-08-14,0.023041013594313188,bitcoin;ethereum;xrp
2019-08-15,0.003120468348233931,bitcoin;ethereum;xrp
2019-08-16,-0.010936858290551469,bitcoin;ethereum;xrp
2019-08-17,0.01727974083854735,bitcoin;ethereum;xrp
2019-08-18,0.0499470739598484,bitcoin;ethereum;xrp
2019-08-19,-0.01650897170537333,bitcoin;ethereum;xrp
2019-08-20,-0.05763536449129944,bitcoin;ethereum;xrp
2019-08-21,0.00262517754791349,bitcoin;ethereum;xrp
2019-08-22,0.025706979352833937,bitcoin;ethereum;xrp
2019-08-23,-0.02297774437564495,bitcoin;ethereum;xrp
2019-08-24,-0.004509193893352467,bitcoin;ethereum;xrp
2019-08-25,0.0205042550161667,bitcoin;ethereum;xrp
2019-08-26,-0.01629885767925075,bitcoin;ethereum;xrp
2019-08-27,-0.046348793495628336,bitcoin;ethereum;xrp
2019-08-28,-0.0240510468391282,bitcoin;ethereum;xrp
2019-08-29,0.0073312761485125645,bitcoin;ethereum;xrp
2019-08-30,0.005476173289809203,bitcoin;ethereum;xrp
2019-08-31,0.010549931943175139,bitcoin;ethereum;xrp
2019-09-01,0.054302442882081754,bitcoin;ethereum;xrp
2019-09-02,0.02375555630221172,bitcoin;ethereum;xrp
2019-09-03,-0.00469019075541793,bitcoin;ethereum;xrp
2019-09-04,-0.003108130689021921,bitcoin;ethereum;xrp
2019-09-05,-0.021260612756409843,bitcoin;ethereum;xrp
2019-09-06,0.019379216155542386,bitcoin;ethereum;xrp
2019-09-07,-0.004209133720116006,bitcoin;ethereum;xrp
2019-09-08,-0.00957905118194789,bitcoin;ethereum;xrp
2019-09-09,-0.019205786326136575,bitcoin;ethereum;xrp
2019-09-10,0.00419262171155559,bitcoin;ethereum;xrp
2019-09-11,0.020272687957511908,bitcoin;ethereum;xrp
2019-09-12,-0.003906631301314488,bitcoin;ethereum;xrp
2019-09-13,0.00445291672801615,bitcoin;ethereum;xrp
2019-09-14,7.715849884499107e-5,bitcoin;ethereum;xrp
2019-09-15,-0.0022718505028129143,bitcoin;ethereum;xrp
2019-09-16,0.007871157894308013,bitcoin;ethereum;xrp
2019-09-17,0.003787738290507377,bitcoin;ethereum;xrp
2019-09-18,0.008316183106666281,bitcoin;ethereum;xrp
2019-09-19,-0.010047344956656218,bitcoin;ethereum;xrp
2019-09-20,-0.015631914323724874,bitcoin;ethereum;xrp
2019-09-21,2.0152259022732075e-4,bitcoin;ethereum;xrp
2019-09-22,-0.03588994531780548,bitcoin;ethereum;xrp
2019-09-23,-0.12782417246958397,bitcoin;ethereum;xrp
2019-09-24,-0.008722820893481234,bitcoin;ethereum;xrp
2019-09-25,-0.04028538842566103,bitcoin;ethereum;xrp
2019-09-26,0.0185731109846692,bitcoin;ethereum;xrp
2019-09-27,-0.0010350904171249026,bitcoin;ethereum;xrp
2019-09-28,-0.01725457596463484,bitcoin;ethereum;xrp
2019-09-29,0.02859548887277934,bitcoin;ethereum;xrp
2019-09-30,0.0019344901739299352,bitcoin;ethereum;xrp
2019-10-01,0.0079273801448078475,bitcoin;ethereum;xrp
2019-10-02,-0.017973079067333586,bitcoin;ethereum;xrp
2019-10-03,-0.0028686884350896495,bitcoin;ethereum;xrp
2019-10-04,-0.006029213773041305,bitcoin;ethereum;xrp
2019-10-05,-0.017729445598819005,bitcoin;ethereum;xrp
2019-10-06,0.03563130167015375,bitcoin;ethereum;xrp
2019-10-07,-5.102765877716008e-4,bitcoin;ethereum;xrp
2019-10-08,0.043366946614087784,bitcoin;ethereum;xrp
2019-10-09,-0.004000981656833178,bitcoin;ethereum;xrp
2019-10-10,-0.03140545895275304,bitcoin;ethereum;xrp
2019-10-11,9.350807724103919e-4,bitcoin;ethereum;xrp
2019-10-12,3.0343748119358545e-4,bitcoin;ethereum;xrp
2019-10-13,0.01274279541566723,bitcoin;ethereum;xrp
2019-10-14,-0.021925078321642037,bitcoin;ethereum;xrp
2019-10-15,-0.020219726776525834,bitcoin;ethereum;xrp
2019-10-16,0.011359044485967449,bitcoin;ethereum;xrp
2019-10-17,-0.01780387261986518,bitcoin;ethereum;xrp
2019-10-18,6.548473812413362e-4,bitcoin;ethereum;xrp
2019-10-19,0.025597181711427663,bitcoin;ethereum;xrp
2019-10-20,0.0015115360862908345,bitcoin;ethereum;xrp
2019-10-21,-0.018622427215166194,bitcoin;ethereum;xrp
2019-10-22,-0.07014963915316709,bitcoin;ethereum;xrp
2019-10-23,-0.0013176544086521825,bitcoin;ethereum;xrp
2019-10-24,0.1361920420275781,bitcoin;ethereum;xrp
2019-10-25,0.0528328311150622,bitcoin;ethereum;xrp
2019-10-26,0.03070189374954182,bitcoin;ethereum;xrp
2019-10-27,-0.027601427053210555,bitcoin;ethereum;xrp
2019-10-28,0.020773224580934672,bitcoin;ethereum;xrp
2019-10-29,-0.024087672242560393,bitcoin;ethereum;xrp
2019-10-30,-9.953147155393896e-4,bitcoin;ethereum;xrp
2019-10-31,0.004777319176222711,bitcoin;ethereum;xrp
2019-11-01,0.006489855665051429,bitcoin;ethereum;xrp
2019-11-02,-0.009955392095551026,bitcoin;ethereum;xrp
2019-11-03,0.019902254052741198,bitcoin;ethereum;xrp
2019-11-04,-0.004354062701477873,bitcoin;ethereum;xrp
2019-11-05,0.004771328815355421,bitcoin;ethereum;xrp
2019-11-06,-0.014010676350535699,bitcoin;ethereum;xrp
2019-11-07,-0.048167554691215406,bitcoin;ethereum;xrp
2019-11-08,0.002024159183961538,bitcoin;ethereum;xrp
2019-11-09,0.025058535525589044,bitcoin;ethereum;xrp
2019-11-10,-0.03120369836412312,bitcoin;ethereum;xrp
2019-11-11,0.0056514757665279474,bitcoin;ethereum;xrp
2019-11-12,2.4847943707214726e-4,bitcoin;ethereum;xrp
2019-11-13,-0.011399650683331226,bitcoin;ethereum;xrp
2019-11-14,-0.026111116327185668,bitcoin;ethereum;xrp
2019-11-15,0.00792158948099991,bitcoin;ethereum;xrp
2019-11-16,0.003993897984870196,bitcoin;ethereum;xrp
2019-11-17,-0.031385690364767335,bitcoin;ethereum;xrp
2019-11-18,-0.012031266191733654,bitcoin;ethereum;xrp
2019-11-19,-0.020607686873212145,bitcoin;ethereum;xrp
2019-11-20,-0.051656799092754384,bitcoin;ethereum;xrp
2019-11-21,-0.049292161103024396,bitcoin;ethereum;xrp
2019-11-22,0.01487252718494221,bitcoin;ethereum;xrp
2019-11-23,-0.05131228733022882,bitcoin;ethereum;xrp
2019-11-24,0.012894193256868013,bitcoin;ethereum;xrp
2019-11-25,0.011126500852488288,bitcoin;ethereum;xrp
2019-11-26,0.039119266218537986,bitcoin;ethereum;xrp
2019-11-27,-0.008662151970322466,bitcoin;ethereum;xrp
2019-11-28,0.03671892830072417,bitcoin;ethereum;xrp
2019-11-29,-0.023766023962480454,bitcoin;ethereum;xrp
2019-11-30,-0.017441698683011146,bitcoin;ethereum;xrp
2019-12-01,-0.0146258906361847,bitcoin;ethereum;xrp
2019-12-02,-8.882458174617739e-4,bitcoin;ethereum;xrp
2019-12-03,-0.009638265883626087,bitcoin;ethereum;xrp
2019-12-04,0.02590924094569092,bitcoin;ethereum;xrp
2019-12-05,0.011710837186174872,bitcoin;ethereum;xrp
2019-12-06,0.001529906066743119,bitcoin;ethereum;xrp
2019-12-07,0.0031066979013846,bitcoin;ethereum;xrp
2019-12-08,-0.02168923134523388,bitcoin;ethereum;xrp
2019-12-09,-0.015664945973507767,bitcoin;ethereum;xrp
2019-12-10,-0.009479675831918038,bitcoin;ethereum;xrp
2019-12-11,0.0037734524880266183,bitcoin;ethereum;xrp
2019-12-12,0.002858945266744494,bitcoin;ethereum;xrp
2019-12-13,-0.019286819478520845,bitcoin;ethereum;xrp
2019-12-14,0.0037661841316895157,bitcoin;ethereum;xrp
2019-12-15,-0.03621491716998651,bitcoin;ethereum;xrp
2019-12-16,-0.05143775843203204,bitcoin;ethereum;xrp
2019-12-17,0.08920357859795033,bitcoin;ethereum;xrp
2019-12-18,-0.012869198182303669,bitcoin;ethereum;xrp
2019-12-19,0.0029938413644322367,bitcoin;ethereum;xrp
2019-12-20,-0.004290370358999849,bitcoin;ethereum;xrp
2019-12-21,0.041050091675016095,bitcoin;ethereum;xrp
2019-12-22,-0.022225191343817976,bitcoin;ethereum;xrp
2019-12-23,-0.0031896710745385306,bitcoin;ethereum;xrp
2019-12-24,-0.007805647911832487,bitcoin;ethereum;xrp
2019-12-25,-0.004428046664259851,bitcoin;ethereum;xrp
2019-12-26,0.006831199750054875,bitcoin;ethereum;xrp
2019-12-27,0.004647550361311068,bitcoin;ethereum;xrp
2019-12-28,0.017728941132633978,bitcoin;ethereum;xrp
2019-12-29,-0.017218398095635936,bitcoin;ethereum;xrp
2019-12-30,-0.014281178907310092,bitcoin;ethereum;xrp
2019-12-31,0.0015668763469171311,bitcoin;ethereum;xrp
2020-01-01,-0.02957171430905029,bitcoin;ethereum;xrp
2020-01-02,0.049164316469727284,bitcoin;ethereum;xrp
2020-01-03,0.008458263401615089,bitcoin;ethereum;xrp
2020-01-04,0.0012403359992157377,bitcoin;ethereum;xrp
2020-01-05,0.052594442640824204,bitcoin;ethereum;xrp
2020-01-06,0.04004108380002759,bitcoin;ethereum;xrp
2020-01-07,-0.011516601376102763,bitcoin;ethereum;xrp
2020-01-08,-0.024078607301900777,bitcoin;ethereum;xrp
2020-01-09,0.03576522676113185,bitcoin;ethereum;xrp
2020-01-10,-0.014387422154602937,bitcoin;ethereum;xrp
2020-01-11,0.01914064109763059,bitcoin;ethereum;xrp
2020-01-12,-0.006845283605782519,bitcoin;ethereum;xrp
2020-01-13,0.11838746459932507,bitcoin;ethereum;xrp;bitcoin-sv
2020-01-14,-0.003184393483749759,bitcoin;ethereum;xrp;bitcoin-cash
2020-01-15,-0.011078954537572329,bitcoin;ethereum;xrp;bitcoin-cash
2020-01-16,0.028949247644278402,bitcoin;ethereum;xrp;bitcoin-cash
2020-01-17,0.0023634809602600323,bitcoin;ethereum;xrp;bitcoin-cash
2020-01-18,-0.028420011202685683,bitcoin;ethereum;xrp;bitcoin-cash
2020-01-19,-0.004491082091643277,bitcoin;ethereum;xrp;bitcoin-cash
2020-01-20,0.010608304606989402,bitcoin;ethereum;xrp;bitcoin-cash
2020-01-21,-0.006786731997798039,bitcoin;ethereum;xrp;bitcoin-cash
2020-01-22,-0.03381815227353924,bitcoin;ethereum;xrp;bitcoin-cash
2020-01-23,0.0026371065926038928,bitcoin;ethereum;xrp;bitcoin-cash
2020-01-24,-0.010032430204656995,bitcoin;ethereum;xrp;bitcoin-cash
2020-01-25,0.03203975715367138,bitcoin;ethereum;xrp;bitcoin-cash
2020-01-26,0.03253707454190947,bitcoin;ethereum;xrp;bitcoin-cash
2020-01-27,0.046380310319528266,bitcoin;ethereum;xrp;bitcoin-cash
2020-01-28,-0.004742856715760249,bitcoin;ethereum;xrp;bitcoin-cash
2020-01-29,0.024560685910865538,bitcoin;ethereum;xrp;bitcoin-cash
2020-01-30,-0.01860169383158865,bitcoin;ethereum;xrp;bitcoin-cash
2020-01-31,0.006530579855983004,bitcoin;ethereum;xrp;bitcoin-cash
2020-02-01,1.510828370530292e-4,bitcoin;ethereum;xrp;bitcoin-cash
2020-02-02,-0.002456516060990016,bitcoin;ethereum;xrp;bitcoin-cash
2020-02-03,-0.007838218711816794,bitcoin;ethereum;xrp;bitcoin-cash
2020-02-04,0.05258973510959663,bitcoin;ethereum;xrp;bitcoin-cash
2020-02-05,0.014767293426035348,bitcoin;ethereum;xrp;bitcoin-cash
2020-02-06,0.009828054999092957,bitcoin;ethereum;xrp;bitcoin-cash
2020-02-07,0.0057515630470020085,bitcoin;ethereum;xrp;bitcoin-cash
2020-02-08,0.0243097037921176,bitcoin;ethereum;xrp;bitcoin-cash
2020-02-09,-0.023777830354178867,bitcoin;ethereum;xrp;bitcoin-cash;bitcoin-sv
2020-02-10,0.03568665018503203,bitcoin;ethereum;xrp;bitcoin-cash;bitcoin-sv
2020-02-11,0.028567482007287065,bitcoin;ethereum;xrp;bitcoin-cash;bitcoin-sv
2020-02-12,-0.0035764163789108517,bitcoin;ethereum;xrp;bitcoin-cash;bitcoin-sv
2020-02-13,0.01727817574807803,bitcoin;ethereum;xrp;bitcoin-cash;bitcoin-sv
2020-02-14,-0.053215761498518935,bitcoin;ethereum;xrp;bitcoin-cash;bitcoin-sv
2020-02-15,-0.0024835149293430457,bitcoin;ethereum;xrp;bitcoin-cash
2020-02-16,-0.018430242415688372,bitcoin;ethereum;xrp;bitcoin-cash
2020-02-17,0.04594741000177285,bitcoin;ethereum;xrp;bitcoin-cash
2020-02-18,-0.05764285301099812,bitcoin;ethereum;xrp;bitcoin-cash
2020-02-19,-0.004740851684418717,bitcoin;ethereum;xrp;bitcoin-cash
2020-02-20,0.011209178873933086,bitcoin;ethereum;xrp;bitcoin-cash
2020-02-21,-0.003747798217386317,bitcoin;ethereum;xrp;bitcoin-cash
2020-02-22,0.030072529966943096,bitcoin;ethereum;xrp;bitcoin-cash
2020-02-23,-0.030376140721881956,bitcoin;ethereum;xrp;bitcoin-cash
2020-02-24,-0.039639812759160994,bitcoin;ethereum;xrp;bitcoin-cash
2020-02-25,-0.0652056681896085,bitcoin;ethereum;xrp;bitcoin-cash
2020-02-26,-6.803711728739186e-4,bitcoin;ethereum;xrp;bitcoin-cash
2020-02-27,-0.011244044560751445,bitcoin;ethereum;xrp;bitcoin-cash
2020-02-28,-0.012145107577732944,bitcoin;ethereum;xrp;bitcoin-cash
2020-02-29,-0.003985242364578836,bitcoin;ethereum;xrp;bitcoin-cash
2020-03-01,0.038771012360124424,bitcoin;ethereum;xrp;bitcoin-cash
2020-03-02,-0.01228874748127691,bitcoin;ethereum;xrp;bitcoin-cash
2020-03-03,-0.0037993671384870683,bitcoin;ethereum;xrp;bitcoin-cash
2020-03-04,0.03421563774703515,bitcoin;ethereum;xrp;bitcoin-cash
2020-03-05,0.013465854541919457,bitcoin;ethereum;xrp;bitcoin-cash
2020-03-06,-0.02473654783747957,bitcoin;ethereum;xrp;bitcoin-cash
2020-03-07,-0.1077821923400476,bitcoin;ethereum;xrp;bitcoin-cash
2020-03-08,-0.01734567611408534,bitcoin;ethereum;xrp;bitcoin-cash
2020-03-09,-0.0015490678246772465,bitcoin;ethereum;xrp;bitcoin-cash
2020-03-10,-0.004869653134867096,bitcoin;ethereum;xrp;bitcoin-cash
2020-03-11,-0.44832561705159407,bitcoin;ethereum;xrp;tether
2020-03-12,0.11435084484507164,bitcoin;ethereum;xrp;tether
2020-03-13,-0.06653219757185898,bitcoin;ethereum;xrp;tether
2020-03-14,0.032985711541092956,bitcoin;ethereum;xrp;tether
2020-03-15,-0.07615610861409335,bitcoin;ethereum;xrp;tether
2020-03-16,0.03674583334549049,bitcoin;ethereum;xrp;tether
2020-03-17,0.0022063527532350446,bitcoin;ethereum;xrp;tether
2020-03-18,0.16194012292907292,bitcoin;ethereum;xrp;tether
2020-03-19,-0.00469965011416496,bitcoin;ethereum;xrp;tether
2020-03-20,-0.0012055002090239485,bitcoin;ethereum;xrp;tether
2020-03-21,-0.058251833769020094,bitcoin;ethereum;xrp;tether
2020-03-22,0.08966128082391281,bitcoin;ethereum;xrp;tether
2020-03-23,0.044129746371212496,bitcoin;ethereum;xrp;tether
2020-03-24,-0.008695780579123525,bitcoin;ethereum;xrp;tether
2020-03-25,0.009974745863984166,bitcoin;ethereum;xrp;tether
2020-03-26,-0.032883628845900965,bitcoin;ethereum;xrp;tether
2020-03-27,-0.031860988925301835,bitcoin;ethereum;xrp;tether
2020-03-28,-0.05061051928432431,bitcoin;ethereum;xrp;tether
2020-03-29,0.0754518011679152,bitcoin;ethereum;xrp;tether
2020-03-30,0.0021969502770796774,bitcoin;ethereum;xrp;tether
2020-03-31,0.022618872823060708,bitcoin;ethereum;xrp;tether
2020-04-01,0.027994673828748262,bitcoin;ethereum;xrp;tether
2020-04-02,-0.006851823731970369,bitcoin;ethereum;xrp;tether
2020-04-03,0.01888053184356067,bitcoin;ethereum;xrp;tether
2020-04-04,-0.0109165598424914,bitcoin;ethereum;xrp;tether
2020-04-05,0.07703315421538877,bitcoin;ethereum;xrp;tether
2020-04-06,-0.01390585540189286,bitcoin;ethereum;xrp;tether
2020-04-07,0.02472858661228447,bitcoin;ethereum;xrp;tether
2020-04-08,-0.005205356105579764,bitcoin;ethereum;xrp;tether
2020-04-09,-0.06049397919053368,bitcoin;ethereum;xrp;tether
2020-04-10,-8.21993712641047e-4,bitcoin;ethereum;xrp;tether
2020-04-11,0.015913897635599215,bitcoin;ethereum;xrp;tether
2020-04-12,-0.01889528637044956,bitcoin;ethereum;xrp;tether
2020-04-13,-1.8425198293867365e-4,bitcoin;ethereum;xrp;tether
2020-04-14,-0.027751821614952876,bitcoin;ethereum;xrp;tether
2020-04-15,0.07083211779140657,bitcoin;ethereum;xrp;tether
2020-04-16,-0.002470423167394429,bitcoin;ethereum;xrp;tether
2020-04-17,0.0292201557358243,bitcoin;ethereum;xrp;tether
2020-04-18,-0.011732144648062968,bitcoin;ethereum;xrp;tether
2020-04-19,-0.04292376622496524,bitcoin;ethereum;xrp;tether
2020-04-20,4.152515781708539e-4,bitcoin;ethereum;xrp;tether
2020-04-21,0.03426531103417565,bitcoin;ethereum;xrp;tether
2020-04-22,0.036566577510909845,bitcoin;ethereum;xrp;tether
2020-04-23,0.016420938879473084,bitcoin;ethereum;xrp;tether
2020-04-24,0.006248737624671247,bitcoin;ethereum;xrp;tether
2020-04-25,0.012834395756402613,bitcoin;ethereum;xrp;tether
2020-04-26,0.01225158830080176,bitcoin;ethereum;xrp;tether
2020-04-27,0.00646881236561161,bitcoin;ethereum;xrp;tether
2020-04-28,0.1091523186880742,bitcoin;ethereum;xrp;tether
2020-04-29,-0.02151536071899954,bitcoin;ethereum;xrp;tether
2020-04-30,0.02411538552665602,bitcoin;ethereum;xrp;tether
2020-05-01,0.012628268880299743,bitcoin;ethereum;xrp;tether
2020-05-02,-0.011551313286068326,bitcoin;ethereum;xrp;tether
2020-05-03,-1.3764535014068355e-4,bitcoin;ethereum;xrp;tether
2020-05-04,0.00671639529927619,bitcoin;ethereum;xrp;tether
2020-05-05,0.022537735953089073,bitcoin;ethereum;xrp;tether
2020-05-06,0.06522719584331557,bitcoin;ethereum;xrp
2020-05-07,-0.008457579793313682,bitcoin;ethereum;xrp;tether
2020-05-08,-0.022196744106922482,bitcoin;ethereum;xrp;tether
2020-05-09,-0.09098023646487195,bitcoin;ethereum;xrp;tether
2020-05-10,-0.01709104458597385,bitcoin;ethereum;xrp;tether
2020-05-11,0.021845885623183976,bitcoin;ethereum;xrp;tether
2020-05-12,0.04847866580811244,bitcoin;ethereum;xrp;tether
2020-05-13,0.04204317179957033,bitcoin;ethereum;xrp;tether
2020-05-14,-0.039063053677485075,bitcoin;ethereum;tether;xrp
2020-05-15,0.006992273987373498,bitcoin;ethereum;xrp;tether
2020-05-16,0.028748904545432854,bitcoin;ethereum;xrp;tether
2020-05-17,0.009225272440632912,bitcoin;ethereum;xrp;tether
2020-05-18,-7.759774820561157e-4,bitcoin;ethereum;xrp;tether
2020-05-19,-0.019405341290256322,bitcoin;ethereum;xrp;tether
2020-05-20,-0.04486446593595562,bitcoin;ethereum;tether;xrp
2020-05-21,0.013870889354114279,bitcoin;ethereum;xrp;tether
2020-05-22,0.002975000683858978,bitcoin;ethereum;tether;xrp
2020-05-23,-0.041705832081123065,bitcoin;ethereum;tether;xrp
2020-05-24,0.01268957468933618,bitcoin;ethereum;tether;xrp
2020-05-25,-0.009321694806220067,bitcoin;ethereum;tether;xrp
2020-05-26,0.03579281640938944,bitcoin;ethereum;tether;xrp
2020-05-27,0.03590176613346637,bitcoin;ethereum;xrp;tether
2020-05-28,-0.007288280860221914,bitcoin;ethereum;tether;xrp
2020-05-29,0.03459427240764199,bitcoin;ethereum;xrp;tether
2020-05-30,-0.02643370352389288,bitcoin;ethereum;xrp;tether
2020-05-31,0.06734204158837417,bitcoin;ethereum;xrp;tether
2020-06-01,-0.058113251038469184,bitcoin;ethereum;tether;xrp
2020-06-02,0.014342853544095495,bitcoin;ethereum;tether;xrp
2020-06-03,0.012297781748912237,bitcoin;ethereum;tether;xrp
2020-06-04,-0.012818250880131018,bitcoin;ethereum;tether;xrp
2020-06-05,-9.64961984216501e-4,bitcoin;ethereum;tether;xrp
2020-06-06,0.010468879176042455,bitcoin;ethereum;tether;xrp
2020-06-07,0.0016250143753530556,bitcoin;ethereum;tether;xrp
2020-06-08,0.0010009778121175576,bitcoin;ethereum;tether;xrp
2020-06-09,0.0073898219160775476,bitcoin;ethereum;tether;xrp
2020-06-10,-0.05607921838004207,bitcoin;ethereum;tether;xrp
2020-06-11,0.017355592697459,bitcoin;ethereum;tether;xrp
2020-06-12,4.253973605410744e-5,bitcoin;ethereum;tether;xrp
2020-06-13,-0.01008619249584728,bitcoin;ethereum;tether;xrp
2020-06-14,0.0034658593894697706,bitcoin;ethereum;tether;xrp
2020-06-15,0.009230719700398895,bitcoin;ethereum;tether;xrp
2020-06-16,-0.005127290832571919,bitcoin;ethereum;tether;xrp
2020-06-17,-0.006698742441646439,bitcoin;ethereum;tether;xrp
2020-06-18,-0.01436068899236441,bitcoin;ethereum;tether;xrp
2020-06-19,0.005489854389371702,bitcoin;ethereum;tether;xrp
2020-06-20,-0.003097648768827819,bitcoin;ethereum;tether;xrp
2020-06-21,0.0366989855128597,bitcoin;ethereum;tether;xrp
2020-06-22,-6.741309248832869e-4,bitcoin;ethereum;tether;xrp
2020-06-23,-0.03187782092542351,bitcoin;ethereum;tether;xrp
2020-06-24,-0.005808990676519559,bitcoin;ethereum;tether;xrp
2020-06-25,-0.010769930409501298,bitcoin;ethereum;tether;xrp
2020-06-26,-0.014840740639643664,bitcoin;ethereum;tether;xrp
2020-06-27,0.010015282075170674,bitcoin;ethereum;tether;xrp
2020-06-28,0.005663152167926598,bitcoin;ethereum;tether;xrp
2020-06-29,-0.0061306899429358405,bitcoin;ethereum;tether;xrp
2020-06-30,0.01070202995310048,bitcoin;ethereum;tether;xrp
2020-07-01,-0.009344207063243083,bitcoin;ethereum;tether;xrp
2020-07-02,-0.006178219024680265,bitcoin;ethereum;tether;xrp
2020-07-03,0.0063396820768597045,bitcoin;ethereum;tether;xrp
2020-07-04,-0.006176880378133791,bitcoin;ethereum;tether;xrp
2020-07-05,0.03580669539097918,bitcoin;ethereum;tether;xrp
2020-07-06,-0.012710878442051035,bitcoin;ethereum;tether;xrp;bitcoin-cash
2020-07-07,0.023135541368331198,bitcoin;ethereum;tether;xrp;bitcoin-cash
2020-07-08,-0.01487288864654682,bitcoin;ethereum;tether;xrp;bitcoin-cash
2020-07-09,-0.0020084595411704836,bitcoin;ethereum;tether;xrp;bitcoin-cash
2020-07-10,-0.003541352625992058,bitcoin;ethereum;tether;xrp;bitcoin-cash
2020-07-11,0.0041672581445005045,bitcoin;ethereum;tether;xrp;bitcoin-cash
2020-07-12,-0.004755311828418743,bitcoin;ethereum;tether;xrp;bitcoin-cash
2020-07-13,9.931704765406758e-5,bitcoin;ethereum;tether;xrp;bitcoin-cash
2020-07-14,-0.005810972540892666,bitcoin;ethereum;tether;xrp;bitcoin-cash;cardano
2020-07-15,-0.008467169762235697,bitcoin;ethereum;tether;xrp;bitcoin-cash
2020-07-16,0.0010112646248829726,bitcoin;ethereum;tether;xrp;bitcoin-cash;bitcoin-sv
2020-07-17,0.0031992248646771134,bitcoin;ethereum;tether;xrp;bitcoin-cash;bitcoin-sv
2020-07-18,0.0040839847019280015,bitcoin;ethereum;tether;xrp;bitcoin-cash;cardano
2020-07-19,-0.004123369342130644,bitcoin;ethereum;tether;xrp;bitcoin-cash
2020-07-20,0.023815694658408684,bitcoin;ethereum;tether;xrp;bitcoin-cash;bitcoin-sv
2020-07-21,0.022638507406912436,bitcoin;ethereum;tether;xrp;bitcoin-cash
2020-07-22,0.011274794147573097,bitcoin;ethereum;tether;xrp;bitcoin-cash
2020-07-23,-0.0021185223332625086,bitcoin;ethereum;tether;xrp;bitcoin-cash
2020-07-24,0.026294804820240956,bitcoin;ethereum;tether;xrp;bitcoin-cash
2020-07-25,0.020223368776400803,bitcoin;ethereum;tether;xrp;bitcoin-cash
2020-07-26,0.08834129752018477,bitcoin;ethereum;xrp;tether
2020-07-27,-0.004842583296215557,bitcoin;ethereum;xrp;tether;bitcoin-cash
2020-07-28,0.01634330219927814,bitcoin;ethereum;xrp;tether
2020-07-29,0.008217853572805097,bitcoin;ethereum;xrp;tether;bitcoin-cash
2020-07-30,0.021721506274319412,bitcoin;ethereum;xrp;tether
2020-07-31,0.050541546335724524,bitcoin;ethereum;xrp;tether
2020-08-01,-0.05338608369969466,bitcoin;ethereum;xrp;tether
2020-08-02,0.02357329119775032,bitcoin;ethereum;xrp;tether
2020-08-03,-0.0032874865630897264,bitcoin;ethereum;xrp;tether;bitcoin-cash
2020-08-04,0.04102580364204138,bitcoin;ethereum;xrp;tether
2020-08-05,0.00041832667752836447,bitcoin;ethereum;xrp;tether;bitcoin-cash
2020-08-06,-0.019010639303465502,bitcoin;ethereum;xrp;tether;bitcoin-cash
2020-08-07,0.015352079309678331,bitcoin;ethereum;xrp;tether;bitcoin-cash
2020-08-08,-0.007100590732517443,bitcoin;ethereum;xrp;tether;bitcoin-cash
2020-08-09,0.015718412959793964,bitcoin;ethereum;xrp;tether;bitcoin-cash
2020-08-10,-0.03888116479581226,bitcoin;ethereum;xrp;tether;bitcoin-cash
2020-08-11,0.02072233478761297,bitcoin;ethereum;xrp;tether;chainlink;bitcoin-cash
2020-08-12,0.01713269020902684,bitcoin;ethereum;xrp;tether;chainlink
2020-08-13,-0.002045573126249985,bitcoin;ethereum;xrp;tether;chainlink;bitcoin-cash
2020-08-14,0.023978729114745592,bitcoin;ethereum;xrp;tether;chainlink;bitcoin-cash
2020-08-15,0.0025439670098782517,bitcoin;ethereum;xrp;tether;chainlink;bitcoin-cash
2020-08-16,0.02025326985642609,bitcoin;ethereum;xrp;tether;bitcoin-cash;chainlink
2020-08-17,-0.02085129261810859,bitcoin;ethereum;xrp;tether;chainlink;bitcoin-cash
2020-08-18,-0.023363962103978498,bitcoin;ethereum;xrp;tether;chainlink;bitcoin-cash
2020-08-19,0.011435663482910589,bitcoin;ethereum;xrp;tether;chainlink;bitcoin-cash
2020-08-20,-0.03302177777499203,bitcoin;ethereum;xrp;tether;bitcoin-cash;chainlink
2020-08-21,0.011958194212380325,bitcoin;ethereum;xrp;tether;chainlink;bitcoin-cash
2020-08-22,-0.003964241875792499,bitcoin;ethereum;xrp;tether;chainlink;bitcoin-cash
2020-08-23,0.014309256301968776,bitcoin;ethereum;xrp;tether;bitcoin-cash;chainlink
2020-08-24,-0.038941350430013774,bitcoin;ethereum;xrp;tether;bitcoin-cash;chainlink
2020-08-25,0.00996447499968199,bitcoin;ethereum;xrp;tether;chainlink;bitcoin-cash
2020-08-26,-0.01576105017129813,bitcoin;ethereum;xrp;tether;chainlink;bitcoin-cash
2020-08-27,0.021561980230908256,bitcoin;ethereum;xrp;tether;chainlink;bitcoin-cash
2020-08-28,0.0014976724023386518,bitcoin;ethereum;xrp;tether;chainlink;bitcoin-cash
2020-08-29,0.025678812472782538,bitcoin;ethereum;xrp;tether;chainlink;bitcoin-cash
2020-08-30,-6.084194388572565e-4,bitcoin;ethereum;tether;xrp;chainlink;bitcoin-cash
2020-08-31,0.03679160322615284,bitcoin;ethereum;tether;xrp;chainlink;bitcoin-cash
2020-09-01,-0.05281711804639289,bitcoin;ethereum;tether;xrp;polkadot-new;chainlink;bitcoin-cash
2020-09-02,-0.10867184148289201,bitcoin;ethereum;tether;xrp;polkadot-new;chainlink;bitcoin-cash
2020-09-03,0.02049993975844343,bitcoin;ethereum;tether;xrp;polkadot-new;chainlink;bitcoin-cash
2020-09-04,-0.051557187849432834,bitcoin;ethereum;tether;xrp;bitcoin-cash;chainlink
2020-09-05,0.02202349066307883,bitcoin;ethereum;tether;xrp;chainlink;bitcoin-cash;polkadot-new
2020-09-06,0.004745495174181665,bitcoin;ethereum;tether;xrp;chainlink;bitcoin-cash;polkadot-new
2020-09-07,-0.0260878397688136,bitcoin;ethereum;tether;xrp;chainlink;bitcoin-cash;polkadot-new
2020-09-08,0.016494906307268874,bitcoin;ethereum;tether;xrp;chainlink;bitcoin-cash;polkadot-new
2020-09-09,0.016179296913795233,bitcoin;ethereum;tether;xrp;chainlink;bitcoin-cash;polkadot-new
2020-09-10,0.005269611575783158,bitcoin;ethereum;tether;xrp;chainlink;bitcoin-cash;polkadot-new
2020-09-11,0.0109563402632503,bitcoin;ethereum;tether;xrp;chainlink;polkadot-new;bitcoin-cash
2020-09-12,-0.016919337695477894,bitcoin;ethereum;tether;xrp;polkadot-new;bnb;chainlink
2020-09-13,0.030079007921598143,bitcoin;ethereum;tether;xrp;polkadot-new;bnb;chainlink
2020-09-14,4.27889023537025e-4,bitcoin;ethereum;tether;xrp;bitcoin-cash;polkadot-new;bnb
2020-09-15,0.012688496708026225,bitcoin;ethereum;tether;xrp;polkadot-new;bitcoin-cash
2020-09-16,0.008765245374387566,bitcoin;ethereum;tether;xrp;polkadot-new;bitcoin-cash;bnb
2020-09-17,-0.0024691354094384856,bitcoin;ethereum;tether;xrp;polkadot-new;bitcoin-cash;bnb
2020-09-18,0.009416973079812868,bitcoin;ethereum;tether;xrp;bitcoin-cash;polkadot-new;bnb
2020-09-19,-0.01802191588036788,bitcoin;ethereum;tether;xrp;bitcoin-cash;polkadot-new
2020-09-20,-0.04938773185731842,bitcoin;ethereum;tether;xrp;bitcoin-cash;polkadot-new
2020-09-21,0.007275258010375079,bitcoin;ethereum;tether;xrp;bitcoin-cash;polkadot-new
2020-09-22,-0.03391268454485027,bitcoin;ethereum;tether;xrp;bitcoin-cash;polkadot-new
2020-09-23,0.05177117980893249,bitcoin;ethereum;tether;xrp;bitcoin-cash;polkadot-new
2020-09-24,-5.080235554629505e-4,bitcoin;ethereum;tether;xrp;bitcoin-cash;polkadot-new;chainlink
2020-09-25,0.006279920540717042,bitcoin;ethereum;tether;xrp;bitcoin-cash;bnb;polkadot-new
2020-09-26,0.0035044642234130703,bitcoin;ethereum;tether;xrp;bitcoin-cash;bnb;chainlink
2020-09-27,-0.004963126176156911,bitcoin;ethereum;tether;xrp;bitcoin-cash;bnb;polkadot-new
2020-09-28,0.01253887394552527,bitcoin;ethereum;tether;xrp;bitcoin-cash;bnb;polkadot-new
2020-09-29,-0.004388819510632774,bitcoin;ethereum;tether;xrp;bnb;bitcoin-cash;polkadot-new
2020-09-30,-0.01539957951311247,bitcoin;ethereum;tether;xrp;bitcoin-cash;bnb;polkadot-new
2020-10-01,-0.00712709198319961,bitcoin;ethereum;tether;xrp;bitcoin-cash;bnb
2020-10-02,-0.001634181807678211,bitcoin;ethereum;tether;xrp;bnb;bitcoin-cash;polkadot-new
2020-10-03,0.014004575008471212,bitcoin;ethereum;tether;xrp;bnb;bitcoin-cash;polkadot-new
2020-10-04,0.009208636986588992,bitcoin;ethereum;tether;xrp;bnb;bitcoin-cash;polkadot-new
2020-10-05,-0.01982876756402427,bitcoin;ethereum;tether;xrp;bitcoin-cash;bnb
2020-10-06,0.00560575357842121,bitcoin;ethereum;tether;xrp;bitcoin-cash;bnb
2020-10-07,0.021594283025830666,bitcoin;ethereum;tether;xrp;bitcoin-cash;bnb
2020-10-08,0.01686637671094829,bitcoin;ethereum;tether;xrp;bitcoin-cash;bnb
2020-10-09,0.01730351120167858,bitcoin;ethereum;tether;xrp;bitcoin-cash;bnb
2020-10-10,0.007777758493770244,bitcoin;ethereum;tether;xrp;bitcoin-cash;bnb
2020-10-11,0.01703252045502026,bitcoin;ethereum;tether;xrp;bitcoin-cash;bnb
2020-10-12,-0.009840136901870418,bitcoin;ethereum;tether;xrp;bitcoin-cash;bnb
2020-10-13,-0.001070519833610717,bitcoin;ethereum;tether;xrp;bitcoin-cash;bnb;chainlink
2020-10-14,0.0031851977855762636,bitcoin;ethereum;tether;xrp;bitcoin-cash;bnb
2020-10-15,-0.01764372602603949,bitcoin;ethereum;tether;xrp;bitcoin-cash;bnb
2020-10-16,0.00328459127439983,bitcoin;ethereum;tether;xrp;bitcoin-cash;bnb
2020-10-17,0.012321096878989253,bitcoin;ethereum;tether;xrp;bitcoin-cash;bnb
2020-10-18,0.017285851590174012,bitcoin;ethereum;tether;xrp;bitcoin-cash;bnb
2020-10-19,0.006123323459726957,bitcoin;ethereum;tether;xrp;bitcoin-cash
2020-10-20,0.06624715843139177,bitcoin;ethereum;tether;xrp;bitcoin-cash
2020-10-21,0.017314298771425207,bitcoin;ethereum;tether;xrp;bitcoin-cash
2020-10-22,-0.0034798741695274615,bitcoin;ethereum;tether;xrp;bitcoin-cash
2020-10-23,0.01166780296978237,bitcoin;ethereum;tether;xrp;bitcoin-cash
2020-10-24,-0.007318780440348096,bitcoin;ethereum;tether;xrp;bitcoin-cash
2020-10-25,-0.0030080449267271517,bitcoin;ethereum;tether;xrp;bitcoin-cash
2020-10-26,0.03737991224687801,bitcoin;ethereum;tether;xrp;bitcoin-cash
2020-10-27,-0.02771485567958192,bitcoin;ethereum;tether;xrp;bitcoin-cash
2020-10-28,0.008310343079490289,bitcoin;ethereum;tether;xrp;bitcoin-cash
2020-10-29,0.004506532049882291,bitcoin;ethereum;tether;xrp
2020-10-30,0.01477076019671661,bitcoin;ethereum;tether;xrp
2020-10-31,0.0013078936439072052,bitcoin;ethereum;tether;xrp;hex
2020-11-01,-0.015842231647728074,bitcoin;ethereum;tether;xrp
2020-11-02,0.024883884921876338,bitcoin;ethereum;tether;xrp
2020-11-03,0.015014249890344332,bitcoin;ethereum;tether;xrp
2020-11-04,0.08209996480204404,bitcoin;ethereum;tether;xrp
2020-11-05,0.013975138915924369,bitcoin;ethereum;tether;xrp
2020-11-06,-0.0445788844972615,bitcoin;ethereum;tether;xrp
2020-11-07,0.03944220763204415,bitcoin;ethereum;tether;xrp
2020-11-08,-0.010785021801848614,bitcoin;ethereum;tether;xrp
2020-11-09,4.151662726833072e-5,bitcoin;ethereum;tether;xrp
2020-11-10,0.02506965739618742,bitcoin;ethereum;tether;xrp
2020-11-11,0.02756688511048696,bitcoin;ethereum;tether;xrp
2020-11-12,0.007278127531056934,bitcoin;ethereum;tether;xrp
2020-11-13,-0.01596256726573303,bitcoin;ethereum;tether;xrp
2020-11-14,-0.009085940587818043,bitcoin;ethereum;tether;xrp
2020-11-15,0.042225718798962766,bitcoin;ethereum;tether;xrp
2020-11-16,0.05047584553948871,bitcoin;ethereum;tether;xrp
2020-11-17,0.007071887382427956,bitcoin;ethereum;tether
2020-11-18,-4.6829720225780665e-4,bitcoin;ethereum;tether;xrp
2020-11-19,0.046835603483557975,bitcoin;ethereum;tether
2020-11-20,0.02680415307979833,bitcoin;ethereum;xrp;tether
2020-11-21,-0.010567253606898724,bitcoin;ethereum;xrp;tether
2020-11-22,0.03271689848880613,bitcoin;ethereum;xrp;tether
2020-11-23,0.036576625050358774,bitcoin;ethereum;xrp;tether
2020-11-24,-0.02830645227676185,bitcoin;ethereum;xrp;tether
2020-11-25,-0.09016574895408158,bitcoin;ethereum;xrp;tether
2020-11-26,6.478932384242908e-4,bitcoin;ethereum;xrp;tether
2020-11-27,0.03905210971587571,bitcoin;ethereum;xrp;tether
2020-11-28,0.027127406287770852,bitcoin;ethereum;xrp;tether
2020-11-29,0.072944780678794,bitcoin;ethereum;xrp;tether
2020-11-30,-0.043688692099828605,bitcoin;ethereum;xrp;tether
2020-12-01,0.020109131345061357,bitcoin;ethereum;xrp;tether
2020-12-02,0.014103217800445555,bitcoin;ethereum;xrp;tether
2020-12-03,-0.0479897920751725,bitcoin;ethereum;xrp;tether
2020-12-04,0.027634168097845503,bitcoin;ethereum;xrp;tether
2020-12-05,0.012275209283609097,bitcoin;ethereum;xrp;tether
2020-12-06,-0.009505874182821478,bitcoin;ethereum;xrp;tether
2020-12-07,-0.04920283039360249,bitcoin;ethereum;xrp;tether
2020-12-08,0.01681628408309356,bitcoin;ethereum;xrp;tether
2020-12-09,-0.016395361126507517,bitcoin;ethereum;xrp;tether
2020-12-10,-0.014783193870763158,bitcoin;ethereum;xrp;tether
2020-12-11,0.032853777675799695,bitcoin;ethereum;xrp;tether
2020-12-12,0.01935476120954899,bitcoin;ethereum;xrp;tether
2020-12-13,0.0019520759662825854,bitcoin;ethereum;xrp;tether
2020-12-14,0.005003248369830746,bitcoin;ethereum;xrp;tether
2020-12-15,0.09202091582073425,bitcoin;ethereum;xrp;tether
2020-12-16,0.0570678138035681,bitcoin;ethereum;xrp
2020-12-17,0.014968865366160754,bitcoin;ethereum;xrp
2020-12-18,0.02586165751156024,bitcoin;ethereum;xrp
2020-12-19,-0.019873287857310056,bitcoin;ethereum;xrp
2020-12-20,-0.03334680262253737,bitcoin;ethereum;xrp
2020-12-21,0.040215584270704444,bitcoin;ethereum;tether
2020-12-22,-0.029953436463302965,bitcoin;ethereum;tether
2020-12-23,0.023625217764791057,bitcoin;ethereum;tether
2020-12-24,0.03507486053337899,bitcoin;ethereum;tether
2020-12-25,0.0601199149369807,bitcoin;ethereum;tether
2020-12-26,0.004374859964642206,bitcoin;ethereum
2020-12-27,0.035733571972958414,bitcoin;ethereum
2020-12-28,0.008977443271637377,bitcoin;ethereum
2020-12-29,0.049106681176977404,bitcoin;ethereum
2020-12-30,0.002302874382618891,bitcoin;ethereum
2020-12-31,0.009729532383955302,bitcoin;ethereum
2021-01-01,0.08561035713349371,bitcoin;ethereum
2021-01-02,0.05268852227965049,bitcoin;ethereum
2021-01-03,-0.010162543625547001,bitcoin;ethereum
2021-01-04,0.0603835674800349,bitcoin;ethereum
2021-01-05,0.08218188711036355,bitcoin;ethereum
2021-01-06,0.0585897451829182,bitcoin;ethereum
2021-01-07,0.02986740895692533,bitcoin;ethereum
2021-01-08,-0.0037857620617147035,bitcoin;ethereum
2021-01-09,-0.042670070090376926,bitcoin;ethereum
2021-01-10,-0.08677212512119176,bitcoin;ethereum
2021-01-11,-0.04675666719043119,bitcoin;ethereum
2021-01-12,0.0929883150330988,bitcoin;ethereum
2021-01-13,0.05305711377503653,bitcoin;ethereum
2021-01-14,-0.05838037666109472,bitcoin;ethereum
2021-01-15,-0.005773712389562851,bitcoin;ethereum
2021-01-16,-0.009072332535353332,bitcoin;ethereum;tether
2021-01-17,0.02228037348501919,bitcoin;ethereum;tether
2021-01-18,0.0046930314249190586,bitcoin;ethereum;tether
2021-01-19,-0.010739439652953,bitcoin;ethereum;tether
2021-01-20,-0.14942542331480493,bitcoin;ethereum;tether
2021-01-21,0.07151468511514879,bitcoin;ethereum;tether
2021-01-22,-0.023423835023430012,bitcoin;ethereum;tether
2021-01-23,0.030174401806511892,bitcoin;ethereum;tether
2021-01-24,-0.00783221522760005,bitcoin;ethereum;tether
2021-01-25,0.009672460971900738,bitcoin;ethereum;tether
2021-01-26,-0.06781339756046378,bitcoin;ethereum;tether
2021-01-27,0.0855853526235891,bitcoin;ethereum;tether
2021-01-28,0.026548329790369758,bitcoin;ethereum;tether
2021-01-29,-0.0019269275233578386,bitcoin;ethereum;tether
2021-01-30,-0.031246606949678162,bitcoin;ethereum;tether;xrp
2021-01-31,0.011499853253274179,bitcoin;ethereum;tether;xrp
2021-02-01,0.06433025016143792,bitcoin;ethereum;tether
2021-02-02,0.060082047949853216,bitcoin;ethereum;tether
2021-02-03,-0.016299681734635512,bitcoin;ethereum;tether;xrp
2021-02-04,0.03970076130919938,bitcoin;ethereum;tether;xrp
2021-02-05,0.01658100291266352,bitcoin;ethereum;tether;xrp
2021-02-06,-0.013285976337520775,bitcoin;ethereum;tether;cardano
2021-02-07,0.1478617284343542,bitcoin;ethereum;tether;cardano
2021-02-08,0.007550301028728289,bitcoin;ethereum;tether;cardano
2021-02-09,-0.019466085499948875,bitcoin;ethereum;tether;cardano;xrp
2021-02-10,0.05338760167111568,bitcoin;ethereum;tether;cardano;xrp
2021-02-11,0.0056825495236119995,bitcoin;ethereum;tether;cardano;xrp;polkadot-new
2021-02-12,-0.0092327379697635,bitcoin;ethereum;tether;xrp;cardano;polkadot-new
2021-02-13,0.0207544795666445,bitcoin;ethereum;tether;xrp;cardano;polkadot-new
2021-02-14,-0.015019038029410047,bitcoin;ethereum;tether;cardano;polkadot-new;xrp
2021-02-15,0.021856717032159977,bitcoin;ethereum;tether;polkadot-new;cardano
2021-02-16,0.052458883851184496,bitcoin;ethereum;tether;polkadot-new;cardano
2021-02-17,0.005347411910055644,bitcoin;ethereum;tether;bnb;polkadot-new;cardano
2021-02-18,0.08303179373457216,bitcoin;ethereum;bnb;tether;polkadot-new
2021-02-19,-4.0832187410387676e-5,bitcoin;ethereum;bnb;polkadot-new;cardano
2021-02-20,0.0253456940209149,bitcoin;ethereum;bnb;polkadot-new;tether
2021-02-21,-0.06100376316170864,bitcoin;ethereum;bnb;tether;polkadot-new;cardano
2021-02-22,-0.10584632764131677,bitcoin;ethereum;bnb;tether;polkadot-new
2021-02-23,0.023606060601247782,bitcoin;ethereum;bnb;tether;cardano;polkadot-new
2021-02-24,-0.05734709137124368,bitcoin;ethereum;bnb;tether;cardano
2021-02-25,-0.011585909223495417,bitcoin;ethereum;cardano;tether;bnb;polkadot-new
2021-02-26,0.0034753880918530614,bitcoin;ethereum;cardano;tether;bnb;polkadot-new
2021-02-27,-0.023630428184781532,bitcoin;ethereum;cardano;tether;bnb;polkadot-new
2021-02-28,0.09153586512588185,bitcoin;ethereum;cardano;bnb;tether;polkadot-new
2021-03-01,-0.028679570166108417,bitcoin;ethereum;cardano;bnb;tether;polkadot-new
2021-03-02,0.040757120176036055,bitcoin;ethereum;cardano;bnb;tether;polkadot-new
2021-03-03,-0.037898016411711255,bitcoin;ethereum;tether;cardano;bnb;polkadot-new
2021-03-04,0.00460898635389383,bitcoin;ethereum;cardano;tether;bnb;polkadot-new
2021-03-05,0.010319443172318466,bitcoin;ethereum;tether;cardano;bnb;polkadot-new
2021-03-06,0.0429918552940754,bitcoin;ethereum;bnb;tether;cardano;polkadot-new
2021-03-07,0.024204960061098606,bitcoin;ethereum;bnb;tether;cardano;polkadot-new
2021-03-08,0.048733180286912876,bitcoin;ethereum;bnb;cardano;tether;polkadot-new
2021-03-09,0.007114130333876087,bitcoin;ethereum;bnb;tether;cardano;polkadot-new
2021-03-10,0.02629181879037273,bitcoin;ethereum;bnb;tether;cardano;polkadot-new
2021-03-11,-0.01566192575504442,bitcoin;ethereum;bnb;tether;cardano;polkadot-new
2021-03-12,0.06526901650585598,bitcoin;ethereum;bnb;tether;cardano;polkadot-new
2021-03-13,-0.032184258179610833,bitcoin;ethereum;bnb;tether;cardano;polkadot-new
2021-03-14,-0.052367170671740536,bitcoin;ethereum;bnb;tether;cardano;polkadot-new
2021-03-15,0.0193851235908068,bitcoin;ethereum;bnb;cardano;tether;polkadot-new
2021-03-16,0.0328721847937879,bitcoin;ethereum;cardano;bnb;tether;polkadot-new
2021-03-17,-0.02008559305107831,bitcoin;ethereum;bnb;cardano;tether;polkadot-new;xrp
2021-03-18,0.012353698171495111,bitcoin;ethereum;cardano;bnb;tether;polkadot-new;xrp
2021-03-19,-0.0014928311651010444,bitcoin;ethereum;bnb;tether;cardano;polkadot-new;xrp
2021-03-20,-0.012943721716265512,bitcoin;ethereum;bnb;tether;cardano;polkadot-new;xrp
2021-03-21,-0.049661855108231644,bitcoin;ethereum;tether;bnb;cardano;polkadot-new;xrp
2021-03-22,0.0015218473798590362,bitcoin;ethereum;tether;bnb;cardano;polkadot-new;xrp
2021-03-23,-0.04076171751033883,bitcoin;ethereum;tether;bnb;cardano;polkadot-new;xrp
2021-03-24,-0.015455057384631835,bitcoin;ethereum;tether;bnb;cardano;polkadot-new;xrp;uniswap
2021-03-25,0.06550399255948638,bitcoin;ethereum;tether;bnb;cardano;polkadot-new;xrp;uniswap
2021-03-26,0.011636233665598149,bitcoin;ethereum;bnb;tether;cardano;polkadot-new;xrp;uniswap
2021-03-27,-0.0023028760710453616,bitcoin;ethereum;bnb;tether;cardano;polkadot-new;xrp;uniswap
2021-03-28,0.036383446996700444,bitcoin;ethereum;bnb;tether;cardano;polkadot-new;xrp;uniswap;theta-network
2021-03-29,0.020259542699719985,bitcoin;ethereum;bnb;tether;cardano;polkadot-new;xrp;uniswap;litecoin
2021-03-30,0.006120509762461262,bitcoin;ethereum;bnb;tether;cardano;polkadot-new;xrp;uniswap;litecoin
2021-03-31,0.01107586936547079,bitcoin;ethereum;bnb;tether;cardano;polkadot-new;xrp;uniswap;litecoin
2021-04-01,0.020611997924749482,bitcoin;ethereum;bnb;tether;cardano;polkadot-new;xrp;uniswap;litecoin
2021-04-02,-0.03305812036006915,bitcoin;ethereum;bnb;tether;polkadot-new;cardano;xrp;uniswap;litecoin
2021-04-03,0.026442402602829273,bitcoin;ethereum;bnb;tether;polkadot-new;cardano;xrp;uniswap;litecoin;chainlink
2021-04-04,0.017332472856842442,bitcoin;ethereum;bnb;polkadot-new;tether;xrp;cardano;uniswap;litecoin;chainlink
2021-04-05,8.61536166213845e-4,bitcoin;ethereum;bnb;xrp;tether;polkadot-new;cardano;uniswap;litecoin;chainlink
2021-04-06,-0.0503486501485863,bitcoin;ethereum;bnb;tether;xrp;cardano;polkadot-new;uniswap;litecoin;chainlink
2021-04-07,0.04728615017431221,bitcoin;ethereum;bnb;xrp;tether;cardano;polkadot-new;uniswap;litecoin;chainlink
2021-04-08,-9.032618952992105e-4,bitcoin;ethereum;bnb;xrp;tether;cardano;polkadot-new;uniswap;litecoin;chainlink;theta-network
2021-04-09,0.03733874727575457,bitcoin;ethereum;bnb;xrp;tether;cardano;polkadot-new;litecoin;uniswap;chainlink
2021-04-10,0.012153372635376917,bitcoin;ethereum;bnb;xrp;tether;cardano;polkadot-new;litecoin;uniswap;chainlink
2021-04-11,0.007581588933578395,bitcoin;ethereum;bnb;xrp;tether;cardano;polkadot-new;uniswap;litecoin;chainlink
2021-04-12,0.058239851000722376,bitcoin;ethereum;bnb;xrp;tether;cardano;polkadot-new;uniswap;litecoin
2021-04-13,0.008891481725671996,bitcoin;ethereum;bnb;xrp;cardano;tether;polkadot-new;uniswap;litecoin;chainlink
2021-04-14,0.01213006795305899,bitcoin;ethereum;bnb;xrp;cardano;tether;polkadot-new;dogecoin;uniswap;litecoin;chainlink
2021-04-15,-0.01126371351731959,bitcoin;ethereum;bnb;xrp;dogecoin;tether;cardano;polkadot-new;bitcoin-cash;litecoin;uniswap
2021-04-16,-0.020649120588866206,bitcoin;ethereum;bnb;xrp;tether;cardano;polkadot-new;dogecoin;litecoin;bitcoin-cash;uniswap;chainlink
2021-04-17,-0.06600731836741883,bitcoin;ethereum;bnb;xrp;tether;dogecoin;cardano;polkadot-new;litecoin;bitcoin-cash;uniswap;vechain
2021-04-18,-0.007066826650468807,bitcoin;ethereum;bnb;xrp;dogecoin;tether;cardano;polkadot-new;litecoin;bitcoin-cash;uniswap
2021-04-19,0.026207847281278673,bitcoin;ethereum;bnb;xrp;tether;dogecoin;cardano;polkadot-new;bitcoin-cash;litecoin;uniswap
2021-04-20,-0.03509981236390872,bitcoin;ethereum;bnb;xrp;tether;dogecoin;cardano;polkadot-new;uniswap;litecoin;bitcoin-cash
2021-04-21,-0.035084655348518165,bitcoin;ethereum;bnb;xrp;tether;cardano;dogecoin;polkadot-new;uniswap;litecoin
2021-04-22,-0.010830298504020789,bitcoin;ethereum;bnb;xrp;tether;cardano;dogecoin;polkadot-new;uniswap;litecoin
2021-04-23,-0.03358005613075843,bitcoin;ethereum;bnb;tether;xrp;cardano;dogecoin;polkadot-new;uniswap;litecoin
2021-04-24,-0.004307308634824796,bitcoin;ethereum;bnb;tether;xrp;cardano;dogecoin;polkadot-new;uniswap;litecoin
2021-04-25,0.09906448710422035,bitcoin;ethereum;bnb;xrp;tether;cardano;dogecoin;polkadot-new;uniswap;litecoin;bitcoin-cash
2021-04-26,0.02787693342223639,bitcoin;ethereum;bnb;xrp;tether;cardano;dogecoin;polkadot-new;uniswap;litecoin;bitcoin-cash
2021-04-27,0.007416050504865928,bitcoin;ethereum;bnb;xrp;tether;cardano;dogecoin;polkadot-new;uniswap;litecoin;bitcoin-cash
2021-04-28,-0.010262987978483757,bitcoin;ethereum;bnb;xrp;tether;cardano;dogecoin;polkadot-new;uniswap;litecoin;bitcoin-cash
2021-04-29,0.058918868664890364,bitcoin;ethereum;bnb;xrp;tether;dogecoin;cardano;polkadot-new;uniswap;bitcoin-cash;litecoin
2021-04-30,0.017773127192460596,bitcoin;ethereum;bnb;xrp;tether;dogecoin;cardano;polkadot-new;uniswap;bitcoin-cash;litecoin
2021-05-01,-0.01557497912444763,bitcoin;ethereum;bnb;xrp;tether;dogecoin;cardano;polkadot-new;uniswap;bitcoin-cash;litecoin
2021-05-02,0.04878713913426091,bitcoin;ethereum;bnb;xrp;dogecoin;tether;cardano;polkadot-new;uniswap;litecoin;bitcoin-cash
2021-05-03,-0.05259045662945954,bitcoin;ethereum;bnb;dogecoin;xrp;tether;cardano;polkadot-new;uniswap;litecoin;chainlink
2021-05-04,0.0886099878144172,bitcoin;ethereum;bnb;dogecoin;xrp;tether;cardano;polkadot-new;bitcoin-cash;litecoin;uniswap
2021-05-05,-0.015387572948773869,bitcoin;ethereum;bnb;dogecoin;xrp;tether;cardano;polkadot-new;bitcoin-cash;litecoin;uniswap;chainlink
2021-05-06,0.01311976517054726,bitcoin;ethereum;bnb;dogecoin;xrp;tether;cardano;polkadot-new;bitcoin-cash;litecoin;uniswap;chainlink
2021-05-07,0.03715745527571173,bitcoin;ethereum;bnb;dogecoin;xrp;tether;cardano;polkadot-new;bitcoin-cash;litecoin;uniswap;chainlink
2021-05-08,-0.0026125644332428925,bitcoin;ethereum;bnb;dogecoin;xrp;cardano;tether;polkadot-new;bitcoin-cash;litecoin;chainlink;uniswap
2021-05-09,-0.03847539700916548,bitcoin;ethereum;bnb;xrp;dogecoin;tether;internet-computer;cardano;polkadot-new;bitcoin-cash;litecoin;chainlink
2021-05-10,0.029979455463953385,bitcoin;ethereum;bnb;xrp;dogecoin;tether;cardano;internet-computer;polkadot-new;bitcoin-cash;litecoin;chainlink
2021-05-11,-0.1346384292227517,bitcoin;ethereum;bnb;tether;xrp;dogecoin;cardano;polkadot-new;internet-computer;bitcoin-cash;litecoin;uniswap
2021-05-12,0.025378774698307446,bitcoin;ethereum;bnb;dogecoin;cardano;xrp;tether;polkadot-new;internet-computer;bitcoin-cash;litecoin;uniswap
2021-05-13,0.042404713470648434,bitcoin;ethereum;bnb;dogecoin;cardano;xrp;tether;polkadot-new;internet-computer;bitcoin-cash;uniswap;litecoin;chainlink
2021-05-14,-0.07017156685397884,bitcoin;ethereum;bnb;cardano;xrp;dogecoin;tether;polkadot-new;internet-computer;bitcoin-cash;uniswap;litecoin;chainlink
2021-05-15,-0.007235606991686871,bitcoin;ethereum;bnb;cardano;dogecoin;xrp;tether;polkadot-new;internet-computer;bitcoin-cash;uniswap;litecoin;chainlink
2021-05-16,-0.06931614469283698,bitcoin;ethereum;bnb;xrp;cardano;dogecoin;tether;polkadot-new;internet-computer;bitcoin-cash;litecoin;uniswap;chainlink
2021-05-17,0.004178706735731189,bitcoin;ethereum;bnb;xrp;cardano;dogecoin;tether;polkadot-new;bitcoin-cash;internet-computer;litecoin;uniswap;chainlink;solana
2021-05-18,-0.21979118940028458,bitcoin;ethereum;tether;bnb;xrp;cardano;dogecoin;polkadot-new;internet-computer;usd-coin;bitcoin-cash
2021-05-19,0.1120492215842208,bitcoin;ethereum;bnb;tether;cardano;xrp;dogecoin;polkadot-new;internet-computer;bitcoin-cash;uniswap;usd-coin
2021-05-20,-0.10672098805312318,bitcoin;ethereum;tether;bnb;cardano;dogecoin;xrp;polkadot-new;internet-computer;usd-coin;bitcoin-cash
2021-05-21,-0.021480107855760915,bitcoin;ethereum;tether;cardano;bnb;dogecoin;xrp;polkadot-new;internet-computer;usd-coin;bitcoin-cash
2021-05-22,-0.07944426533567732,bitcoin;ethereum;tether;cardano;bnb;dogecoin;xrp;internet-computer;polkadot-new;usd-coin
2021-05-23,0.1449954294507256,bitcoin;ethereum;tether;bnb;cardano;dogecoin;xrp;polkadot-new;usd-coin;internet-computer;bitcoin-cash
2021-05-24,-0.002854253155280265,bitcoin;ethereum;tether;bnb;cardano;xrp;dogecoin;usd-coin;polkadot-new;internet-computer;uniswap
2021-05-25,0.045431084304445604,bitcoin;ethereum;tether;bnb;cardano;xrp;dogecoin;polkadot-new;usd-coin;internet-computer;uniswap;chainlink
2021-05-26,-0.03438305801288153,bitcoin;ethereum;tether;bnb;cardano;xrp;dogecoin;polkadot-new;usd-coin;internet-computer;uniswap;bitcoin-cash
2021-05-27,-0.08290238502107525,bitcoin;ethereum;tether;bnb;cardano;xrp;dogecoin;usd-coin;polkadot-new;uniswap;internet-computer
2021-05-28,-0.041496446865639205,bitcoin;ethereum;tether;bnb;cardano;dogecoin;xrp;usd-coin;polkadot-new;internet-computer;uniswap
2021-05-29,0.03821355944801002,bitcoin;ethereum;tether;cardano;bnb;xrp;dogecoin;usd-coin;polkadot-new;uniswap;internet-computer
2021-05-30,0.07182842864860617,bitcoin;ethereum;tether;cardano;bnb;xrp;dogecoin;usd-coin;polkadot-new;uniswap;internet-computer
2021-05-31,-0.013341343720328993,bitcoin;ethereum;tether;bnb;cardano;dogecoin;xrp;usd-coin;polkadot-new;uniswap;internet-computer
2021-06-01,0.031648256247921204,bitcoin;ethereum;tether;bnb;cardano;dogecoin;xrp;polkadot-new;usd-coin;uniswap;internet-computer
2021-06-02,0.04056936391530199,bitcoin;ethereum;bnb;tether;cardano;dogecoin;xrp;polkadot-new;usd-coin;uniswap;internet-computer;chainlink
2021-06-03,-0.060340340263426405,bitcoin;ethereum;tether;bnb;cardano;dogecoin;xrp;polkadot-new;usd-coin;uniswap;internet-computer;bitcoin-cash
2021-06-04,-0.02893136598572852,bitcoin;ethereum;tether;bnb;cardano;dogecoin;xrp;usd-coin;polkadot-new;uniswap;internet-computer;bitcoin-cash
2021-06-05,0.013904457741740345,bitcoin;ethereum;tether;bnb;cardano;dogecoin;xrp;usd-coin;polkadot-new;uniswap;internet-computer;bitcoin-cash
2021-06-06,-0.06299129261279672,bitcoin;ethereum;tether;bnb;cardano;dogecoin;xrp;usd-coin;polkadot-new;uniswap;internet-computer;bitcoin-cash
2021-06-07,-0.007022145711866874,bitcoin;ethereum;tether;bnb;cardano;dogecoin;xrp;usd-coin;polkadot-new;uniswap;solana;bitcoin-cash
2021-06-08,0.07434652186473176,bitcoin;ethereum;tether;bnb;cardano;dogecoin;xrp;usd-coin;polkadot-new;uniswap;bitcoin-cash
2021-06-09,-0.029627723845071563,bitcoin;ethereum;tether;bnb;cardano;dogecoin;xrp;usd-coin;polkadot-new;uniswap;hex
2021-06-10,-0.005877166894986576,bitcoin;ethereum;tether;bnb;cardano;dogecoin;xrp;usd-coin;polkadot-new;hex
2021-06-11,-0.024666097857215574,bitcoin;ethereum;tether;bnb;cardano;dogecoin;xrp;usd-coin;polkadot-new;hex
2021-06-12,0.07327052532140761,bitcoin;ethereum;tether;bnb;cardano;dogecoin;xrp;usd-coin;polkadot-new;hex
2021-06-13,0.020344375756673486,bitcoin;ethereum;tether;bnb;cardano;dogecoin;xrp;usd-coin;polkadot-new;hex
2021-06-14,0.5484220853272544,bitcoin;ethereum;tether;privcy;bnb;cardano;dogecoin;xrp;usd-coin;polkadot-new
2021-06-15,-0.06229045266029215,bitcoin;ethereum;tether;bnb;cardano;dogecoin;xrp;usd-coin;polkadot-new;hex
2021-06-16,-0.0020316047252383358,bitcoin;ethereum;tether;bnb;cardano;dogecoin;xrp;usd-coin;polkadot-new;hex
2021-06-17,-0.052982338673469395,bitcoin;ethereum;tether;bnb;cardano;dogecoin;xrp;usd-coin;polkadot-new;hex
2021-06-18,-0.011515735059059817,bitcoin;ethereum;tether;bnb;cardano;dogecoin;xrp;usd-coin;polkadot-new;hex
2021-06-19,0.009184283657703638,bitcoin;ethereum;tether;bnb;cardano;dogecoin;xrp;usd-coin;polkadot-new;hex
2021-06-20,-0.14069213001649858,bitcoin;ethereum;tether;bnb;cardano;xrp;usd-coin;dogecoin;polkadot-new
2021-06-21,0.009348176023793625,bitcoin;ethereum;tether;bnb;cardano;xrp;usd-coin;dogecoin;polkadot-new
2021-06-22,0.051302918861205284,bitcoin;ethereum;tether;bnb;cardano;dogecoin;xrp;usd-coin;polkadot-new
2021-06-23,0.026111086178522595,bitcoin;ethereum;tether;bnb;cardano;dogecoin;xrp;usd-coin;polkadot-new
2021-06-24,-0.08366600717579409,bitcoin;ethereum;tether;bnb;cardano;dogecoin;xrp;usd-coin;polkadot-new
2021-06-25,0.011971399280239435,bitcoin;ethereum;tether;bnb;cardano;dogecoin;xrp;usd-coin;polkadot-new
2021-06-26,0.06626227228922818,bitcoin;ethereum;tether;bnb;cardano;dogecoin;xrp;usd-coin;polkadot-new
2021-06-27,0.006174927260846871,bitcoin;ethereum;tether;bnb;cardano;dogecoin;xrp;usd-coin;polkadot-new
2021-06-28,0.03735627500037068,bitcoin;ethereum;tether;bnb;cardano;dogecoin;xrp;usd-coin;polkadot-new
2021-06-29,-0.0011760610461400418,bitcoin;ethereum;tether;bnb;cardano;dogecoin;xrp;usd-coin;polkadot-new;hex
2021-06-30,-0.047767869934134885,bitcoin;ethereum;tether;bnb;cardano;dogecoin;xrp;usd-coin;polkadot-new;hex
2021-07-01,0.01124143510380641,bitcoin;ethereum;tether;cardano;bnb;dogecoin;xrp;usd-coin;polkadot-new;hex
2021-07-02,0.023548427424957677,bitcoin;ethereum;tether;bnb;cardano;dogecoin;xrp;usd-coin;polkadot-new;hex
2021-07-03,0.023262915621802053,bitcoin;ethereum;tether;bnb;cardano;dogecoin;xrp;usd-coin;polkadot-new;hex
2021-07-04,-0.04252717787250969,bitcoin;ethereum;tether;bnb;cardano;xrp;dogecoin;usd-coin;hex;polkadot-new
2021-07-05,0.024641179081914027,bitcoin;ethereum;tether;bnb;cardano;xrp;dogecoin;usd-coin;polkadot-new;hex
2021-07-06,-0.007638403161537187,bitcoin;ethereum;tether;bnb;cardano;xrp;dogecoin;usd-coin;polkadot-new;hex
2021-07-07,-0.044261239507444934,bitcoin;ethereum;tether;bnb;cardano;xrp;dogecoin;usd-coin;polkadot-new;hex
2021-07-08,0.021810411737300712,bitcoin;ethereum;tether;bnb;cardano;xrp;dogecoin;usd-coin;polkadot-new;hex
2021-07-09,-0.009984013668735504,bitcoin;ethereum;tether;bnb;cardano;xrp;dogecoin;usd-coin;polkadot-new;hex
2021-07-10,0.016986347182718877,bitcoin;ethereum;tether;bnb;cardano;xrp;dogecoin;usd-coin;hex;polkadot-new
2021-07-11,-0.031626005739681655,bitcoin;ethereum;tether;bnb;cardano;xrp;dogecoin;usd-coin;hex;polkadot-new
2021-07-12,-0.016758031721370317,bitcoin;ethereum;tether;bnb;cardano;xrp;usd-coin;dogecoin;hex;polkadot-new
2021-07-13,0.008227578094800824,bitcoin;ethereum;tether;bnb;cardano;xrp;usd-coin;dogecoin;hex;polkadot-new
2021-07-14,-0.02046385546606207,bitcoin;ethereum;tether;bnb;cardano;hex;xrp;usd-coin;dogecoin;polkadot-new
2021-07-15,-0.016068997395886606,bitcoin;ethereum;tether;bnb;cardano;hex;xrp;usd-coin;dogecoin
2021-07-16,0.005791083557061447,bitcoin;ethereum;tether;bnb;cardano;hex;xrp;usd-coin;dogecoin
2021-07-17,0.0028901096799846546,bitcoin;ethereum;tether;bnb;cardano;xrp;hex;usd-coin;dogecoin
2021-07-18,-0.03338838137212402,bitcoin;ethereum;tether;bnb;cardano;hex;usd-coin;xrp;dogecoin
2021-07-19,-0.03203231116299465,bitcoin;ethereum;tether;bnb;cardano;usd-coin;xrp;hex;dogecoin
2021-07-20,0.07892718932399363,bitcoin;ethereum;tether;bnb;cardano;usd-coin;xrp;hex;dogecoin
2021-07-21,0.007098765442612046,bitcoin;ethereum;tether;bnb;cardano;xrp;usd-coin;dogecoin;hex
2021-07-22,0.03559715168233741,bitcoin;ethereum;tether;bnb;cardano;xrp;usd-coin;dogecoin;hex
2021-07-23,0.020018272792535017,bitcoin;ethereum;tether;bnb;cardano;xrp;usd-coin;dogecoin;hex
2021-07-24,0.015771230019556996,bitcoin;ethereum;tether;bnb;cardano;xrp;usd-coin;dogecoin;hex
2021-07-25,0.03641633762292262,bitcoin;ethereum;tether;bnb;cardano;xrp;usd-coin;dogecoin;hex
2021-07-26,0.04199663166236435,bitcoin;ethereum;tether;bnb;cardano;xrp;usd-coin;dogecoin;hex
2021-07-27,0.010581501751002262,bitcoin;ethereum;tether;bnb;cardano;xrp;usd-coin;dogecoin;hex
2021-07-28,0.008888507206666769,bitcoin;ethereum;tether;bnb;cardano;xrp;usd-coin;dogecoin;hex
2021-07-29,0.04021464547148405,bitcoin;ethereum;tether;bnb;cardano;xrp;usd-coin;dogecoin;hex
2021-07-30,-1.5475744947882276e-4,bitcoin;ethereum;tether;bnb;cardano;xrp;usd-coin;dogecoin;hex
2021-07-31,-0.021934300256035984,bitcoin;ethereum;tether;bnb;cardano;xrp;usd-coin;dogecoin;hex
2021-08-01,-0.007690110419665983,bitcoin;ethereum;tether;bnb;cardano;xrp;usd-coin;dogecoin;hex;polkadot-new
2021-08-02,-0.022880891952585632,bitcoin;ethereum;tether;bnb;cardano;xrp;usd-coin;dogecoin;hex;polkadot-new
2021-08-03,0.04737721709931594,bitcoin;ethereum;tether;bnb;cardano;xrp;usd-coin;dogecoin;hex;polkadot-new
2021-08-04,0.024575998808191786,bitcoin;ethereum;tether;bnb;cardano;xrp;usd-coin;dogecoin;hex;polkadot-new
2021-08-05,0.032566100062331474,bitcoin;ethereum;tether;bnb;cardano;xrp;usd-coin;dogecoin;hex;polkadot-new
2021-08-06,0.053664346098586294,bitcoin;ethereum;tether;bnb;cardano;xrp;dogecoin;usd-coin;hex;polkadot-new
2021-08-07,-0.026025191677136166,bitcoin;ethereum;tether;bnb;cardano;xrp;dogecoin;usd-coin;hex
2021-08-08,0.049525862437724756,bitcoin;ethereum;tether;bnb;cardano;xrp;dogecoin;usd-coin;hex
2021-08-09,-0.00502898812947163,bitcoin;ethereum;tether;bnb;cardano;xrp;dogecoin;usd-coin;hex;polkadot-new
2021-08-10,0.014172657207388983,bitcoin;ethereum;bnb;tether;cardano;xrp;dogecoin;usd-coin;hex;polkadot-new
2021-08-11,-0.024411181143431385,bitcoin;ethereum;bnb;tether;cardano;xrp;dogecoin;usd-coin;hex;polkadot-new
2021-08-12,0.0775757953897995,bitcoin;ethereum;bnb;cardano;tether;xrp;dogecoin;usd-coin;hex;polkadot-new
2021-08-13,-0.0039227863061702456,bitcoin;ethereum;cardano;bnb;tether;xrp;dogecoin;usd-coin;hex;polkadot-new
2021-08-14,0.007842850040072968,bitcoin;ethereum;bnb;cardano;tether;xrp;dogecoin;hex;usd-coin;polkadot-new;uniswap
2021-08-15,-0.025624103531732407,bitcoin;ethereum;bnb;cardano;tether;xrp;dogecoin;hex;usd-coin;polkadot-new;solana
2021-08-16,-0.03373997885302217,bitcoin;ethereum;bnb;tether;cardano;xrp;dogecoin;hex;usd-coin;polkadot-new;solana
2021-08-17,0.010638838377967487,bitcoin;ethereum;cardano;bnb;tether;xrp;dogecoin;hex;usd-coin;polkadot-new;solana
2021-08-18,0.04781162533316101,bitcoin;ethereum;cardano;bnb;tether;xrp;dogecoin;hex;usd-coin;polkadot-new;solana
2021-08-19,0.042343402720329146,bitcoin;ethereum;cardano;bnb;tether;xrp;dogecoin;hex;polkadot-new;usd-coin;solana
2021-08-20,-0.011516061796425473,bitcoin;ethereum;cardano;bnb;tether;xrp;dogecoin;hex;polkadot-new;usd-coin;solana
2021-08-21,0.010276272194952469,bitcoin;ethereum;cardano;bnb;tether;xrp;dogecoin;hex;polkadot-new;usd-coin;solana
2021-08-22,0.017690052121259424,bitcoin;ethereum;cardano;bnb;tether;xrp;dogecoin;hex;polkadot-new;usd-coin;solana
2021-08-23,-0.04348044394910908,bitcoin;ethereum;cardano;bnb;tether;xrp;dogecoin;hex;usd-coin;polkadot-new;solana
2021-08-24,0.02299388716560104,bitcoin;ethereum;cardano;bnb;tether;xrp;dogecoin;hex;usd-coin;polkadot-new;solana
2021-08-25,-0.04057079640465494,bitcoin;ethereum;cardano;bnb;tether;xrp;dogecoin;hex;usd-coin;polkadot-new;solana
2021-08-26,0.05669249423691807,bitcoin;ethereum;cardano;bnb;tether;xrp;hex;dogecoin;usd-coin;polkadot-new;solana
2021-08-27,-0.0058115488830119055,bitcoin;ethereum;cardano;bnb;tether;xrp;hex;dogecoin;solana;usd-coin;polkadot-new
2021-08-28,-0.004781908346912683,bitcoin;ethereum;cardano;bnb;tether;xrp;hex;dogecoin;solana;usd-coin;polkadot-new
2021-08-29,-0.01988155268100837,bitcoin;ethereum;cardano;bnb;tether;xrp;hex;dogecoin;solana;usd-coin;polkadot-new
2021-08-30,0.023774112675701058,bitcoin;ethereum;cardano;bnb;tether;xrp;hex;dogecoin;solana;polkadot-new;usd-coin
2021-08-31,0.05332096481168192,bitcoin;ethereum;cardano;bnb;tether;xrp;hex;dogecoin;polkadot-new;solana;usd-coin
2021-09-01,0.007795361377777284,bitcoin;ethereum;cardano;bnb;tether;xrp;hex;dogecoin;solana;polkadot-new;usd-coin
2021-09-02,0.022190428110385543,bitcoin;ethereum;cardano;bnb;tether;xrp;hex;solana;dogecoin;polkadot-new;usd-coin
2021-09-03,-0.0013261207689557973,bitcoin;ethereum;cardano;bnb;tether;hex;xrp;solana;dogecoin;polkadot-new;usd-coin
2021-09-04,0.027666742823510306,bitcoin;ethereum;cardano;bnb;tether;hex;xrp;solana;dogecoin;polkadot-new;usd-coin;uniswap
2021-09-05,0.014291735796079407,bitcoin;ethereum;cardano;bnb;hex;tether;xrp;solana;dogecoin;polkadot-new;usd-coin
2021-09-06,-0.11335795115687126,bitcoin;ethereum;cardano;hex;bnb;tether;xrp;solana;dogecoin;usd-coin;polkadot-new
2021-09-07,0.0030105620529024446,bitcoin;ethereum;cardano;hex;bnb;tether;solana;xrp;dogecoin;usd-coin;polkadot-new
2021-09-08,0.0024081211601332895,bitcoin;ethereum;hex;cardano;bnb;tether;solana;xrp;dogecoin;polkadot-new;usd-coin;uniswap
2021-09-09,-0.03503355820882781,bitcoin;ethereum;hex;cardano;tether;bnb;solana;xrp;dogecoin;usd-coin;polkadot-new;terra-luna
2021-09-10,0.012500852606607769,bitcoin;ethereum;cardano;hex;tether;bnb;solana;xrp;dogecoin;polkadot-new;usd-coin;terra-luna
2021-09-11,0.018391868840796726,bitcoin;ethereum;cardano;hex;bnb;tether;xrp;solana;polkadot-new;dogecoin;usd-coin;terra-luna
2021-09-12,-0.03407710200337707,bitcoin;ethereum;cardano;tether;bnb;hex;solana;xrp;polkadot-new;dogecoin;usd-coin;terra-luna
2021-09-13,0.03865126640608575,bitcoin;ethereum;cardano;bnb;tether;hex;xrp;solana;polkadot-new;dogecoin;usd-coin;uniswap
2021-09-14,0.028629528102378676,bitcoin;ethereum;cardano;bnb;tether;hex;xrp;solana;polkadot-new;dogecoin;usd-coin;uniswap
2021-09-15,-0.011860448020766369,bitcoin;ethereum;cardano;bnb;tether;hex;xrp;solana;polkadot-new;dogecoin;usd-coin;uniswap
2021-09-16,-0.0196612488848252,bitcoin;ethereum;cardano;hex;bnb;tether;xrp;solana;polkadot-new;dogecoin;usd-coin;avalanche
2021-09-17,0.025503407901754628,bitcoin;ethereum;hex;cardano;bnb;tether;solana;xrp;polkadot-new;dogecoin;usd-coin;avalanche
2021-09-18,-0.024314960148890678,bitcoin;ethereum;hex;cardano;bnb;tether;xrp;solana;polkadot-new;dogecoin;usd-coin;avalanche
2021-09-19,-0.10027513187155505,bitcoin;ethereum;hex;tether;cardano;bnb;xrp;solana;usd-coin;polkadot-new;dogecoin
2021-09-20,-0.05206299980481961,bitcoin;ethereum;hex;tether;cardano;bnb;xrp;solana;usd-coin;dogecoin;polkadot-new
2021-09-21,0.08401667361922517,bitcoin;ethereum;hex;cardano;tether;bnb;xrp;solana;polkadot-new;usd-coin;dogecoin;avalanche
2021-09-22,0.029083008179165697,bitcoin;ethereum;hex;cardano;tether;bnb;xrp;solana;polkadot-new;usd-coin;dogecoin;avalanche
2021-09-23,-0.04765908073712833,bitcoin;ethereum;hex;cardano;tether;bnb;xrp;solana;usd-coin;polkadot-new;dogecoin;terra-luna
2021-09-24,-0.005100184619162935,bitcoin;ethereum;hex;cardano;tether;bnb;xrp;solana;usd-coin;polkadot-new;dogecoin;terra-luna
2021-09-25,0.011231738587341134,bitcoin;ethereum;hex;cardano;tether;bnb;xrp;solana;usd-coin;polkadot-new;dogecoin
2021-09-26,-0.02629440044978327,bitcoin;ethereum;hex;tether;cardano;bnb;xrp;solana;usd-coin;polkadot-new;dogecoin
2021-09-27,-0.03386100814714208,bitcoin;ethereum;tether;hex;cardano;bnb;xrp;solana;usd-coin;polkadot-new;dogecoin
2021-09-28,0.01834066886441162,bitcoin;ethereum;hex;tether;cardano;bnb;xrp;solana;usd-coin;polkadot-new;dogecoin
2021-09-29,0.04255421848918336,bitcoin;ethereum;hex;tether;cardano;bnb;xrp;solana;usd-coin;polkadot-new;dogecoin
2021-09-30,0.09150359890013396,bitcoin;ethereum;hex;cardano;bnb;tether;xrp;solana;usd-coin;polkadot-new;dogecoin
2021-10-01,-1.5294272211541312e-5,bitcoin;ethereum;hex;cardano;bnb;tether;solana;xrp;usd-coin;polkadot-new;dogecoin;terra-luna
2021-10-02,0.008652760824511474,bitcoin;ethereum;hex;bnb;cardano;tether;solana;xrp;usd-coin;polkadot-new;dogecoin;terra-luna
2021-10-03,0.0053438173199459255,bitcoin;ethereum;bnb;hex;cardano;tether;solana;xrp;usd-coin;dogecoin;polkadot-new;terra-luna
2021-10-04,0.03556803467777167,bitcoin;ethereum;bnb;cardano;tether;hex;xrp;solana;dogecoin;usd-coin;polkadot-new
2021-10-05,0.0399339454887548,bitcoin;ethereum;bnb;cardano;tether;hex;xrp;solana;dogecoin;usd-coin;polkadot-new
2021-10-06,-0.012878731990924139,bitcoin;ethereum;bnb;cardano;tether;hex;xrp;solana;polkadot-new;usd-coin;dogecoin
2021-10-07,2.4748442102547936e-4,bitcoin;ethereum;cardano;hex;bnb;tether;xrp;solana;polkadot-new;usd-coin;dogecoin
2021-10-08,0.017066788822098476,bitcoin;ethereum;hex;cardano;bnb;tether;xrp;solana;polkadot-new;usd-coin;dogecoin
2021-10-09,-0.01789835816384097,bitcoin;ethereum;hex;cardano;tether;bnb;xrp;solana;polkadot-new;usd-coin;dogecoin
2021-10-10,0.031879965547321046,bitcoin;ethereum;cardano;hex;bnb;tether;xrp;solana;polkadot-new;usd-coin;dogecoin
2021-10-11,-0.016576617120981515,bitcoin;ethereum;bnb;cardano;tether;hex;xrp;solana;polkadot-new;usd-coin;dogecoin
2021-10-12,0.02591214368208483,bitcoin;ethereum;bnb;cardano;tether;hex;xrp;solana;polkadot-new;usd-coin;dogecoin
2021-10-13,0.009909476573232576,bitcoin;ethereum;bnb;cardano;tether;hex;xrp;solana;polkadot-new;usd-coin;dogecoin
2021-10-14,0.04565510217887533,bitcoin;ethereum;bnb;cardano;tether;hex;xrp;solana;polkadot-new;usd-coin
2021-10-15,-0.013797010356554177,bitcoin;ethereum;bnb;cardano;tether;xrp;hex;solana;polkadot-new;usd-coin
2021-10-16,0.005922807092640624,bitcoin;ethereum;bnb;cardano;tether;xrp;hex;solana;polkadot-new;usd-coin
2021-10-17,-0.0028772343717076757,bitcoin;ethereum;bnb;cardano;tether;xrp;solana;hex;polkadot-new;usd-coin
2021-10-18,0.032287266773765574,bitcoin;ethereum;bnb;cardano;tether;hex;xrp;solana;polkadot-new;dogecoin
2021-10-19,0.03697952052765032,bitcoin;ethereum;bnb;cardano;tether;xrp;solana;hex;polkadot-new;dogecoin
2021-10-20,-0.04272690350100116,bitcoin;ethereum;bnb;cardano;tether;solana;xrp;hex;polkadot-new;usd-coin
2021-10-21,-0.013256716240115752,bitcoin;ethereum;bnb;cardano;tether;solana;hex;xrp;polkadot-new;usd-coin;dogecoin
2021-10-22,0.020948837590011447,bitcoin;ethereum;bnb;cardano;tether;solana;hex;xrp;polkadot-new;dogecoin;usd-coin
2021-10-23,-0.009316443870271352,bitcoin;ethereum;bnb;cardano;tether;solana;hex;xrp;polkadot-new;dogecoin;usd-coin
2021-10-24,0.02620590957161382,bitcoin;ethereum;bnb;cardano;tether;solana;hex;xrp;polkadot-new;dogecoin;usd-coin
2021-10-25,-0.03179388712174133,bitcoin;ethereum;bnb;cardano;tether;solana;xrp;hex;polkadot-new;dogecoin;usd-coin
2021-10-26,-0.03541633754034414,bitcoin;ethereum;bnb;tether;cardano;solana;xrp;hex;polkadot-new;usd-coin;shiba-inu
2021-10-27,0.04958811449360231,bitcoin;ethereum;bnb;tether;cardano;solana;xrp;hex;polkadot-new;dogecoin;shiba-inu
2021-10-28,0.025460109105488096,bitcoin;ethereum;bnb;tether;cardano;solana;xrp;polkadot-new;shiba-inu;hex;dogecoin
2021-10-29,-0.013785849153493056,bitcoin;ethereum;bnb;tether;cardano;solana;xrp;polkadot-new;hex;shiba-inu;dogecoin;usd-coin
2021-10-30,-0.0027862827861729065,bitcoin;ethereum;bnb;tether;cardano;solana;xrp;polkadot-new;hex;dogecoin;shiba-inu;usd-coin
2021-10-31,0.004188469891735528,bitcoin;ethereum;bnb;tether;cardano;solana;xrp;polkadot-new;shiba-inu;hex;dogecoin;usd-coin
2021-11-01,0.03697755211783234,bitcoin;ethereum;bnb;tether;solana;cardano;xrp;polkadot-new;hex;shiba-inu;dogecoin;usd-coin
2021-11-02,0.0034340976487304896,bitcoin;ethereum;bnb;solana;tether;cardano;xrp;polkadot-new;hex;dogecoin;usd-coin;shiba-inu
2021-11-03,-0.02036896214520147,bitcoin;ethereum;bnb;solana;tether;cardano;xrp;polkadot-new;hex;dogecoin;usd-coin;shiba-inu
2021-11-04,-9.430103139512255e-4,bitcoin;ethereum;bnb;tether;solana;cardano;xrp;polkadot-new;hex;dogecoin;shiba-inu;usd-coin
2021-11-05,0.008483394546070997,bitcoin;ethereum;bnb;solana;tether;cardano;xrp;polkadot-new;dogecoin;usd-coin;hex;shiba-inu
2021-11-06,0.020237089392303478,bitcoin;ethereum;bnb;solana;tether;cardano;xrp;polkadot-new;dogecoin;usd-coin;shiba-inu;hex
2021-11-07,0.047030685704743246,bitcoin;ethereum;bnb;solana;tether;cardano;xrp;polkadot-new;dogecoin;usd-coin;shiba-inu;hex
2021-11-08,-0.00899740245712305,bitcoin;ethereum;bnb;cardano;tether;solana;xrp;polkadot-new;dogecoin;usd-coin;hex;shiba-inu
2021-11-09,-0.030828169590216274,bitcoin;ethereum;bnb;tether;solana;cardano;xrp;polkadot-new;usd-coin;dogecoin;hex;shiba-inu
2021-11-10,0.012852038969227849,bitcoin;ethereum;bnb;tether;solana;cardano;xrp;polkadot-new;hex;dogecoin;usd-coin;shiba-inu
2021-11-11,-0.01141965215834386,bitcoin;ethereum;bnb;tether;solana;cardano;xrp;hex;polkadot-new;usd-coin;dogecoin;shiba-inu
2021-11-12,0.005205265859184482,bitcoin;ethereum;bnb;tether;solana;cardano;xrp;polkadot-new;hex;dogecoin;usd-coin;shiba-inu;terra-luna
2021-11-13,0.005632607436066091,bitcoin;ethereum;bnb;tether;solana;cardano;xrp;polkadot-new;hex;dogecoin;usd-coin;shiba-inu;terra-luna
2021-11-14,-0.02334914086931389,bitcoin;ethereum;bnb;tether;solana;cardano;xrp;polkadot-new;hex;usd-coin;dogecoin;shiba-inu;terra-luna
2021-11-15,-0.06121481279664413,bitcoin;ethereum;bnb;tether;solana;cardano;xrp;polkadot-new;hex;usd-coin;dogecoin;shiba-inu;avalanche
2021-11-16,0.006292830579969963,bitcoin;ethereum;bnb;tether;solana;cardano;xrp;polkadot-new;hex;usd-coin;dogecoin;shiba-inu;avalanche
2021-11-17,-0.05946833495868063,bitcoin;ethereum;bnb;tether;cardano;solana;xrp;polkadot-new;hex;usd-coin;dogecoin;shiba-inu;avalanche
2021-11-18,0.04043177046232383,bitcoin;ethereum;bnb;tether;solana;cardano;xrp;polkadot-new;hex;usd-coin;dogecoin;shiba-inu;avalanche
2021-11-19,0.02545501831645177,bitcoin;ethereum;bnb;tether;solana;cardano;xrp;polkadot-new;hex;usd-coin;dogecoin;avalanche;shiba-inu;terra-luna
2021-11-20,-0.0177799373753707,bitcoin;ethereum;bnb;tether;solana;cardano;xrp;polkadot-new;usd-coin;hex;dogecoin;avalanche;shiba-inu;cronos
2021-11-21,-0.038785150298942896,bitcoin;ethereum;bnb;tether;solana;cardano;xrp;polkadot-new;usd-coin;hex;avalanche;dogecoin;shiba-inu;cronos
2021-11-22,0.03061055697165743,bitcoin;ethereum;bnb;tether;solana;cardano;xrp;polkadot-new;usd-coin;hex;dogecoin;avalanche;shiba-inu;cronos
2021-11-23,-0.022816985637406997,bitcoin;ethereum;bnb;tether;solana;cardano;xrp;polkadot-new;usd-coin;hex;dogecoin;avalanche;shiba-inu;cronos
2021-11-24,0.009724637907087318,bitcoin;ethereum;bnb;tether;solana;cardano;xrp;polkadot-new;usd-coin;hex;dogecoin;avalanche;shiba-inu;cronos;terra-luna
2021-11-25,-0.0607416869390722,bitcoin;ethereum;bnb;tether;solana;cardano;xrp;usd-coin;polkadot-new;hex;dogecoin;avalanche;shiba-inu;cronos;terra-luna
2021-11-26,0.020455365255919122,bitcoin;ethereum;bnb;tether;solana;cardano;xrp;usd-coin;polkadot-new;hex;dogecoin;avalanche;shiba-inu;cronos;terra-luna
2021-11-27,0.03712865665317121,bitcoin;ethereum;bnb;tether;solana;cardano;xrp;usd-coin;polkadot-new;hex;dogecoin;avalanche;shiba-inu;terra-luna
2021-11-28,0.020472438337488432,bitcoin;ethereum;bnb;tether;solana;cardano;xrp;usd-coin;polkadot-new;hex;dogecoin;avalanche;shiba-inu;terra-luna
2021-11-29,0.00483463267029601,bitcoin;ethereum;bnb;tether;solana;cardano;xrp;usd-coin;polkadot-new;hex;dogecoin;avalanche;shiba-inu;terra-luna
2021-11-30,0.0026420978846970443,bitcoin;ethereum;bnb;tether;solana;cardano;xrp;usd-coin;polkadot-new;hex;dogecoin;avalanche;terra-luna;shiba-inu
2021-12-01,-0.010160975488079513,bitcoin;ethereum;bnb;tether;solana;cardano;xrp;usd-coin;polkadot-new;hex;dogecoin;terra-luna;avalanche;shiba-inu
2021-12-02,-0.05419596978484853,bitcoin;ethereum;bnb;tether;solana;cardano;xrp;usd-coin;polkadot-new;hex;dogecoin;terra-luna;avalanche;shiba-inu
2021-12-03,-0.05929852306245883,bitcoin;ethereum;bnb;tether;solana;cardano;xrp;usd-coin;terra-luna;polkadot-new;hex;dogecoin;avalanche;shiba-inu
2021-12-04,-0.0012852765432674598,bitcoin;ethereum;bnb;tether;solana;cardano;usd-coin;xrp;polkadot-new;hex;terra-luna;dogecoin;avalanche
2021-12-05,0.025882159736128278,bitcoin;ethereum;bnb;tether;solana;cardano;usd-coin;xrp;polkadot-new;terra-luna;hex;dogecoin;avalanche
2021-12-06,-0.0033267972186544837,bitcoin;ethereum;bnb;tether;solana;cardano;usd-coin;xrp;polkadot-new;terra-luna;hex;dogecoin;avalanche
2021-12-07,0.011155051192428671,bitcoin;ethereum;bnb;tether;solana;cardano;usd-coin;xrp;polkadot-new;terra-luna;dogecoin;hex;avalanche
2021-12-08,-0.05848270195589539,bitcoin;ethereum;bnb;tether;solana;cardano;usd-coin;xrp;polkadot-new;terra-luna;hex;dogecoin;avalanche
2021-12-09,-0.027518895110351153,bitcoin;ethereum;bnb;tether;solana;usd-coin;cardano;xrp;polkadot-new;hex;terra-luna;dogecoin;avalanche
2021-12-10,0.042295534491355556,bitcoin;ethereum;bnb;tether;solana;cardano;usd-coin;xrp;hex;polkadot-new;terra-luna;dogecoin;avalanche
2021-12-11,0.01227236379217943,bitcoin;ethereum;bnb;tether;solana;cardano;usd-coin;xrp;polkadot-new;hex;terra-luna;dogecoin;avalanche
2021-12-12,-0.07303587934159969,bitcoin;ethereum;bnb;tether;solana;usd-coin;cardano;xrp;hex;polkadot-new;dogecoin;terra-luna;avalanche
2021-12-13,0.0036018676093443345,bitcoin;ethereum;bnb;tether;solana;usd-coin;cardano;xrp;hex;polkadot-new;dogecoin;terra-luna;avalanche
2021-12-14,0.0558287280000259,bitcoin;ethereum;bnb;tether;solana;cardano;usd-coin;xrp;hex;polkadot-new;avalanche;dogecoin;terra-luna
2021-12-15,-0.019178304362216445,bitcoin;ethereum;bnb;tether;solana;usd-coin;cardano;hex;xrp;polkadot-new;terra-luna;avalanche;dogecoin
2021-12-16,-0.023162272865959566,bitcoin;ethereum;bnb;tether;solana;usd-coin;cardano;xrp;hex;avalanche;terra-luna;polkadot-new;dogecoin
2021-12-17,0.02075476311951678,bitcoin;ethereum;bnb;tether;solana;cardano;usd-coin;xrp;hex;avalanche;terra-luna;polkadot-new;dogecoin
2021-12-18,-0.0031707247717497108,bitcoin;ethereum;bnb;tether;solana;cardano;hex;usd-coin;xrp;terra-luna;avalanche;polkadot-new;dogecoin
2021-12-19,0.005980630125822088,bitcoin;ethereum;bnb;tether;solana;hex;cardano;usd-coin;xrp;terra-luna;avalanche;polkadot-new
2021-12-20,0.03604043173083598,bitcoin;ethereum;bnb;tether;solana;hex;xrp;cardano;usd-coin;terra-luna;avalanche;polkadot-new
2021-12-21,-0.006084876047917665,bitcoin;ethereum;bnb;tether;solana;hex;xrp;cardano;usd-coin;terra-luna;avalanche;polkadot-new;dogecoin
2021-12-22,0.041007743625512016,bitcoin;ethereum;bnb;tether;solana;hex;cardano;xrp;usd-coin;terra-luna;avalanche;polkadot-new;dogecoin
2021-12-23,-0.006420877832713564,bitcoin;ethereum;bnb;tether;solana;hex;cardano;xrp;usd-coin;terra-luna;avalanche;polkadot-new;dogecoin
2021-12-24,0.0021712082956780562,bitcoin;ethereum;bnb;tether;solana;hex;cardano;xrp;usd-coin;terra-luna;polkadot-new;avalanche;dogecoin;shiba-inu
2021-12-25,0.0032142599167870566,bitcoin;ethereum;bnb;tether;solana;hex;cardano;xrp;usd-coin;terra-luna;polkadot-new;avalanche;dogecoin;shiba-inu
2021-12-26,-0.0023001379150322126,bitcoin;ethereum;bnb;tether;solana;hex;cardano;xrp;usd-coin;terra-luna;polkadot-new;avalanche;dogecoin;shiba-inu
2021-12-27,-0.059224620294472466,bitcoin;ethereum;bnb;tether;solana;hex;cardano;usd-coin;xrp;terra-luna;polkadot-new;avalanche;dogecoin;shiba-inu
2021-12-28,-0.025946792318971866,bitcoin;ethereum;bnb;tether;hex;solana;cardano;usd-coin;xrp;terra-luna;polkadot-new;avalanche;dogecoin;shiba-inu
2021-12-29,0.014253400739941914,bitcoin;ethereum;bnb;tether;hex;solana;cardano;usd-coin;xrp;terra-luna;polkadot-new;avalanche;dogecoin;shiba-inu
2021-12-30,-0.01528684819610194,bitcoin;ethereum;bnb;tether;solana;hex;cardano;usd-coin;xrp;terra-luna;avalanche;polkadot-new;dogecoin;shiba-inu
2021-12-31,0.024307338327660608,bitcoin;ethereum;bnb;tether;solana;cardano;hex;usd-coin;xrp;terra-luna;polkadot-new;avalanche;dogecoin;shiba-inu
2022-01-01,-0.001798223325487561,bitcoin;ethereum;bnb;tether;solana;cardano;usd-coin;xrp;hex;terra-luna;polkadot-new;avalanche;dogecoin;shiba-inu;cronos
2022-01-02,-0.01613016880510896,bitcoin;ethereum;bnb;tether;solana;cardano;usd-coin;hex;xrp;terra-luna;polkadot-new;avalanche;dogecoin;shiba-inu;binance-usd
2022-01-03,-0.006969777798519851,bitcoin;ethereum;bnb;tether;solana;cardano;hex;usd-coin;xrp;terra-luna;polkadot-new;avalanche;dogecoin;shiba-inu;binance-usd
2022-01-04,-0.05697552540462824,bitcoin;ethereum;bnb;tether;solana;usd-coin;cardano;xrp;hex;terra-luna;polkadot-new;avalanche;dogecoin;shiba-inu;binance-usd
2022-01-05,-0.01254201582269738,bitcoin;ethereum;bnb;tether;solana;usd-coin;cardano;xrp;hex;terra-luna;polkadot-new;avalanche;dogecoin;shiba-inu;binance-usd
2022-01-06,-0.04525493915469032,bitcoin;ethereum;tether;bnb;solana;cardano;usd-coin;hex;xrp;terra-luna;polkadot-new;avalanche;dogecoin;shiba-inu;binance-usd
2022-01-07,-0.006236434442696278,bitcoin;ethereum;tether;bnb;solana;usd-coin;hex;cardano;xrp;terra-luna;polkadot-new;avalanche;dogecoin;shiba-inu;binance-usd
2022-01-08,0.010240260290670692,bitcoin;ethereum;tether;bnb;solana;usd-coin;hex;cardano;xrp;terra-luna;polkadot-new;avalanche;dogecoin;shiba-inu;binance-usd
2022-01-09,-0.014657849434244072,bitcoin;ethereum;tether;bnb;usd-coin;solana;hex;cardano;xrp;terra-luna;polkadot-new;avalanche;dogecoin;shiba-inu;binance-usd
2022-01-10,0.031878827046041315,bitcoin;ethereum;tether;bnb;usd-coin;solana;cardano;hex;xrp;terra-luna;polkadot-new;avalanche;dogecoin;shiba-inu;binance-usd
2022-01-11,0.036211339930795054,bitcoin;ethereum;bnb;tether;solana;usd-coin;cardano;hex;xrp;terra-luna;polkadot-new;avalanche;dogecoin;shiba-inu;binance-usd
2022-01-12,-0.028860461633949997,bitcoin;ethereum;bnb;tether;solana;usd-coin;hex;cardano;xrp;terra-luna;polkadot-new;dogecoin;avalanche;shiba-inu;binance-usd
2022-01-13,0.016170262476721334,bitcoin;ethereum;bnb;tether;solana;usd-coin;cardano;hex;xrp;terra-luna;polkadot-new;dogecoin;avalanche;shiba-inu;binance-usd
2022-01-14,0.0055732925090033365,bitcoin;ethereum;bnb;tether;solana;usd-coin;cardano;hex;xrp;terra-luna;polkadot-new;dogecoin;avalanche;shiba-inu;binance-usd
2022-01-15,0.0015774384363370485,bitcoin;ethereum;bnb;tether;cardano;solana;usd-coin;hex;xrp;terra-luna;polkadot-new;dogecoin;avalanche;shiba-inu;binance-usd
2022-01-16,-0.027087070911417214,bitcoin;ethereum;bnb;tether;cardano;usd-coin;solana;xrp;hex;terra-luna;polkadot-new;dogecoin;avalanche;shiba-inu;binance-usd
2022-01-17,-0.005778869815488535,bitcoin;ethereum;tether;bnb;cardano;usd-coin;solana;xrp;hex;terra-luna;polkadot-new;dogecoin;avalanche;shiba-inu;binance-usd
2022-01-18,-0.017709833653770057,bitcoin;ethereum;tether;bnb;usd-coin;cardano;solana;hex;xrp;terra-luna;polkadot-new;dogecoin;avalanche;shiba-inu;binance-usd
2022-01-19,-0.028260705170618,bitcoin;ethereum;tether;bnb;usd-coin;cardano;solana;hex;xrp;terra-luna;polkadot-new;dogecoin;avalanche;shiba-inu;binance-usd
2022-01-20,-0.11535788171649483,bitcoin;ethereum;tether;bnb;usd-coin;cardano;solana;hex;xrp;terra-luna;polkadot-new;dogecoin;avalanche;binance-usd
2022-01-21,-0.046458880595447005,bitcoin;ethereum;tether;bnb;usd-coin;cardano;hex;solana;xrp;terra-luna;polkadot-new;dogecoin;avalanche;binance-usd
2022-01-22,0.04159609928673377,bitcoin;ethereum;tether;bnb;usd-coin;cardano;hex;solana;xrp;terra-luna;dogecoin;polkadot-new;avalanche;binance-usd
2022-01-23,-0.011555783475187438,bitcoin;ethereum;tether;bnb;usd-coin;cardano;hex;xrp;solana;terra-luna;dogecoin;polkadot-new;avalanche
2022-01-24,0.009494412639129503,bitcoin;ethereum;tether;bnb;usd-coin;cardano;hex;solana;xrp;terra-luna;dogecoin;polkadot-new;avalanche
2022-01-25,-0.0032461364005279612,bitcoin;ethereum;tether;bnb;usd-coin;cardano;hex;xrp;solana;terra-luna;dogecoin;polkadot-new;avalanche
2022-01-26,-0.0020921600774280263,bitcoin;ethereum;tether;bnb;usd-coin;cardano;hex;xrp;solana;terra-luna;dogecoin;polkadot-new;avalanche
2022-01-27,0.019064735716240448,bitcoin;ethereum;tether;bnb;usd-coin;cardano;hex;xrp;solana;terra-luna;dogecoin;polkadot-new;avalanche
2022-01-28,0.011613387632522888,bitcoin;ethereum;tether;bnb;usd-coin;cardano;hex;solana;xrp;terra-luna;dogecoin;polkadot-new;avalanche;binance-usd
2022-01-29,-0.006981018183426898,bitcoin;ethereum;tether;bnb;usd-coin;cardano;hex;solana;xrp;terra-luna;dogecoin;polkadot-new;avalanche
2022-01-30,0.018745729024432483,bitcoin;ethereum;tether;bnb;usd-coin;cardano;solana;hex;xrp;terra-luna;polkadot-new;dogecoin;avalanche;binance-usd
2022-01-31,0.017494464956915742,bitcoin;ethereum;tether;bnb;usd-coin;cardano;solana;hex;xrp;terra-luna;polkadot-new;dogecoin;avalanche
2022-02-01,-0.04107474856640722,bitcoin;ethereum;tether;bnb;usd-coin;cardano;solana;hex;xrp;terra-luna;polkadot-new;dogecoin;avalanche;binance-usd
2022-02-02,0.0049428470606849495,bitcoin;ethereum;tether;bnb;usd-coin;cardano;hex;solana;xrp;terra-luna;polkadot-new;dogecoin;avalanche;binance-usd
2022-02-03,0.09454202585621957,bitcoin;ethereum;tether;bnb;usd-coin;cardano;solana;hex;xrp;terra-luna;polkadot-new;dogecoin;avalanche
2022-02-04,0.006065603205826932,bitcoin;ethereum;tether;bnb;usd-coin;cardano;solana;hex;xrp;terra-luna;polkadot-new;dogecoin;avalanche
2022-02-05,0.017978417662242587,bitcoin;ethereum;tether;bnb;usd-coin;cardano;solana;hex;xrp;terra-luna;polkadot-new;dogecoin;avalanche;binance-usd
2022-02-06,0.035042229312332855,bitcoin;ethereum;tether;bnb;usd-coin;cardano;xrp;hex;solana;terra-luna;polkadot-new;dogecoin;avalanche;shiba-inu
2022-02-07,-0.0020633617489965884,bitcoin;ethereum;tether;bnb;usd-coin;xrp;cardano;solana;hex;terra-luna;polkadot-new;avalanche;dogecoin;binance-usd
2022-02-08,0.013339954511845149,bitcoin;ethereum;tether;bnb;usd-coin;xrp;cardano;solana;hex;terra-luna;avalanche;polkadot-new;dogecoin;shiba-inu
2022-02-09,-0.02611090101766744,bitcoin;ethereum;tether;bnb;usd-coin;xrp;cardano;hex;solana;avalanche;terra-luna;polkadot-new;dogecoin;binance-usd
2022-02-10,-0.03602126643862808,bitcoin;ethereum;tether;bnb;usd-coin;xrp;cardano;hex;solana;terra-luna;avalanche;dogecoin;polkadot-new
2022-02-11,-5.682489244795493e-4,bitcoin;ethereum;tether;bnb;usd-coin;xrp;hex;cardano;solana;terra-luna;avalanche;dogecoin;polkadot-new
2022-02-12,-0.005524155542157348,bitcoin;ethereum;tether;bnb;usd-coin;xrp;cardano;hex;solana;terra-luna;dogecoin;avalanche;polkadot-new
2022-02-13,0.01012325301424935,bitcoin;ethereum;tether;bnb;usd-coin;xrp;cardano;hex;solana;terra-luna;avalanche;dogecoin;polkadot-new
2022-02-14,0.053096432208922635,bitcoin;ethereum;tether;bnb;usd-coin;xrp;cardano;hex;solana;avalanche;terra-luna;dogecoin;polkadot-new
2022-02-15,-0.013236219881522564,bitcoin;ethereum;tether;bnb;usd-coin;xrp;cardano;hex;solana;avalanche;terra-luna;dogecoin;polkadot-new
2022-02-16,-0.07189478558590115,bitcoin;ethereum;tether;bnb;usd-coin;xrp;cardano;hex;solana;avalanche;terra-luna;dogecoin;binance-usd
2022-02-17,-0.01657302445972101,bitcoin;ethereum;tether;bnb;usd-coin;xrp;cardano;hex;solana;avalanche;terra-luna;dogecoin;binance-usd
2022-02-18,0.0014728929853015345,bitcoin;ethereum;tether;bnb;usd-coin;xrp;cardano;hex;solana;avalanche;terra-luna;dogecoin;binance-usd
2022-02-19,-0.04231484415521996,bitcoin;ethereum;tether;bnb;usd-coin;xrp;cardano;solana;hex;terra-luna;avalanche;dogecoin;binance-usd
2022-02-20,-0.03275702251643037,bitcoin;ethereum;tether;bnb;usd-coin;xrp;cardano;hex;solana;terra-luna;binance-usd;avalanche;dogecoin
2022-02-21,0.026952880265232043,bitcoin;ethereum;tether;bnb;usd-coin;xrp;cardano;solana;hex;terra-luna;avalanche;binance-usd;dogecoin
2022-02-22,-0.018500100923271083,bitcoin;ethereum;tether;bnb;usd-coin;xrp;cardano;solana;hex;terra-luna;binance-usd;avalanche;dogecoin
2022-02-23,0.015257266885025423,bitcoin;ethereum;tether;bnb;usd-coin;xrp;cardano;solana;terra-luna;hex;avalanche;binance-usd
2022-02-24,0.03721541207438782,bitcoin;ethereum;tether;bnb;usd-coin;xrp;cardano;solana;terra-luna;hex;avalanche;binance-usd;polkadot-new
2022-02-25,4.489742410604997e-4,bitcoin;ethereum;tether;bnb;usd-coin;xrp;cardano;terra-luna;solana;hex;avalanche;binance-usd;polkadot-new
2022-02-26,-0.040401712130698673,bitcoin;ethereum;tether;bnb;usd-coin;xrp;cardano;terra-luna;solana;hex;avalanche;binance-usd;polkadot-new
2022-02-27,0.11398794612718313,bitcoin;ethereum;tether;bnb;usd-coin;xrp;terra-luna;cardano;solana;hex;avalanche;polkadot-new
2022-02-28,0.01897559353224788,bitcoin;ethereum;tether;bnb;usd-coin;xrp;terra-luna;cardano;solana;hex;avalanche;polkadot-new
2022-03-01,-0.008811778964083798,bitcoin;ethereum;tether;bnb;usd-coin;xrp;terra-luna;solana;cardano;hex;avalanche;polkadot-new
2022-03-02,-0.031092179363956283,bitcoin;ethereum;tether;bnb;usd-coin;xrp;terra-luna;solana;cardano;hex;avalanche;binance-usd;polkadot-new
2022-03-03,-0.07040903679860296,bitcoin;ethereum;tether;bnb;usd-coin;xrp;terra-luna;cardano;solana;hex;avalanche;binance-usd;polkadot-new
2022-03-04,0.012082177628710146,bitcoin;ethereum;tether;bnb;usd-coin;xrp;terra-luna;cardano;solana;avalanche;hex;binance-usd;polkadot-new
2022-03-05,-0.028928555086142674,bitcoin;ethereum;tether;bnb;usd-coin;xrp;terra-luna;cardano;solana;hex;avalanche;binance-usd;polkadot-new
2022-03-06,-0.01145744274217888,bitcoin;ethereum;tether;bnb;usd-coin;xrp;terra-luna;cardano;solana;hex;avalanche;binance-usd;polkadot-new
2022-03-07,0.01815399630930303,bitcoin;ethereum;tether;bnb;usd-coin;xrp;terra-luna;cardano;solana;avalanche;hex;binance-usd;polkadot-new
2022-03-08,0.0678126657118608,bitcoin;ethereum;tether;bnb;usd-coin;xrp;terra-luna;cardano;solana;hex;avalanche;binance-usd;polkadot-new
2022-03-09,-0.04769967933263163,bitcoin;ethereum;tether;bnb;usd-coin;terra-luna;xrp;cardano;solana;hex;avalanche;binance-usd;polkadot-new
2022-03-10,-0.01611352082854582,bitcoin;ethereum;tether;bnb;usd-coin;xrp;terra-luna;cardano;solana;hex;avalanche;binance-usd;polkadot-new
2022-03-11,0.0028086098087265,bitcoin;ethereum;tether;bnb;usd-coin;xrp;terra-luna;cardano;solana;hex;avalanche;binance-usd;polkadot-new
2022-03-12,-0.0230221909733665,bitcoin;ethereum;tether;bnb;usd-coin;xrp;terra-luna;cardano;solana;hex;avalanche;binance-usd;polkadot-new
2022-03-13,0.03428416036927381,bitcoin;ethereum;tether;bnb;usd-coin;xrp;terra-luna;cardano;solana;hex;avalanche;binance-usd;polkadot-new
2022-03-14,-0.0037952698065542457,bitcoin;ethereum;tether;bnb;usd-coin;xrp;terra-luna;cardano;solana;hex;avalanche;binance-usd;polkadot-new
2022-03-15,0.04258355120675367,bitcoin;ethereum;tether;bnb;usd-coin;xrp;terra-luna;cardano;solana;hex;avalanche;polkadot-new;binance-usd
2022-03-16,0.001989787034650225,bitcoin;ethereum;tether;bnb;usd-coin;xrp;terra-luna;cardano;solana;avalanche;hex;polkadot-new;binance-usd
2022-03-17,0.02405300356447719,bitcoin;ethereum;tether;bnb;usd-coin;xrp;terra-luna;solana;cardano;avalanche;hex;polkadot-new;binance-usd
2022-03-18,0.009419573131091138,bitcoin;ethereum;tether;bnb;usd-coin;xrp;terra-luna;cardano;solana;avalanche;hex;polkadot-new;binance-usd
2022-03-19,-0.022932397774338725,bitcoin;ethereum;tether;bnb;usd-coin;xrp;terra-luna;cardano;solana;avalanche;hex;polkadot-new;binance-usd
2022-03-20,0.0052515323769921915,bitcoin;ethereum;tether;bnb;usd-coin;xrp;terra-luna;cardano;solana;avalanche;hex;polkadot-new;binance-usd
2022-03-21,0.0235767270722629,bitcoin;ethereum;tether;bnb;usd-coin;xrp;terra-luna;cardano;solana;avalanche;hex;polkadot-new;binance-usd
2022-03-22,0.017269342311077632,bitcoin;ethereum;tether;bnb;usd-coin;xrp;cardano;terra-luna;solana;avalanche;hex;polkadot-new;binance-usd;dogecoin
2022-03-23,0.023101101341578154,bitcoin;ethereum;tether;bnb;usd-coin;xrp;cardano;terra-luna;solana;hex;avalanche;polkadot-new;dogecoin;binance-usd
2022-03-24,7.791587873596611e-4,bitcoin;ethereum;tether;bnb;usd-coin;xrp;cardano;terra-luna;solana;hex;avalanche;polkadot-new;binance-usd
2022-03-25,0.008797625605930871,bitcoin;ethereum;tether;bnb;usd-coin;xrp;cardano;solana;terra-luna;hex;avalanche;polkadot-new;dogecoin;binance-usd
2022-03-26,0.04368131502080639,bitcoin;ethereum;tether;bnb;usd-coin;xrp;cardano;solana;terra-luna;hex;avalanche;polkadot-new;dogecoin;binance-usd
2022-03-27,0.0068084703677731215,bitcoin;ethereum;tether;bnb;usd-coin;xrp;cardano;terra-luna;solana;hex;avalanche;polkadot-new;dogecoin
2022-03-28,0.011995872208027397,bitcoin;ethereum;tether;bnb;usd-coin;xrp;cardano;terra-luna;solana;hex;avalanche;polkadot-new;dogecoin;binance-usd
2022-03-29,-0.00217052569796867,bitcoin;ethereum;tether;bnb;usd-coin;xrp;cardano;solana;terra-luna;hex;avalanche;polkadot-new;dogecoin;binance-usd
2022-03-30,-0.028424023915734474,bitcoin;ethereum;tether;bnb;usd-coin;solana;xrp;cardano;terra-luna;hex;avalanche;polkadot-new;dogecoin;binance-usd
2022-03-31,0.025491522239990128,bitcoin;ethereum;tether;bnb;usd-coin;solana;xrp;cardano;terra-luna;hex;avalanche;polkadot-new;dogecoin;binance-usd
2022-04-01,-0.003970625395188014,bitcoin;ethereum;tether;bnb;usd-coin;solana;terra-luna;xrp;cardano;hex;avalanche;polkadot-new;dogecoin;binance-usd
2022-04-02,0.015707127955240294,bitcoin;ethereum;tether;bnb;usd-coin;solana;xrp;cardano;terra-luna;hex;avalanche;polkadot-new;dogecoin;binance-usd
2022-04-03,1.0841472829428004e-4,bitcoin;ethereum;tether;bnb;usd-coin;solana;terra-luna;cardano;xrp;hex;avalanche;polkadot-new;dogecoin;binance-usd
2022-04-04,-0.020697503776278214,bitcoin;ethereum;tether;bnb;usd-coin;solana;terra-luna;cardano;xrp;hex;avalanche;dogecoin;polkadot-new;binance-usd
2022-04-05,-0.06027209242457023,bitcoin;ethereum;tether;bnb;usd-coin;terra-luna;solana;xrp;cardano;hex;avalanche;polkadot-new;dogecoin
2022-04-06,0.013156723284409014,bitcoin;ethereum;tether;bnb;usd-coin;solana;xrp;cardano;terra-luna;avalanche;hex;polkadot-new;dogecoin;binance-usd
2022-04-07,-0.026347476552358886,bitcoin;ethereum;tether;bnb;usd-coin;xrp;solana;cardano;terra-luna;hex;avalanche;polkadot-new;dogecoin;binance-usd
2022-04-08,0.014403903910027544,bitcoin;ethereum;tether;bnb;usd-coin;solana;xrp;cardano;terra-luna;hex;avalanche;polkadot-new;dogecoin;binance-usd
2022-04-09,0.28695901977706284,bitcoin;ethereum;tether;ion;bnb;usd-coin;solana;xrp;cardano;terra-luna;hex;avalanche;dogecoin;polkadot-new
2022-04-10,-0.06699115427358494,bitcoin;ethereum;tether;ion;bnb;usd-coin;xrp;solana;cardano;terra-luna;hex;avalanche;dogecoin;binance-usd
2022-04-11,0.01714657443599155,bitcoin;ethereum;tether;bnb;usd-coin;xrp;solana;cardano;terra-luna;hex;avalanche;dogecoin;binance-usd;polkadot-new
2022-04-12,0.023151705296536294,bitcoin;ethereum;tether;bnb;usd-coin;xrp;solana;cardano;terra-luna;avalanche;hex;dogecoin;polkadot-new;binance-usd
2022-04-13,-0.026585778561002135,bitcoin;ethereum;tether;bnb;usd-coin;xrp;solana;cardano;terra-luna;hex;avalanche;dogecoin;polkadot-new;binance-usd
2022-04-14,0.013797011305927438,bitcoin;ethereum;tether;bnb;usd-coin;xrp;solana;cardano;terra-luna;hex;avalanche;dogecoin;polkadot-new;binance-usd
2022-04-15,5.326034311881911e-4,bitcoin;ethereum;tether;bnb;usd-coin;xrp;solana;cardano;terra-luna;hex;avalanche;dogecoin;polkadot-new;binance-usd
2022-04-16,-0.019958224271921267,bitcoin;ethereum;tether;bnb;usd-coin;xrp;solana;cardano;terra-luna;hex;avalanche;dogecoin;polkadot-new;terrausd
2022-04-17,0.023932339296579796,bitcoin;ethereum;tether;bnb;usd-coin;xrp;solana;terra-luna;cardano;hex;avalanche;dogecoin;polkadot-new;terrausd
2022-04-18,0.01635464689196468,bitcoin;ethereum;tether;bnb;usd-coin;xrp;solana;terra-luna;cardano;avalanche;hex;dogecoin;polkadot-new;terrausd
2022-04-19,-0.0052232797956932265,bitcoin;ethereum;tether;bnb;usd-coin;xrp;solana;terra-luna;cardano;hex;avalanche;polkadot-new;dogecoin;terrausd
2022-04-20,-0.022804002387357202,bitcoin;ethereum;tether;bnb;usd-coin;xrp;solana;terra-luna;cardano;hex;avalanche;dogecoin;polkadot-new;terrausd
2022-04-21,-0.011648597927992166,bitcoin;ethereum;tether;bnb;usd-coin;xrp;solana;terra-luna;cardano;hex;avalanche;dogecoin;polkadot-new;terrausd
2022-04-22,-0.007253787337026396,bitcoin;ethereum;tether;bnb;usd-coin;xrp;solana;terra-luna;cardano;hex;avalanche;polkadot-new;terrausd;dogecoin
2022-04-23,-0.0025467935475973085,bitcoin;ethereum;tether;bnb;usd-coin;xrp;solana;terra-luna;cardano;hex;avalanche;terrausd;polkadot-new;binance-usd
2022-04-24,0.02376307388584526,bitcoin;ethereum;tether;bnb;usd-coin;solana;terra-luna;xrp;cardano;hex;dogecoin;avalanche;terrausd;polkadot-new
2022-04-25,-0.05564576210292014,bitcoin;ethereum;tether;bnb;usd-coin;solana;xrp;terra-luna;cardano;hex;avalanche;terrausd;dogecoin;binance-usd
2022-04-26,0.025024530950050108,bitcoin;ethereum;tether;bnb;usd-coin;solana;xrp;terra-luna;cardano;hex;avalanche;dogecoin;terrausd;binance-usd
2022-04-27,0.012026115116108424,bitcoin;ethereum;tether;bnb;usd-coin;solana;xrp;terra-luna;cardano;hex;terrausd;dogecoin;avalanche
2022-04-28,-0.02683648594042329,bitcoin;ethereum;tether;bnb;usd-coin;solana;hex;terra-luna;xrp;cardano;terrausd;dogecoin;binance-usd
2022-04-29,-0.02697287629230201,bitcoin;ethereum;tether;bnb;usd-coin;hex;solana;xrp;terra-luna;cardano;terrausd;binance-usd
2022-04-30,0.02276247858946249,bitcoin;ethereum;tether;bnb;usd-coin;solana;xrp;terra-luna;hex;cardano;terrausd;binance-usd;dogecoin
2022-05-01,0.0047064149735044445,bitcoin;ethereum;tether;bnb;usd-coin;hex;xrp;solana;terra-luna;cardano;terrausd;binance-usd
2022-05-02,-0.018022341346908728,bitcoin;ethereum;tether;bnb;usd-coin;hex;xrp;solana;terra-luna;cardano;terrausd;binance-usd
2022-05-03,0.051113559318486344,bitcoin;ethereum;tether;bnb;usd-coin;hex;xrp;solana;cardano;terra-luna;terrausd;avalanche;dogecoin
2022-05-04,-0.0684311257767857,bitcoin;ethereum;tether;bnb;usd-coin;hex;xrp;terra-luna;solana;cardano;terrausd;binance-usd;dogecoin
2022-05-05,-0.012779044397299964,bitcoin;ethereum;tether;bnb;usd-coin;hex;xrp;solana;terra-luna;cardano;terrausd;binance-usd;dogecoin
2022-05-06,-0.01836039737161708,bitcoin;ethereum;tether;bnb;usd-coin;hex;xrp;solana;cardano;terra-luna;terrausd;binance-usd;dogecoin
2022-05-07,-0.03686325397734551,bitcoin;ethereum;tether;bnb;usd-coin;hex;xrp;solana;cardano;terra-luna;terrausd;binance-usd;dogecoin
2022-05-08,-0.10989587903964072,bitcoin;ethereum;tether;bnb;usd-coin;hex;xrp;solana;cardano;binance-usd;terrausd;dogecoin
2022-05-09,0.029647337659587287,bitcoin;ethereum;tether;bnb;usd-coin;hex;xrp;solana;cardano;binance-usd;dogecoin;terrausd
2022-05-10,-0.08742564984161007,bitcoin;ethereum;tether;usd-coin;bnb;hex;xrp;cardano;binance-usd;solana
2022-05-11,-0.014074519636395598,bitcoin;ethereum;tether;usd-coin;bnb;hex;xrp;binance-usd;cardano
2022-05-12,0.017753423656434748,bitcoin;ethereum;tether;usd-coin;bnb;hex;xrp;cardano;binance-usd
2022-05-13,0.022568857169725273,bitcoin;ethereum;tether;usd-coin;bnb;hex;xrp;cardano;binance-usd;solana
2022-05-14,0.039164720169187865,bitcoin;ethereum;tether;usd-coin;bnb;hex;xrp;cardano;solana;binance-usd
2022-05-15,-0.04802690884248601,bitcoin;ethereum;tether;usd-coin;bnb;xrp;hex;cardano;solana;binance-usd
2022-05-16,0.02160231744749426,bitcoin;ethereum;tether;usd-coin;bnb;xrp;hex;cardano;solana;binance-usd
2022-05-17,-0.058521826983518696,bitcoin;ethereum;tether;usd-coin;bnb;xrp;hex;binance-usd;cardano
2022-05-18,0.04497945791949057,bitcoin;ethereum;tether;usd-coin;bnb;xrp;hex;binance-usd;cardano
2022-05-19,-0.027986018999210206,bitcoin;ethereum;tether;usd-coin;bnb;xrp;hex;binance-usd;cardano
2022-05-20,0.0083341059503673,bitcoin;ethereum;tether;usd-coin;bnb;xrp;hex;binance-usd;cardano;solana
2022-05-21,0.02434086254122697,bitcoin;ethereum;tether;usd-coin;bnb;xrp;binance-usd;cardano;solana;hex
2022-05-22,-0.03336157844954955,bitcoin;ethereum;tether;usd-coin;bnb;xrp;binance-usd;cardano;solana
2022-05-23,0.01301023930684943,bitcoin;ethereum;tether;bnb;usd-coin;xrp;binance-usd;cardano;solana;hex
2022-05-24,-0.006905949753806532,bitcoin;ethereum;tether;usd-coin;bnb;xrp;binance-usd;cardano;solana
2022-05-25,-0.027828974278820157,bitcoin;ethereum;tether;usd-coin;bnb;xrp;binance-usd;cardano;solana
2022-05-26,-0.024338670762309778,bitcoin;ethereum;tether;usd-coin;bnb;xrp;binance-usd;cardano;solana
2022-05-27,0.01853643324196047,bitcoin;ethereum;tether;usd-coin;bnb;xrp;binance-usd;cardano;solana
2022-05-28,0.010836025617761497,bitcoin;ethereum;tether;usd-coin;bnb;xrp;binance-usd;cardano;solana
2022-05-29,0.06979273013889906,bitcoin;ethereum;tether;usd-coin;bnb;xrp;cardano;binance-usd;solana
2022-05-30,-0.0034459479893737283,bitcoin;ethereum;tether;usd-coin;bnb;cardano;xrp;binance-usd;solana
2022-05-31,-0.057082365839749474,bitcoin;ethereum;tether;usd-coin;bnb;xrp;cardano;binance-usd;solana
2022-06-01,0.016400394992078456,bitcoin;ethereum;tether;usd-coin;bnb;cardano;xrp;binance-usd;solana
2022-06-02,-0.024867771401588433,bitcoin;ethereum;tether;usd-coin;bnb;cardano;xrp;binance-usd;solana
2022-06-03,0.00656883857981445,bitcoin;ethereum;tether;usd-coin;bnb;cardano;xrp;binance-usd;solana
2022-06-04,0.0014049943112182893,bitcoin;ethereum;tether;usd-coin;bnb;cardano;xrp;binance-usd;solana
2022-06-05,0.035403212281064765,bitcoin;ethereum;tether;usd-coin;bnb;cardano;xrp;binance-usd;solana
2022-06-06,-0.010277598660817263,bitcoin;ethereum;tether;usd-coin;bnb;cardano;xrp;binance-usd;solana
2022-06-07,-0.019276872513844422,bitcoin;ethereum;tether;usd-coin;bnb;cardano;xrp;binance-usd;solana
2022-06-08,-0.0020186240444465702,bitcoin;ethereum;tether;usd-coin;bnb;cardano;xrp;binance-usd;solana
2022-06-09,-0.03832675905586344,bitcoin;ethereum;tether;usd-coin;bnb;cardano;xrp;binance-usd;solana
2022-06-10,-0.03547281633767788,bitcoin;ethereum;tether;usd-coin;bnb;cardano;binance-usd;xrp
2022-06-11,-0.0487587966462927,bitcoin;ethereum;tether;usd-coin;bnb;binance-usd;cardano;xrp
2022-06-12,-0.13871563968562275,bitcoin;ethereum;tether;usd-coin;bnb;binance-usd;cardano;xrp
2022-06-13,-0.0031011907555774064,bitcoin;ethereum;tether;usd-coin;bnb;binance-usd;cardano;xrp;solana
2022-06-14,0.019703310817906623,bitcoin;ethereum;tether;usd-coin;bnb;cardano;binance-usd;xrp;solana
2022-06-15,-0.09077686660401568,bitcoin;ethereum;tether;usd-coin;bnb;binance-usd;cardano;xrp;solana
2022-06-16,0.00838984846666747,bitcoin;ethereum;tether;usd-coin;bnb;binance-usd;cardano;xrp;solana
2022-06-17,-0.0598078515891616,bitcoin;ethereum;tether;usd-coin;bnb;binance-usd;cardano;xrp;solana
2022-06-18,0.07150354293898488,bitcoin;ethereum;tether;usd-coin;bnb;binance-usd;cardano;xrp;solana
2022-06-19,0.0022480794673947167,bitcoin;ethereum;tether;usd-coin;bnb;binance-usd;cardano;xrp;solana;dogecoin
2022-06-20,0.003947357425982456,bitcoin;ethereum;tether;usd-coin;bnb;binance-usd;cardano;xrp;solana;dogecoin
2022-06-21,-0.0341561971682379,bitcoin;ethereum;tether;usd-coin;bnb;binance-usd;xrp;cardano;solana;dogecoin
2022-06-22,0.05027147707081162,bitcoin;ethereum;tether;usd-coin;bnb;binance-usd;cardano;xrp;solana;dogecoin
2022-06-23,0.024977388532374918,bitcoin;ethereum;tether;usd-coin;bnb;xrp;binance-usd;cardano;solana;dogecoin;hex
2022-06-24,0.010739353494464705,bitcoin;ethereum;tether;usd-coin;bnb;xrp;binance-usd;cardano;solana;hex;dogecoin
2022-06-25,-0.022302562105019654,bitcoin;ethereum;tether;usd-coin;bnb;binance-usd;xrp;cardano;solana;dogecoin;hex
2022-06-26,-0.009287255736629732,bitcoin;ethereum;tether;usd-coin;bnb;binance-usd;xrp;cardano;solana;dogecoin;polkadot-new
2022-06-27,-0.024633965493524056,bitcoin;ethereum;tether;usd-coin;bnb;binance-usd;xrp;cardano;solana;dogecoin
2022-06-28,-0.014126659751794115,bitcoin;ethereum;tether;usd-coin;bnb;binance-usd;xrp;cardano;solana;dogecoin
2022-06-29,-0.014266239362341872,bitcoin;ethereum;tether;usd-coin;bnb;binance-usd;xrp;cardano;solana;dogecoin
2022-06-30,-0.01726456362132271,bitcoin;ethereum;tether;usd-coin;bnb;binance-usd;xrp;cardano;solana;dogecoin;multi-collateral-dai
2022-07-01,0.0017018943823910045,bitcoin;ethereum;tether;usd-coin;bnb;binance-usd;cardano;xrp;solana;dogecoin;multi-collateral-dai
2022-07-02,0.0033396997164342307,bitcoin;ethereum;tether;usd-coin;bnb;binance-usd;xrp;cardano;solana;dogecoin;multi-collateral-dai
2022-07-03,0.042935750994076975,bitcoin;ethereum;tether;usd-coin;bnb;binance-usd;xrp;cardano;solana;dogecoin;polkadot-new
2022-07-04,-0.005636689345334713,bitcoin;ethereum;tether;usd-coin;bnb;binance-usd;xrp;cardano;solana;dogecoin
2022-07-05,0.02076036291084921,bitcoin;ethereum;tether;usd-coin;bnb;binance-usd;xrp;cardano;solana;dogecoin
2022-07-06,0.03757308884941562,bitcoin;ethereum;tether;usd-coin;bnb;binance-usd;xrp;cardano;solana;dogecoin
2022-07-07,-0.0010470698017617309,bitcoin;ethereum;tether;usd-coin;bnb;binance-usd;xrp;cardano;solana;dogecoin
2022-07-08,-0.0027379668142227588,bitcoin;ethereum;tether;usd-coin;bnb;binance-usd;xrp;cardano;solana;dogecoin;polkadot-new
2022-07-09,-0.029884807057006805,bitcoin;ethereum;tether;usd-coin;bnb;binance-usd;xrp;cardano;solana;dogecoin
2022-07-10,-0.04002219599419776,bitcoin;ethereum;tether;usd-coin;bnb;binance-usd;xrp;cardano;solana;dogecoin
2022-07-11,-0.029518986259225263,bitcoin;ethereum;tether;usd-coin;bnb;binance-usd;xrp;cardano;solana;dogecoin
2022-07-12,0.04120364228686239,bitcoin;ethereum;tether;usd-coin;bnb;binance-usd;xrp;cardano;solana;dogecoin
2022-07-13,0.025232259384654097,bitcoin;ethereum;tether;usd-coin;bnb;binance-usd;xrp;cardano;solana;dogecoin
2022-07-14,0.013684532921740355,bitcoin;ethereum;tether;usd-coin;bnb;binance-usd;xrp;cardano;solana;dogecoin
2022-07-15,0.03259004097697824,bitcoin;ethereum;tether;usd-coin;bnb;binance-usd;xrp;cardano;solana;dogecoin
2022-07-16,-0.013783214670581072,bitcoin;ethereum;tether;usd-coin;bnb;binance-usd;xrp;cardano;solana;dogecoin
2022-07-17,0.08552926144454435,bitcoin;ethereum;tether;usd-coin;bnb;xrp;binance-usd;cardano;solana;dogecoin
2022-07-18,0.01792565271278582,bitcoin;ethereum;tether;usd-coin;bnb;xrp;binance-usd;cardano;solana;dogecoin
2022-07-19,-0.01111806820834599,bitcoin;ethereum;tether;usd-coin;bnb;binance-usd;xrp;cardano;solana;dogecoin
2022-07-20,0.009016999839638577,bitcoin;ethereum;tether;usd-coin;bnb;xrp;binance-usd;cardano;solana;dogecoin
2022-07-21,-0.018384120841098174,bitcoin;ethereum;tether;usd-coin;bnb;binance-usd;xrp;cardano;solana;dogecoin
2022-07-22,-0.003213543858534244,bitcoin;ethereum;tether;usd-coin;bnb;binance-usd;cardano;xrp;solana;dogecoin
2022-07-23,0.011025273218417368,bitcoin;ethereum;tether;usd-coin;bnb;binance-usd;xrp;cardano;solana;dogecoin
2022-07-24,-0.058780497860554476,bitcoin;ethereum;tether;usd-coin;bnb;binance-usd;xrp;cardano;solana;dogecoin
2022-07-25,-0.0031110308799065,bitcoin;ethereum;tether;usd-coin;bnb;binance-usd;xrp;cardano;solana;dogecoin
2022-07-26,0.07660344350051329,bitcoin;ethereum;tether;usd-coin;bnb;binance-usd;xrp;cardano;solana;dogecoin
2022-07-27,0.03514885694427423,bitcoin;ethereum;tether;usd-coin;bnb;xrp;binance-usd;cardano;solana
2022-07-28,0.00222367475623901,bitcoin;ethereum;tether;usd-coin;bnb;binance-usd;xrp;cardano;solana;dogecoin
2022-07-29,-0.006477861047077037,bitcoin;ethereum;tether;usd-coin;bnb;xrp;binance-usd;cardano;solana;dogecoin
2022-07-30,-0.010791958027860206,bitcoin;ethereum;tether;usd-coin;bnb;xrp;binance-usd;cardano;solana
2022-07-31,-0.007277114857582373,bitcoin;ethereum;tether;usd-coin;bnb;xrp;binance-usd;cardano;solana;dogecoin;hex
2022-08-01,-0.0099123928700294,bitcoin;ethereum;tether;usd-coin;bnb;xrp;binance-usd;cardano;solana;dogecoin;polkadot-new
2022-08-02,-0.002446316764297213,bitcoin;ethereum;tether;usd-coin;bnb;binance-usd;xrp;cardano;solana;polkadot-new;dogecoin
2022-08-03,-0.003385556386982531,bitcoin;ethereum;tether;usd-coin;bnb;xrp;binance-usd;cardano;solana;dogecoin;polkadot-new
2022-08-04,0.03492440295661566,bitcoin;ethereum;tether;usd-coin;bnb;xrp;binance-usd;cardano;solana;polkadot-new;dogecoin;hex
2022-08-05,-0.013220137002028362,bitcoin;ethereum;tether;usd-coin;bnb;xrp;binance-usd;cardano;solana;polkadot-new;dogecoin;hex
2022-08-06,0.007992496336030502,bitcoin;ethereum;tether;usd-coin;bnb;xrp;binance-usd;cardano;solana;polkadot-new;dogecoin;hex
2022-08-07,0.025898159838955277,bitcoin;ethereum;tether;usd-coin;bnb;xrp;cardano;binance-usd;solana;polkadot-new;dogecoin;hex
2022-08-08,-0.02482820928879954,bitcoin;ethereum;tether;usd-coin;bnb;xrp;binance-usd;cardano;solana;polkadot-new;hex;dogecoin
2022-08-09,0.04035351053940129,bitcoin;ethereum;tether;usd-coin;bnb;xrp;cardano;binance-usd;solana;polkadot-new;hex;dogecoin
2022-08-10,0.003016897819907945,bitcoin;ethereum;tether;usd-coin;bnb;xrp;cardano;binance-usd;solana;hex;polkadot-new
2022-08-11,0.021176490777912064,bitcoin;ethereum;tether;usd-coin;bnb;xrp;cardano;binance-usd;solana;hex;polkadot-new
2022-08-12,0.0044043620319754034,bitcoin;ethereum;tether;usd-coin;bnb;cardano;xrp;binance-usd;solana;hex;polkadot-new
2022-08-13,-0.007395630644554425,bitcoin;ethereum;tether;usd-coin;bnb;cardano;xrp;binance-usd;solana;hex;dogecoin
2022-08-14,-0.009926003942801253,bitcoin;ethereum;tether;usd-coin;bnb;cardano;xrp;binance-usd;solana;hex;dogecoin
2022-08-15,-0.008108931879145747,bitcoin;ethereum;tether;usd-coin;bnb;cardano;xrp;binance-usd;solana;dogecoin;hex
2022-08-16,-0.021354453750931337,bitcoin;ethereum;tether;usd-coin;bnb;xrp;binance-usd;cardano;solana;dogecoin;hex
2022-08-17,-0.0054945139314145994,bitcoin;ethereum;tether;usd-coin;bnb;binance-usd;xrp;cardano;solana;dogecoin;hex
2022-08-18,-0.0932091014865519,bitcoin;ethereum;tether;usd-coin;bnb;binance-usd;xrp;cardano;solana;dogecoin;polkadot-new
2022-08-19,0.0022501627818067227,bitcoin;ethereum;tether;usd-coin;bnb;binance-usd;xrp;cardano;solana;dogecoin;polkadot-new
2022-08-20,0.02080215735604071,bitcoin;ethereum;tether;usd-coin;bnb;binance-usd;xrp;cardano;solana;dogecoin;hex
2022-08-21,-0.0036698358525829727,bitcoin;ethereum;tether;usd-coin;bnb;binance-usd;xrp;cardano;solana;dogecoin;hex
2022-08-22,0.009006247986786458,bitcoin;ethereum;tether;usd-coin;bnb;binance-usd;xrp;cardano;solana;dogecoin;hex
2022-08-23,-0.004689277048973541,bitcoin;ethereum;tether;usd-coin;bnb;binance-usd;xrp;cardano;solana;dogecoin;hex
2022-08-24,0.011912430059620118,bitcoin;ethereum;tether;usd-coin;bnb;binance-usd;xrp;cardano;solana;dogecoin;hex
2022-08-25,-0.06673359058221211,bitcoin;ethereum;tether;usd-coin;bnb;binance-usd;xrp;cardano;solana;dogecoin;hex
2022-08-26,-0.007225446299919833,bitcoin;ethereum;tether;usd-coin;bnb;binance-usd;xrp;cardano;solana;dogecoin;polkadot-new
2022-08-27,-0.022345842118675498,bitcoin;ethereum;tether;usd-coin;bnb;binance-usd;xrp;cardano;solana;dogecoin;polkadot-new
2022-08-28,0.04041184178839281,bitcoin;ethereum;tether;usd-coin;bnb;binance-usd;xrp;cardano;solana;dogecoin;polkadot-new
2022-08-29,-0.018603905057531237,bitcoin;ethereum;tether;usd-coin;bnb;binance-usd;xrp;cardano;solana;dogecoin;polkadot-new
2022-08-30,0.009915541691186198,bitcoin;ethereum;tether;usd-coin;bnb;binance-usd;xrp;cardano;solana;dogecoin;polkadot-new
2022-08-31,0.007736018581048071,bitcoin;ethereum;tether;usd-coin;bnb;binance-usd;xrp;cardano;solana;dogecoin;polkadot-new
2022-09-01,-0.005542474775967943,bitcoin;ethereum;tether;usd-coin;bnb;binance-usd;xrp;cardano;solana;dogecoin;polkadot-new
2022-09-02,-0.005059746212743122,bitcoin;ethereum;tether;usd-coin;bnb;binance-usd;cardano;xrp;solana;dogecoin;polkadot-new
2022-09-03,0.008659383292819697,bitcoin;ethereum;tether;usd-coin;bnb;binance-usd;cardano;xrp;solana;dogecoin;polkadot-new
2022-09-04,0.0010852232961071592,bitcoin;ethereum;tether;usd-coin;bnb;binance-usd;cardano;xrp;solana;dogecoin;polkadot-new;hex
2022-09-05,-0.038209110875668896,bitcoin;ethereum;tether;usd-coin;bnb;binance-usd;xrp;cardano;solana;dogecoin;polkadot-new
2022-09-06,0.02780725677557099,bitcoin;ethereum;tether;usd-coin;bnb;binance-usd;xrp;cardano;solana;dogecoin;polkadot-new
2022-09-07,0.002880400910786329,bitcoin;ethereum;tether;usd-coin;bnb;binance-usd;xrp;cardano;solana;polkadot-new;dogecoin;multi-collateral-dai
2022-09-08,0.06532945141927103,bitcoin;ethereum;tether;usd-coin;bnb;binance-usd;xrp;cardano;solana;polkadot-new;dogecoin
2022-09-09,0.015874954768745893,bitcoin;ethereum;tether;usd-coin;bnb;binance-usd;xrp;cardano;solana;polkadot-new;dogecoin
2022-09-10,-9.655120541034291e-4,bitcoin;ethereum;tether;usd-coin;bnb;binance-usd;xrp;cardano;solana;polkadot-new;dogecoin
2022-09-11,0.007258166057922631,bitcoin;ethereum;tether;usd-coin;bnb;binance-usd;xrp;cardano;solana;polkadot-new;dogecoin
2022-09-12,-0.0733783114527415,bitcoin;ethereum;tether;usd-coin;bnb;binance-usd;xrp;cardano;solana;dogecoin;polkadot-new
2022-09-13,0.008697066178997865,bitcoin;ethereum;tether;usd-coin;bnb;binance-usd;xrp;cardano;solana;dogecoin;polkadot-new
2022-09-14,-0.04098502745853816,bitcoin;ethereum;tether;usd-coin;bnb;binance-usd;xrp;cardano;solana;dogecoin;polkadot-new
2022-09-15,-0.0012233156257729209,bitcoin;ethereum;tether;usd-coin;bnb;binance-usd;xrp;cardano;solana;dogecoin;polkadot-new
2022-09-16,0.018094502714001173,bitcoin;ethereum;tether;usd-coin;bnb;binance-usd;xrp;cardano;solana;dogecoin;polkadot-new
2022-09-17,-0.045637380236953684,bitcoin;ethereum;tether;usd-coin;bnb;binance-usd;xrp;cardano;solana;dogecoin;polkadot-new
2022-09-18,0.013915330109830308,bitcoin;ethereum;tether;usd-coin;bnb;binance-usd;xrp;cardano;solana;dogecoin;polkadot-new
2022-09-19,-0.02493869300806685,bitcoin;ethereum;tether;usd-coin;bnb;xrp;binance-usd;cardano;solana;dogecoin;polkadot-new
2022-09-20,-0.022243489110268366,bitcoin;ethereum;tether;usd-coin;bnb;binance-usd;xrp;cardano;solana;dogecoin;polkadot-new
2022-09-21,0.04447008424238222,bitcoin;ethereum;tether;usd-coin;bnb;xrp;binance-usd;cardano;solana;dogecoin;polkadot-new
2022-09-22,2.971978622118348e-4,bitcoin;ethereum;tether;usd-coin;bnb;xrp;binance-usd;cardano;solana;dogecoin;polkadot-new
2022-09-23,-0.012728953168989322,bitcoin;ethereum;tether;usd-coin;bnb;xrp;binance-usd;cardano;solana;dogecoin;polkadot-new
2022-09-24,-0.008288498458024634,bitcoin;ethereum;tether;usd-coin;bnb;xrp;binance-usd;cardano;solana;dogecoin;polkadot-new
2022-09-25,0.01706444904942114,bitcoin;ethereum;tether;usd-coin;bnb;xrp;binance-usd;cardano;solana;dogecoin;polkadot-new
2022-09-26,-0.006506743822733717,bitcoin;ethereum;tether;usd-coin;bnb;xrp;binance-usd;cardano;solana;dogecoin;polkadot-new
2022-09-27,0.011010120926208537,bitcoin;ethereum;tether;usd-coin;bnb;xrp;binance-usd;cardano;solana;dogecoin;polkadot-new
2022-09-28,0.006450480014203992,bitcoin;ethereum;tether;usd-coin;bnb;xrp;binance-usd;cardano;solana;dogecoin;polkadot-new
2022-09-29,-0.005309555369677029,bitcoin;ethereum;tether;usd-coin;bnb;xrp;binance-usd;cardano;solana;dogecoin
2022-09-30,-0.006817681535390444,bitcoin;ethereum;tether;usd-coin;bnb;xrp;binance-usd;cardano;solana;dogecoin;polkadot-new
2022-10-01,-0.014661726312445755,bitcoin;ethereum;tether;usd-coin;bnb;xrp;binance-usd;cardano;solana;dogecoin;polkadot-new
2022-10-02,0.024619455185610935,bitcoin;ethereum;tether;usd-coin;bnb;xrp;binance-usd;cardano;solana;dogecoin;polkadot-new
2022-10-03,0.02814965685847384,bitcoin;ethereum;tether;bnb;usd-coin;xrp;binance-usd;cardano;solana;dogecoin;polkadot-new
2022-10-04,-0.005953453460423699,bitcoin;ethereum;tether;bnb;usd-coin;xrp;binance-usd;cardano;solana;dogecoin;polkadot-new
2022-10-05,-0.0071430173467884606,bitcoin;ethereum;tether;usd-coin;bnb;xrp;binance-usd;cardano;solana;dogecoin;polkadot-new
2022-10-06,-0.01240529677833097,bitcoin;ethereum;tether;usd-coin;bnb;xrp;binance-usd;cardano;solana;dogecoin;polkadot-new
2022-10-07,-0.007753547306660469,bitcoin;ethereum;tether;usd-coin;bnb;xrp;binance-usd;cardano;solana;dogecoin;polkadot-new
2022-10-08,0.0038466004283323513,bitcoin;ethereum;tether;usd-coin;bnb;xrp;binance-usd;cardano;solana;dogecoin;polkadot-new
2022-10-09,-0.01820990547617495,bitcoin;ethereum;tether;usd-coin;bnb;xrp;binance-usd;cardano;solana;dogecoin;polkadot-new
2022-10-10,-0.0060194507464160175,bitcoin;ethereum;tether;usd-coin;bnb;xrp;binance-usd;cardano;solana;dogecoin;polkadot-new
2022-10-11,0.004942429864196124,bitcoin;ethereum;tether;usd-coin;bnb;xrp;binance-usd;cardano;solana;dogecoin;polkadot-new
2022-10-12,0.3515013528594114,bitcoin;ethereum;tether;oho;usd-coin;bnb;xrp;binance-usd;cardano;solana
2022-10-13,-0.003793547435674417,bitcoin;ethereum;tether;oho;usd-coin;bnb;xrp;binance-usd;cardano;solana
2022-10-14,-0.0036820769345727107,bitcoin;ethereum;oho;tether;usd-coin;bnb;xrp;binance-usd;cardano;solana
2022-10-15,0.01046282014240065,bitcoin;ethereum;oho;tether;usd-coin;bnb;xrp;binance-usd;cardano;solana
2022-10-16,0.01157366537887043,bitcoin;ethereum;oho;tether;usd-coin;bnb;xrp;binance-usd;cardano;solana
2022-10-17,-0.01114572850218173,bitcoin;ethereum;tether;usd-coin;bnb;xrp;binance-usd;cardano;solana;dogecoin;polkadot-new
2022-10-18,-0.01142819237228501,bitcoin;ethereum;tether;usd-coin;bnb;xrp;binance-usd;cardano;solana;dogecoin
2022-10-19,-0.004070758237434759,bitcoin;ethereum;tether;usd-coin;bnb;xrp;binance-usd;cardano;solana;dogecoin
2022-10-20,0.007181144969441101,bitcoin;ethereum;tether;usd-coin;bnb;xrp;binance-usd;cardano;solana;dogecoin
2022-10-21,0.003724950470116737,bitcoin;ethereum;tether;usd-coin;bnb;xrp;binance-usd;cardano;solana;dogecoin
2022-10-22,0.01945800121942068,bitcoin;ethereum;tether;bnb;usd-coin;xrp;binance-usd;cardano;solana;dogecoin
2022-10-23,-0.010622934615407791,bitcoin;ethereum;tether;usd-coin;bnb;xrp;binance-usd;cardano;solana;dogecoin
2022-10-24,0.04336257779398693,bitcoin;ethereum;tether;bnb;usd-coin;xrp;binance-usd;cardano;solana;dogecoin
2022-10-25,0.03546791790027752,bitcoin;ethereum;tether;bnb;usd-coin;xrp;binance-usd;cardano;solana;dogecoin
2022-10-26,-0.02036788945615025,bitcoin;ethereum;tether;bnb;usd-coin;xrp;binance-usd;cardano;solana;dogecoin
2022-10-27,0.01877198729974577,bitcoin;ethereum;tether;bnb;usd-coin;xrp;binance-usd;cardano;solana;dogecoin
2022-10-28,0.02358126945093163,bitcoin;ethereum;tether;bnb;usd-coin;xrp;binance-usd;dogecoin;cardano;solana
2022-10-29,-0.0082976107969645,bitcoin;ethereum;tether;bnb;usd-coin;xrp;binance-usd;dogecoin;cardano;solana
2022-10-30,-0.001547819963057151,bitcoin;ethereum;tether;bnb;usd-coin;xrp;binance-usd;dogecoin;cardano;solana
2022-10-31,0.0025948310371088712,bitcoin;ethereum;tether;bnb;usd-coin;xrp;binance-usd;dogecoin;cardano;solana
2022-11-01,-0.020934608659542848,bitcoin;ethereum;tether;bnb;usd-coin;xrp;binance-usd;bitcone;dogecoin;cardano;solana
2022-11-02,0.004314581498030818,bitcoin;ethereum;tether;bnb;usd-coin;xrp;binance-usd;bitcone;dogecoin;cardano;solana
2022-11-03,0.047605987486857036,bitcoin;ethereum;tether;bnb;usd-coin;xrp;binance-usd;bitcone;dogecoin;cardano;solana
2022-11-04,2.1914148134292234e-4,bitcoin;ethereum;tether;bnb;usd-coin;xrp;binance-usd;bitcone;dogecoin;cardano;solana
2022-11-05,-0.022534577359468958,bitcoin;ethereum;tether;bnb;usd-coin;xrp;binance-usd;bitcone;dogecoin;cardano;solana
2022-11-06,-0.010318506476328568,bitcoin;ethereum;tether;bnb;usd-coin;xrp;binance-usd;dogecoin;cardano;solana
2022-11-07,-0.09722341710105036,bitcoin;ethereum;tether;bnb;usd-coin;binance-usd;xrp;cardano;dogecoin;solana
2022-11-08,-0.13524008491851294,bitcoin;ethereum;tether;usd-coin;bnb;binance-usd;xrp;cardano;dogecoin
2022-11-09,0.10318848877914999,bitcoin;ethereum;tether;bnb;usd-coin;binance-usd;xrp;cardano;dogecoin;polkadot-new
2022-11-10,-0.02233429644775135,bitcoin;ethereum;tether;bnb;usd-coin;binance-usd;xrp;cardano;dogecoin
2022-11-11,-0.015220539169612178,bitcoin;ethereum;tether;bnb;usd-coin;binance-usd;xrp;dogecoin;cardano
2022-11-12,-0.022361972837576072,bitcoin;ethereum;tether;bnb;usd-coin;binance-usd;xrp;cardano;dogecoin
2022-11-13,0.01449115856376014,bitcoin;ethereum;tether;bnb;usd-coin;binance-usd;xrp;cardano;dogecoin
2022-11-14,0.010107011159065279,bitcoin;ethereum;tether;usd-coin;bnb;binance-usd;xrp;cardano;dogecoin
2022-11-15,-0.014784758797720714,bitcoin;ethereum;tether;usd-coin;bnb;binance-usd;xrp;cardano;dogecoin
2022-11-16,-0.0031453575662869254,bitcoin;ethereum;tether;usd-coin;bnb;binance-usd;xrp;dogecoin;cardano
2022-11-17,0.0038562433041049015,bitcoin;ethereum;tether;usd-coin;bnb;binance-usd;xrp;dogecoin;cardano
2022-11-18,0.0013103904772564917,bitcoin;ethereum;tether;usd-coin;bnb;binance-usd;xrp;cardano;dogecoin
2022-11-19,-0.031208253931753065,bitcoin;ethereum;tether;usd-coin;bnb;binance-usd;xrp;cardano;dogecoin
2022-11-20,-0.024064564181913415,bitcoin;ethereum;tether;usd-coin;bnb;binance-usd;xrp;cardano;dogecoin
2022-11-21,0.016872275603515726,bitcoin;ethereum;tether;usd-coin;bnb;binance-usd;xrp;cardano;dogecoin
2022-11-22,0.03495096171323954,bitcoin;ethereum;tether;bnb;usd-coin;binance-usd;xrp;cardano;dogecoin
2022-11-23,0.005554106948040388,bitcoin;ethereum;tether;bnb;usd-coin;binance-usd;xrp;cardano;dogecoin
2022-11-24,-0.0011721037632182057,bitcoin;ethereum;tether;bnb;usd-coin;binance-usd;xrp;dogecoin;cardano
2022-11-25,0.0011954673409051732,bitcoin;ethereum;tether;bnb;usd-coin;binance-usd;xrp;dogecoin;cardano
2022-11-26,-0.0014424516838248617,bitcoin;ethereum;tether;bnb;usd-coin;binance-usd;xrp;dogecoin;cardano
2022-11-27,-0.015553373692889411,bitcoin;ethereum;tether;bnb;usd-coin;binance-usd;xrp;dogecoin;cardano
2022-11-28,0.017432474148530202,bitcoin;ethereum;tether;bnb;usd-coin;binance-usd;xrp;dogecoin;cardano
2022-11-29,0.03723635977575012,bitcoin;ethereum;tether;bnb;usd-coin;binance-usd;xrp;dogecoin;cardano
2022-11-30,-0.012811880945699216,bitcoin;ethereum;tether;bnb;usd-coin;binance-usd;xrp;dogecoin;cardano
2022-12-01,0.007119015619781003,bitcoin;ethereum;tether;bnb;usd-coin;binance-usd;xrp;dogecoin;cardano
2022-12-02,-0.015387101472575604,bitcoin;ethereum;tether;bnb;usd-coin;binance-usd;xrp;dogecoin;cardano
2022-12-03,0.014120729061405836,bitcoin;ethereum;tether;bnb;usd-coin;binance-usd;xrp;dogecoin;cardano
2022-12-04,-0.009437798360803069,bitcoin;ethereum;tether;bnb;usd-coin;binance-usd;xrp;dogecoin;cardano
2022-12-05,0.005562480785551955,bitcoin;ethereum;tether;bnb;usd-coin;binance-usd;xrp;dogecoin;cardano
2022-12-06,-0.01669301469982295,bitcoin;ethereum;tether;bnb;usd-coin;binance-usd;xrp;dogecoin;cardano
2022-12-07,0.022098359452308692,bitcoin;ethereum;tether;bnb;usd-coin;binance-usd;xrp;dogecoin;cardano
2022-12-08,-0.007545411388060579,bitcoin;ethereum;tether;bnb;usd-coin;binance-usd;xrp;dogecoin;cardano
2022-12-09,5.483612231650413e-4,bitcoin;ethereum;tether;bnb;usd-coin;binance-usd;xrp;dogecoin;cardano
2022-12-10,-0.00321742613537237,bitcoin;ethereum;tether;bnb;usd-coin;binance-usd;xrp;dogecoin;cardano
2022-12-11,0.0027557764496663295,bitcoin;ethereum;tether;bnb;usd-coin;binance-usd;xrp;dogecoin;cardano
2022-12-12,0.02359192491281897,bitcoin;ethereum;tether;usd-coin;bnb;xrp;binance-usd;dogecoin;cardano
2022-12-13,-0.013266982795455549,bitcoin;ethereum;tether;usd-coin;bnb;xrp;binance-usd;dogecoin;cardano
2022-12-14,-0.013321396087806319,bitcoin;ethereum;tether;usd-coin;bnb;xrp;binance-usd;dogecoin;cardano
2022-12-15,-0.04900526214160675,bitcoin;ethereum;tether;usd-coin;bnb;binance-usd;xrp;dogecoin;cardano
2022-12-16,0.011629653557331789,bitcoin;ethereum;tether;usd-coin;bnb;binance-usd;xrp;dogecoin;cardano
2022-12-17,-8.93355962325366e-5,bitcoin;ethereum;tether;usd-coin;bnb;binance-usd;xrp;dogecoin;cardano
2022-12-18,-0.017222584124034483,bitcoin;ethereum;tether;usd-coin;bnb;binance-usd;xrp;dogecoin
2022-12-19,0.027109404551970435,bitcoin;ethereum;tether;usd-coin;bnb;binance-usd;xrp;dogecoin
2022-12-20,-0.005162869589494376,bitcoin;ethereum;tether;usd-coin;bnb;binance-usd;xrp;dogecoin
2022-12-21,0.002130792539662829,bitcoin;ethereum;tether;usd-coin;bnb;binance-usd;xrp;dogecoin
2022-12-22,-1.6952047539442127e-4,bitcoin;ethereum;tether;usd-coin;bnb;xrp;binance-usd;dogecoin
2022-12-23,0.0012348812279316679,bitcoin;ethereum;tether;usd-coin;bnb;xrp;binance-usd;dogecoin
2022-12-24,-0.0016922237857707782,bitcoin;ethereum;tether;usd-coin;bnb;xrp;binance-usd;dogecoin
2022-12-25,0.005416032866075041,bitcoin;ethereum;tether;usd-coin;bnb;xrp;binance-usd;dogecoin
2022-12-26,-0.008073491379745761,bitcoin;ethereum;tether;usd-coin;bnb;xrp;binance-usd;dogecoin
2022-12-27,-0.011127840491663717,bitcoin;ethereum;tether;usd-coin;bnb;xrp;binance-usd;dogecoin
2022-12-28,0.004474546291147447,bitcoin;ethereum;tether;usd-coin;bnb;xrp;binance-usd;dogecoin
2022-12-29,-0.0021451425951220468,bitcoin;ethereum;tether;usd-coin;bnb;xrp;binance-usd;dogecoin
2022-12-30,-0.0019282171565483763,bitcoin;ethereum;tether;usd-coin;bnb;xrp;binance-usd;dogecoin
2022-12-31,0.002413613548612073,bitcoin;ethereum;tether;usd-coin;bnb;xrp;binance-usd;dogecoin
2023-01-01,0.005723145377439728,bitcoin;ethereum;tether;usd-coin;bnb;xrp;binance-usd;dogecoin
2023-01-02,-6.273191021620197e-4,bitcoin;ethereum;tether;usd-coin;bnb;xrp;binance-usd;dogecoin
2023-01-03,0.01698426120244555,bitcoin;ethereum;tether;usd-coin;bnb;xrp;binance-usd;dogecoin
2023-01-04,-0.003572333394923255,bitcoin;ethereum;tether;usd-coin;bnb;xrp;binance-usd;dogecoin
2023-01-05,0.008561293378439869,bitcoin;ethereum;tether;usd-coin;bnb;xrp;binance-usd;cardano
2023-01-06,-5.614969243025852e-4,bitcoin;ethereum;tether;usd-coin;bnb;xrp;binance-usd;dogecoin
2023-01-07,0.01229572472085631,bitcoin;ethereum;tether;usd-coin;bnb;xrp;binance-usd;cardano;dogecoin
2023-01-08,0.010353948030077036,bitcoin;ethereum;tether;bnb;usd-coin;xrp;binance-usd;cardano;dogecoin
2023-01-09,0.011268160776716652,bitcoin;ethereum;tether;bnb;usd-coin;xrp;binance-usd;cardano;dogecoin
2023-01-10,0.02560660948046483,bitcoin;ethereum;tether;bnb;usd-coin;xrp;binance-usd;cardano;dogecoin
2023-01-11,0.030687153044451104,bitcoin;ethereum;tether;bnb;usd-coin;xrp;binance-usd;cardano;dogecoin
2023-01-12,0.03526370397494206,bitcoin;ethereum;tether;bnb;usd-coin;xrp;binance-usd;cardano;dogecoin
2023-01-13,0.04503698790438583,bitcoin;ethereum;tether;bnb;usd-coin;xrp;binance-usd;cardano;dogecoin
2023-01-14,-0.003558849962759467,bitcoin;ethereum;tether;bnb;usd-coin;xrp;binance-usd;cardano;dogecoin
2023-01-15,0.009602085862671682,bitcoin;ethereum;tether;bnb;usd-coin;xrp;binance-usd;cardano;dogecoin
2023-01-16,-0.0015944547256332119,bitcoin;ethereum;tether;bnb;usd-coin;xrp;binance-usd;cardano;dogecoin
2023-01-17,-0.023507219495576277,bitcoin;ethereum;tether;bnb;usd-coin;xrp;binance-usd;cardano;dogecoin
2023-01-18,0.018455738702833565,bitcoin;ethereum;tether;bnb;usd-coin;xrp;binance-usd;cardano;dogecoin
2023-01-19,0.057652845975613994,bitcoin;ethereum;tether;bnb;usd-coin;xrp;binance-usd;cardano;dogecoin
2023-01-20,-0.004047199423759487,bitcoin;ethereum;tether;bnb;usd-coin;xrp;binance-usd;cardano;dogecoin
2023-01-21,3.3980401254955333e-4,bitcoin;ethereum;tether;bnb;usd-coin;xrp;binance-usd;cardano;dogecoin
2023-01-22,0.006677158526329639,bitcoin;ethereum;tether;bnb;usd-coin;xrp;binance-usd;cardano;dogecoin
2023-01-23,-0.02019556146529459,bitcoin;ethereum;tether;bnb;usd-coin;xrp;binance-usd;cardano;dogecoin
2023-01-24,0.021650550640325016,bitcoin;ethereum;tether;bnb;usd-coin;xrp;binance-usd;cardano;dogecoin
2023-01-25,-0.0037931568224631746,bitcoin;ethereum;tether;bnb;usd-coin;xrp;binance-usd;cardano;dogecoin
2023-01-26,0.0015836986069051506,bitcoin;ethereum;tether;bnb;usd-coin;xrp;binance-usd;cardano;dogecoin;solana
2023-01-27,-0.005616149818634746,bitcoin;ethereum;tether;bnb;usd-coin;xrp;binance-usd;cardano;dogecoin;solana
2023-01-28,0.030811378505991967,bitcoin;ethereum;tether;bnb;usd-coin;xrp;binance-usd;cardano;dogecoin;solana
2023-01-29,-0.03599856805554991,bitcoin;ethereum;tether;bnb;usd-coin;xrp;binance-usd;cardano;dogecoin
2023-01-30,0.013169783407116638,bitcoin;ethereum;tether;bnb;usd-coin;xrp;binance-usd;cardano;dogecoin
2023-01-31,0.02226115244036309,bitcoin;ethereum;tether;bnb;usd-coin;xrp;binance-usd;cardano;dogecoin;solana
2023-02-01,-0.005193450271114966,bitcoin;ethereum;tether;bnb;usd-coin;xrp;binance-usd;cardano;dogecoin;solana
2023-02-02,0.004979796300912368,bitcoin;ethereum;tether;bnb;usd-coin;xrp;binance-usd;cardano;dogecoin;solana
2023-02-03,-0.0011697655355314485,bitcoin;ethereum;tether;bnb;usd-coin;xrp;binance-usd;cardano;dogecoin;solana;shiba-inu
2023-02-04,-0.015567604979084085,bitcoin;ethereum;tether;bnb;usd-coin;xrp;binance-usd;cardano;dogecoin;solana;shiba-inu
2023-02-05,-0.008621415408669496,bitcoin;ethereum;tether;bnb;usd-coin;xrp;binance-usd;cardano;dogecoin;solana;shiba-inu
2023-02-06,0.023106514113210092,bitcoin;ethereum;tether;bnb;usd-coin;xrp;binance-usd;cardano;dogecoin;solana;polkadot-new
2023-02-07,-0.009985431880681756,bitcoin;ethereum;tether;bnb;usd-coin;xrp;binance-usd;cardano;dogecoin;hex;solana
2023-02-08,-0.05031261974266953,bitcoin;ethereum;tether;bnb;usd-coin;xrp;binance-usd;cardano;dogecoin;solana;hex
2023-02-09,-0.008125024300991029,bitcoin;ethereum;tether;bnb;usd-coin;xrp;binance-usd;cardano;dogecoin;hex;polkadot-new
2023-02-10,0.011378868520154921,bitcoin;ethereum;tether;bnb;usd-coin;xrp;binance-usd;cardano;dogecoin;hex;solana
2023-02-11,-0.006051026481714503,bitcoin;ethereum;tether;bnb;usd-coin;xrp;binance-usd;cardano;dogecoin;hex;solana
2023-02-12,-0.004749147203478484,bitcoin;ethereum;tether;bnb;usd-coin;xrp;binance-usd;cardano;dogecoin;hex;solana
2023-02-13,0.019965697263583618,bitcoin;ethereum;tether;bnb;usd-coin;xrp;binance-usd;cardano;dogecoin;hex;solana
2023-02-14,0.0709858886365822,bitcoin;ethereum;tether;bnb;usd-coin;xrp;cardano;binance-usd;dogecoin;hex;solana
2023-02-15,-0.025039426232563843,bitcoin;ethereum;tether;bnb;usd-coin;xrp;binance-usd;cardano;dogecoin;hex;solana
2023-02-16,0.031539453584736477,bitcoin;ethereum;tether;bnb;usd-coin;xrp;cardano;binance-usd;dogecoin;hex;solana
2023-02-17,0.0019869281442813523,bitcoin;ethereum;tether;bnb;usd-coin;xrp;cardano;binance-usd;dogecoin;hex;solana
2023-02-18,-0.007757158512017022,bitcoin;ethereum;tether;bnb;usd-coin;xrp;cardano;binance-usd;dogecoin;hex;solana
2023-02-19,0.016730314254360803,bitcoin;ethereum;tether;bnb;usd-coin;xrp;cardano;binance-usd;dogecoin;hex;solana
2023-02-20,-0.01777231333706214,bitcoin;ethereum;tether;bnb;usd-coin;xrp;cardano;binance-usd;dogecoin;hex;solana
2023-02-21,-0.006665367713011357,bitcoin;ethereum;tether;bnb;usd-coin;xrp;cardano;binance-usd;dogecoin;hex;solana
2023-02-22,-0.005840326419246983,bitcoin;ethereum;tether;bnb;usd-coin;xrp;cardano;binance-usd;dogecoin;hex;solana;polkadot-new
2023-02-23,-0.025926663695437193,bitcoin;ethereum;tether;bnb;usd-coin;xrp;cardano;binance-usd;dogecoin;hex;solana
2023-02-24,-0.0028465313304045984,bitcoin;ethereum;tether;bnb;usd-coin;xrp;cardano;binance-usd;dogecoin;hex;solana
2023-02-25,0.016755292724006846,bitcoin;ethereum;tether;bnb;usd-coin;xrp;cardano;binance-usd;dogecoin;hex;solana
2023-02-26,-0.0021309262921668606,bitcoin;ethereum;tether;bnb;usd-coin;xrp;cardano;hex;dogecoin;binance-usd;solana
2023-02-27,-0.012808118517462136,bitcoin;ethereum;tether;bnb;usd-coin;xrp;cardano;hex;dogecoin;binance-usd;solana
2023-02-28,0.02212680110695148,bitcoin;ethereum;tether;bnb;usd-coin;xrp;hex;cardano;dogecoin;binance-usd;solana
2023-03-01,-0.007915194824195991,bitcoin;ethereum;tether;bnb;usd-coin;xrp;hex;cardano;dogecoin;binance-usd;solana
2023-03-02,-0.03933011243480703,bitcoin;ethereum;tether;bnb;usd-coin;xrp;hex;cardano;dogecoin;binance-usd;solana
2023-03-03,-0.0024971330404908853,bitcoin;ethereum;tether;bnb;usd-coin;xrp;cardano;hex;dogecoin;binance-usd;solana
2023-03-04,0.001687426399517867,bitcoin;ethereum;tether;bnb;usd-coin;xrp;hex;cardano;dogecoin;binance-usd;solana
2023-03-05,2.1926687238362738e-4,bitcoin;ethereum;tether;bnb;usd-coin;xrp;hex;cardano;dogecoin;binance-usd;solana
2023-03-06,-0.005934799681044114,bitcoin;ethereum;tether;bnb;usd-coin;xrp;cardano;hex;dogecoin;binance-usd;solana
2023-03-07,-0.01784433096602331,bitcoin;ethereum;tether;bnb;usd-coin;xrp;cardano;hex;dogecoin;binance-usd
2023-03-08,-0.05146155230796968,bitcoin;ethereum;tether;bnb;usd-coin;xrp;cardano;hex;dogecoin;binance-usd
2023-03-09,-0.00539292958311295,bitcoin;ethereum;tether;bnb;usd-coin;xrp;cardano;hex;dogecoin;binance-usd
2023-03-10,0.020428031172312514,bitcoin;ethereum;tether;bnb;usd-coin;xrp;hex;cardano;dogecoin;binance-usd
2023-03-11,0.06037831799813464,bitcoin;ethereum;tether;bnb;usd-coin;xrp;hex;cardano;dogecoin;binance-usd
2023-03-12,0.06360095628347846,bitcoin;ethereum;tether;bnb;usd-coin;xrp;hex;cardano;dogecoin;binance-usd
2023-03-13,0.015494701206115237,bitcoin;ethereum;tether;bnb;usd-coin;xrp;hex;cardano;dogecoin;binance-usd
2023-03-14,-0.017888608853828578,bitcoin;ethereum;tether;bnb;usd-coin;xrp;hex;cardano;steth;dogecoin
2023-03-15,0.02244494367284383,bitcoin;ethereum;tether;bnb;usd-coin;xrp;hex;cardano;steth;dogecoin
2023-03-16,0.06992619876949296,bitcoin;ethereum;tether;bnb;usd-coin;xrp;hex;cardano;steth
2023-03-17,-0.016075958218081127,bitcoin;ethereum;tether;bnb;usd-coin;xrp;hex;cardano;steth
2023-03-18,0.027016027441335917,bitcoin;ethereum;tether;bnb;usd-coin;xrp;hex;cardano;steth
2023-03-19,-0.01403276575206617,bitcoin;ethereum;tether;bnb;usd-coin;xrp;hex;cardano
2023-03-20,0.026834498145124765,bitcoin;ethereum;tether;bnb;usd-coin;xrp;hex;cardano;steth
2023-03-21,-0.02678730626631164,bitcoin;ethereum;tether;bnb;usd-coin;xrp;hex;cardano
2023-03-22,0.031259638918653854,bitcoin;ethereum;tether;bnb;usd-coin;xrp;hex;cardano;steth
2023-03-23,-0.029730317604054046,bitcoin;ethereum;tether;bnb;usd-coin;xrp;hex;cardano
2023-03-24,-0.001626474480067476,bitcoin;ethereum;tether;bnb;usd-coin;xrp;hex;cardano
2023-03-25,0.017173153625124612,bitcoin;ethereum;tether;bnb;usd-coin;xrp;hex;cardano
2023-03-26,-0.028804072497008053,bitcoin;ethereum;tether;bnb;usd-coin;xrp;hex;cardano
2023-03-27,0.01269779397151999,bitcoin;ethereum;tether;bnb;usd-coin;xrp;hex;cardano
2023-03-28,0.02813068207575278,bitcoin;ethereum;tether;bnb;usd-coin;xrp;hex;cardano
2023-03-29,-0.005657897429593255,bitcoin;ethereum;tether;bnb;usd-coin;xrp;hex;cardano
2023-03-30,0.01311774057719969,bitcoin;ethereum;tether;bnb;usd-coin;xrp;hex;cardano
2023-03-31,-0.004817566045062655,bitcoin;ethereum;tether;bnb;usd-coin;xrp;hex;cardano;dogecoin
2023-04-01,-0.006104921591155231,bitcoin;ethereum;tether;bnb;usd-coin;xrp;hex;cardano
2023-04-02,-0.0059402821648290435,bitcoin;ethereum;tether;bnb;usd-coin;xrp;hex;cardano;dogecoin
2023-04-03,0.015539203537992229,bitcoin;ethereum;tether;bnb;usd-coin;xrp;cardano;hex;dogecoin
2023-04-04,0.005869636440260348,bitcoin;ethereum;tether;bnb;usd-coin;xrp;hex;cardano;dogecoin
2023-04-05,-0.010609874534158239,bitcoin;ethereum;tether;bnb;usd-coin;xrp;cardano;hex;dogecoin
2023-04-06,-0.003091246895008665,bitcoin;ethereum;tether;bnb;usd-coin;xrp;cardano;hex;dogecoin
2023-04-07,-0.0022309837686548227,bitcoin;ethereum;tether;bnb;usd-coin;xrp;cardano;hex
2023-04-08,0.010147803335074562,bitcoin;ethereum;tether;bnb;usd-coin;xrp;cardano;hex
2023-04-09,0.03428883321215539,bitcoin;ethereum;tether;bnb;usd-coin;xrp;cardano;hex
2023-04-10,0.00874090474226354,bitcoin;ethereum;tether;bnb;usd-coin;xrp;cardano;hex
2023-04-11,7.902832724039321e-4,bitcoin;ethereum;tether;bnb;usd-coin;xrp;cardano;hex
2023-04-12,0.01782088096819357,bitcoin;ethereum;tether;bnb;usd-coin;xrp;cardano;hex
2023-04-13,0.013289835778851395,bitcoin;ethereum;tether;bnb;usd-coin;xrp;cardano;hex
2023-04-14,-0.0023542456785651034,bitcoin;ethereum;tether;bnb;usd-coin;xrp;cardano;hex
2023-04-15,0.004985030488720576,bitcoin;ethereum;tether;bnb;usd-coin;xrp;cardano;hex
2023-04-16,-0.023145318647494452,bitcoin;ethereum;tether;bnb;usd-coin;xrp;cardano;dogecoin
2023-04-17,0.02300027551606444,bitcoin;ethereum;tether;bnb;usd-coin;xrp;cardano;dogecoin
2023-04-18,-0.055631572864650154,bitcoin;ethereum;tether;bnb;usd-coin;xrp;cardano;dogecoin
2023-04-19,-0.012420927227553896,bitcoin;ethereum;tether;bnb;usd-coin;xrp;cardano;steth
2023-04-20,-0.03247757283190112,bitcoin;ethereum;tether;bnb;usd-coin;xrp;cardano;steth
2023-04-21,0.017373772051771333,bitcoin;ethereum;tether;bnb;usd-coin;xrp;cardano;steth
2023-04-22,-0.00695020202745548,bitcoin;ethereum;tether;bnb;usd-coin;xrp;cardano;steth
2023-04-23,-0.00413090740239688,bitcoin;ethereum;tether;bnb;usd-coin;xrp;cardano;steth
2023-04-24,0.020629365077900714,bitcoin;ethereum;tether;bnb;usd-coin;xrp;cardano;steth
2023-04-25,9.033506649868178e-4,bitcoin;ethereum;tether;bnb;usd-coin;xrp;cardano
2023-04-26,0.02636346324486677,bitcoin;ethereum;tether;bnb;usd-coin;xrp;cardano
2023-04-27,-0.004975348071037208,bitcoin;ethereum;tether;bnb;usd-coin;xrp;cardano
2023-04-28,-3.3441385099539957e-4,bitcoin;ethereum;tether;bnb;usd-coin;xrp;cardano
2023-04-29,-0.0014703063880646017,bitcoin;ethereum;tether;bnb;usd-coin;xrp;cardano
2023-04-30,-0.030771491266522382,bitcoin;ethereum;tether;bnb;usd-coin;xrp;cardano;steth
2023-05-01,0.015679537875338326,bitcoin;ethereum;tether;bnb;usd-coin;xrp;cardano;steth
2023-05-02,0.011260046945333934,bitcoin;ethereum;tether;bnb;usd-coin;xrp;cardano;steth
2023-05-03,-0.007078606971529027,bitcoin;ethereum;tether;bnb;usd-coin;xrp;cardano;steth
2023-05-04,0.029028441214305225,bitcoin;ethereum;tether;bnb;usd-coin;xrp;cardano;steth
2023-05-05,-0.02499088879073863,bitcoin;ethereum;tether;bnb;usd-coin;xrp;cardano
2023-05-06,-0.012983737331984756,bitcoin;ethereum;tether;bnb;usd-coin;xrp;cardano
2023-05-07,-0.02104608353051468,bitcoin;ethereum;tether;bnb;usd-coin;xrp;cardano
2023-05-08,-0.0010454449243465255,bitcoin;ethereum;tether;bnb;usd-coin;xrp;cardano
2023-05-09,-9.111325357547577e-4,bitcoin;ethereum;tether;bnb;usd-coin;xrp;cardano
2023-05-10,-0.020567151761745193,bitcoin;ethereum;tether;bnb;usd-coin;xrp;cardano
2023-05-11,-0.0015328533821043207,bitcoin;ethereum;tether;bnb;usd-coin;xrp;cardano
2023-05-12,-0.002077040705239503,bitcoin;ethereum;tether;bnb;usd-coin;xrp;cardano
2023-05-13,0.004052564212561059,bitcoin;ethereum;tether;bnb;usd-coin;xrp;cardano
2023-05-14,0.007783373334665737,bitcoin;ethereum;tether;bnb;usd-coin;xrp;cardano
2023-05-15,-0.0019454674563446485,bitcoin;ethereum;tether;bnb;usd-coin;xrp;cardano
2023-05-16,0.008290504193077197,bitcoin;ethereum;tether;bnb;usd-coin;xrp;cardano
2023-05-17,-0.01444234215650813,bitcoin;ethereum;tether;bnb;usd-coin;xrp;cardano
2023-05-18,0.002816543956627927,bitcoin;ethereum;tether;bnb;usd-coin;xrp;cardano
2023-05-19,0.006252667673508126,bitcoin;ethereum;tether;bnb;usd-coin;xrp;cardano
2023-05-20,-0.011388265933912959,bitcoin;ethereum;tether;bnb;usd-coin;xrp;cardano
2023-05-21,0.004671321254128254,bitcoin;ethereum;tether;bnb;usd-coin;xrp;cardano
2023-05-22,0.01341712134099862,bitcoin;ethereum;tether;bnb;usd-coin;xrp;cardano
2023-05-23,-0.0275205428271354,bitcoin;ethereum;tether;bnb;usd-coin;xrp;cardano
2023-05-24,0.0033134309995968723,bitcoin;ethereum;tether;bnb;usd-coin;xrp;cardano
2023-05-25,0.009429182954084573,bitcoin;ethereum;tether;bnb;usd-coin;xrp;cardano
2023-05-26,0.00385111603941839,bitcoin;ethereum;tether;bnb;usd-coin;xrp;cardano
2023-05-27,0.037055258824592825,bitcoin;ethereum;tether;bnb;usd-coin;xrp;cardano
2023-05-28,-0.008913726465472796,bitcoin;ethereum;tether;bnb;usd-coin;xrp;cardano
2023-05-29,0.0015821607643886828,bitcoin;ethereum;tether;bnb;usd-coin;xrp;cardano
2023-05-30,-0.014235638240734805,bitcoin;ethereum;tether;bnb;usd-coin;xrp;cardano
2023-05-31,-0.010645566561232373,bitcoin;ethereum;tether;bnb;usd-coin;xrp;steth
2023-06-01,0.016281484548591213,bitcoin;ethereum;tether;bnb;usd-coin;xrp;steth
2023-06-02,-0.005976981790735177,bitcoin;ethereum;tether;bnb;usd-coin;xrp;steth
2023-06-03,0.0012550976351781284,bitcoin;ethereum;tether;bnb;usd-coin;xrp;steth
2023-06-04,-0.04490578283206058,bitcoin;ethereum;tether;bnb;usd-coin;xrp;steth
2023-06-05,0.04273174364835935,bitcoin;ethereum;tether;bnb;usd-coin;xrp;steth
2023-06-06,-0.02973648019337201,bitcoin;ethereum;tether;bnb;usd-coin;xrp
2023-06-07,0.0060577610180297895,bitcoin;ethereum;tether;bnb;usd-coin;xrp
2023-06-08,-8.984059657754133e-4,bitcoin;ethereum;tether;bnb;usd-coin;xrp
2023-06-09,-0.030477813378936045,bitcoin;ethereum;tether;bnb;usd-coin;xrp
2023-06-10,0.002207842529017392,bitcoin;ethereum;tether;bnb;usd-coin;xrp
2023-06-11,-0.0028083537511630324,bitcoin;ethereum;tether;bnb;usd-coin;xrp
2023-06-12,0.0018423060364408561,bitcoin;ethereum;tether;bnb;usd-coin;xrp
2023-06-13,-0.03315386351969713,bitcoin;ethereum;tether;bnb;usd-coin;xrp
2023-06-14,0.011947888791184622,bitcoin;ethereum;tether;bnb;usd-coin;xrp
2023-06-15,0.02385776233392195,bitcoin;ethereum;tether;bnb;usd-coin;xrp
2023-06-16,0.006627926504213677,bitcoin;ethereum;tether;bnb;usd-coin;xrp
2023-06-17,-0.004296560776306789,bitcoin;ethereum;tether;bnb;usd-coin;xrp
2023-06-18,0.013568313220995139,bitcoin;ethereum;tether;bnb;usd-coin;xrp
2023-06-19,0.03915029124620418,bitcoin;ethereum;tether;bnb;usd-coin;xrp
2023-06-20,0.04743009575847976,bitcoin;ethereum;tether;bnb;usd-coin;xrp
2023-06-21,-0.006096086988921711,bitcoin;ethereum;tether;bnb;usd-coin;xrp
2023-06-22,0.018532423030755408,bitcoin;ethereum;tether;bnb;usd-coin;xrp
2023-06-23,-0.006598364495299873,bitcoin;ethereum;tether;bnb;usd-coin;xrp
2023-06-24,0.002148076629884091,bitcoin;ethereum;tether;bnb;usd-coin;xrp
2023-06-25,-0.01010157443976834,bitcoin;ethereum;tether;bnb;usd-coin;xrp
2023-06-26,0.01230731244166161,bitcoin;ethereum;tether;bnb;usd-coin;xrp
2023-06-27,-0.021411694591736075,bitcoin;ethereum;tether;bnb;usd-coin;xrp
2023-06-28,0.010987977541282428,bitcoin;ethereum;tether;bnb;usd-coin;xrp
2023-06-29,0.011717485698014403,bitcoin;ethereum;tether;bnb;usd-coin;xrp
2023-06-30,0.0023047868115922735,bitcoin;ethereum;tether;bnb;usd-coin;xrp
2023-07-01,0.0024870298938705427,bitcoin;ethereum;tether;bnb;usd-coin;xrp
2023-07-02,0.012741528162645966,bitcoin;ethereum;tether;bnb;usd-coin;xrp
2023-07-03,-0.010166325322697031,bitcoin;ethereum;tether;bnb;usd-coin;xrp
2023-07-04,-0.009286831039247396,bitcoin;ethereum;tether;bnb;usd-coin;xrp
2023-07-05,-0.021276466267804283,bitcoin;ethereum;tether;bnb;usd-coin;xrp
2023-07-06,0.012048988254103896,bitcoin;ethereum;tether;bnb;usd-coin;xrp
2023-07-07,-0.0013696287172309846,bitcoin;ethereum;tether;bnb;usd-coin;xrp
2023-07-08,-0.003137388358557039,bitcoin;ethereum;tether;bnb;usd-coin;xrp
2023-07-09,0.009271417337397522,bitcoin;ethereum;tether;bnb;usd-coin;xrp
2023-07-10,0.004095015967904747,bitcoin;ethereum;tether;bnb;usd-coin;xrp
2023-07-11,-0.006204525093098281,bitcoin;ethereum;tether;bnb;usd-coin;xrp
2023-07-12,0.0608694950016752,bitcoin;ethereum;tether;xrp;bnb;usd-coin
2023-07-13,-0.035352284214631435,bitcoin;ethereum;tether;bnb;xrp;usd-coin
2023-07-14,-0.0016059336396655611,bitcoin;ethereum;tether;bnb;xrp;usd-coin;steth
2023-07-15,-0.0012956562519667856,bitcoin;ethereum;tether;xrp;bnb;usd-coin
2023-07-16,-0.0036068996398586463,bitcoin;ethereum;tether;xrp;bnb;usd-coin
2023-07-17,-0.005752155261401978,bitcoin;ethereum;tether;xrp;bnb;usd-coin
2023-07-18,0.0024514894064166003,bitcoin;ethereum;tether;xrp;bnb;usd-coin
2023-07-19,-0.0032893185454169627,bitcoin;ethereum;tether;xrp;bnb;usd-coin
2023-07-20,0.0014570576198845622,bitcoin;ethereum;tether;xrp;bnb;usd-coin;steth
2023-07-21,-0.008563248227825702,bitcoin;ethereum;tether;xrp;bnb;usd-coin;steth
2023-07-22,0.009570543775509276,bitcoin;ethereum;tether;xrp;bnb;usd-coin
2023-07-23,-0.025058954938424527,bitcoin;ethereum;tether;xrp;bnb;usd-coin
2023-07-24,0.0021360276456801742,bitcoin;ethereum;tether;xrp;bnb;usd-coin
2023-07-25,0.004885070505235745,bitcoin;ethereum;tether;xrp;bnb;usd-coin;steth
2023-07-26,-0.004273372393070124,bitcoin;ethereum;tether;xrp;bnb;usd-coin;steth
2023-07-27,0.004218811774400999,bitcoin;ethereum;tether;xrp;bnb;usd-coin;steth
2023-07-28,0.00161734764798337,bitcoin;ethereum;tether;xrp;bnb;usd-coin
2023-07-29,-0.004426156907664043,bitcoin;ethereum;tether;bnb;xrp;usd-coin
2023-07-30,-0.0021496723153841286,bitcoin;ethereum;tether;bnb;xrp;usd-coin
2023-07-31,0.012194752328890907,bitcoin;ethereum;tether;bnb;xrp;usd-coin
2023-08-01,-0.01670048800584842,bitcoin;ethereum;tether;bnb;xrp;usd-coin
2023-08-02,-9.704508550726211e-4,bitcoin;ethereum;tether;bnb;xrp;usd-coin
2023-08-03,-0.004566934476511503,bitcoin;ethereum;tether;bnb;xrp;usd-coin
2023-08-04,1.4437541261002083e-4,bitcoin;ethereum;tether;bnb;xrp;usd-coin
2023-08-05,-0.0013112763212903208,bitcoin;ethereum;tether;bnb;xrp;usd-coin
2023-08-06,0.0025519706481579255,bitcoin;ethereum;tether;bnb;xrp;usd-coin
2023-08-07,0.016962631241843405,bitcoin;ethereum;tether;bnb;xrp;usd-coin
2023-08-08,-0.004391698075938758,bitcoin;ethereum;tether;bnb;xrp;usd-coin
2023-08-09,-0.004068315069196702,bitcoin;ethereum;tether;bnb;xrp;usd-coin
2023-08-10,-0.0014060517797560269,bitcoin;ethereum;tether;bnb;xrp;usd-coin
2023-08-11,4.709168030481683e-4,bitcoin;ethereum;tether;bnb;xrp;usd-coin
2023-08-12,-0.003964610343505312,bitcoin;ethereum;tether;bnb;xrp;usd-coin
2023-08-13,0.003611863021266668,bitcoin;ethereum;tether;bnb;xrp;usd-coin
2023-08-14,-0.00884189726512824,bitcoin;ethereum;tether;bnb;xrp;usd-coin
2023-08-15,-0.014118736111426533,bitcoin;ethereum;tether;bnb;xrp;usd-coin
2023-08-16,-0.06514939258398039,bitcoin;ethereum;tether;bnb;xrp;usd-coin
2023-08-17,-0.01733139712764787,bitcoin;ethereum;tether;bnb;xrp;usd-coin
2023-08-18,0.0031662918660083196,bitcoin;ethereum;tether;bnb;xrp;usd-coin;steth
2023-08-19,0.005396381752981288,bitcoin;ethereum;tether;bnb;xrp;usd-coin;steth
2023-08-20,-0.00578954251361818,bitcoin;ethereum;tether;bnb;xrp;usd-coin
2023-08-21,-0.006835976788844069,bitcoin;ethereum;tether;bnb;xrp;usd-coin
2023-08-22,0.01682323523958823,bitcoin;ethereum;tether;bnb;xrp;usd-coin;steth
2023-08-23,-0.008906186028270396,bitcoin;ethereum;tether;bnb;xrp;usd-coin
2023-08-24,-0.003070533530663446,bitcoin;ethereum;tether;bnb;xrp;usd-coin
2023-08-25,-0.002292809812081609,bitcoin;ethereum;tether;bnb;xrp;usd-coin
2023-08-26,0.0037919271605066085,bitcoin;ethereum;tether;bnb;xrp;usd-coin;steth
2023-08-27,-3.199361363127282e-4,bitcoin;ethereum;tether;bnb;xrp;usd-coin
2023-08-28,0.04810588252742758,bitcoin;ethereum;tether;bnb;xrp;usd-coin
2023-08-29,-0.0135779444246782,bitcoin;ethereum;tether;bnb;xrp;usd-coin
2023-08-30,-0.03994392122451276,bitcoin;ethereum;tether;bnb;xrp;usd-coin;steth
2023-08-31,-0.006599598539952113,bitcoin;ethereum;tether;bnb;xrp;usd-coin
2023-09-01,0.0029574355428638056,bitcoin;ethereum;tether;bnb;xrp;usd-coin
2023-09-02,0.002434473334787955,bitcoin;ethereum;tether;bnb;xrp;usd-coin;steth
2023-09-03,-0.004100107888208765,bitcoin;ethereum;tether;bnb;xrp;usd-coin;steth
2023-09-04,-4.922456002748864e-4,bitcoin;ethereum;tether;bnb;xrp;usd-coin
2023-09-05,-8.126298091707469e-4,bitcoin;ethereum;tether;bnb;xrp;usd-coin;steth
2023-09-06,0.013447327366646633,bitcoin;ethereum;tether;bnb;xrp;usd-coin
2023-09-07,-0.009436620960003375,bitcoin;ethereum;tether;bnb;xrp;usd-coin
2023-09-08,-4.8196347402266185e-4,bitcoin;ethereum;tether;bnb;xrp;usd-coin
2023-09-09,-0.004679302459112764,bitcoin;ethereum;tether;bnb;xrp;usd-coin
2023-09-10,-0.02694683148820954,bitcoin;ethereum;tether;bnb;usd-coin;xrp
2023-09-11,0.022451336893673565,bitcoin;ethereum;tether;bnb;usd-coin;xrp
2023-09-12,0.011544183175589718,bitcoin;ethereum;tether;bnb;usd-coin;xrp
2023-09-13,0.00982123131866346,bitcoin;ethereum;tether;bnb;usd-coin;xrp
2023-09-14,0.004562279494383705,bitcoin;ethereum;tether;bnb;xrp;usd-coin
2023-09-15,-0.001695186017348449,bitcoin;ethereum;tether;bnb;xrp;usd-coin
2023-09-16,-0.0025785372744222467,bitcoin;ethereum;tether;bnb;xrp;usd-coin
2023-09-17,0.007350960609517838,bitcoin;ethereum;tether;bnb;xrp;usd-coin
2023-09-18,0.011697678863441757,bitcoin;ethereum;tether;bnb;xrp;usd-coin
2023-09-19,-0.004541739197734606,bitcoin;ethereum;tether;bnb;xrp;usd-coin
2023-09-20,-0.01914000912831793,bitcoin;ethereum;tether;bnb;xrp;usd-coin
2023-09-21,0.0018870280677921905,bitcoin;ethereum;tether;bnb;xrp;usd-coin
2023-09-22,-2.944872522522413e-4,bitcoin;ethereum;tether;bnb;xrp;usd-coin
2023-09-23,-0.009711277851162749,bitcoin;ethereum;tether;bnb;xrp;usd-coin
2023-09-24,0.0024361569205000005,bitcoin;ethereum;tether;bnb;xrp;usd-coin
2023-09-25,-9.467976833653679e-4,bitcoin;ethereum;tether;bnb;xrp;usd-coin
2023-09-26,0.003375302503637389,bitcoin;ethereum;tether;bnb;xrp;usd-coin
2023-09-27,0.023519777037618077,bitcoin;ethereum;tether;bnb;xrp;usd-coin
2023-09-28,4.179677985087975e-4,bitcoin;ethereum;tether;bnb;xrp;usd-coin
2023-09-29,0.0012208451756824657,bitcoin;ethereum;tether;bnb;xrp;usd-coin
2023-09-30,0.031163756620899336,bitcoin;ethereum;tether;bnb;xrp;usd-coin
2023-10-01,-0.01997320303808947,bitcoin;ethereum;tether;bnb;xrp;usd-coin
2023-10-02,-0.001792253928349787,bitcoin;ethereum;tether;bnb;xrp;usd-coin
2023-10-03,0.006521175848081591,bitcoin;ethereum;tether;bnb;xrp;usd-coin
2023-10-04,-0.014168084558658737,bitcoin;ethereum;tether;bnb;xrp;usd-coin
2023-10-05,0.01670827532900099,bitcoin;ethereum;tether;bnb;xrp;usd-coin
2023-10-06,-0.001452709562017364,bitcoin;ethereum;tether;bnb;xrp;usd-coin
2023-10-07,-0.001230353083466138,bitcoin;ethereum;tether;bnb;xrp;usd-coin
2023-10-08,-0.016582522975663462,bitcoin;ethereum;tether;bnb;xrp;usd-coin
2023-10-09,-0.00568416481826995,bitcoin;ethereum;tether;bnb;xrp;usd-coin
2023-10-10,-0.012483293270665167,bitcoin;ethereum;tether;bnb;xrp;usd-coin
2023-10-11,-0.006816777878220039,bitcoin;ethereum;tether;bnb;xrp;usd-coin
2023-10-12,0.004402281411416371,bitcoin;ethereum;tether;bnb;xrp;usd-coin
2023-10-13,5.947536316769969e-4,bitcoin;ethereum;tether;bnb;xrp;usd-coin
2023-10-14,0.007639318854145474,bitcoin;ethereum;tether;bnb;xrp;usd-coin
2023-10-15,0.036753102506091,bitcoin;ethereum;tether;bnb;xrp;usd-coin
2023-10-16,-0.007716998868217737,bitcoin;ethereum;tether;bnb;xrp;usd-coin
2023-10-17,-0.002503520331812905,bitcoin;ethereum;tether;bnb;xrp;usd-coin
2023-10-18,0.010901576476033124,bitcoin;ethereum;tether;bnb;xrp;usd-coin
2023-10-19,0.025065772767724665,bitcoin;ethereum;tether;bnb;xrp;usd-coin
2023-10-20,0.008598830412833271,bitcoin;ethereum;tether;bnb;xrp;usd-coin
2023-10-21,0.006488875983428588,bitcoin;ethereum;tether;bnb;xrp;usd-coin
2023-10-22,0.07659687854053761,bitcoin;ethereum;tether;bnb;xrp;usd-coin
2023-10-23,0.01764726890803092,bitcoin;ethereum;tether;bnb;xrp;usd-coin
2023-10-24,0.010947315265774521,bitcoin;ethereum;tether;bnb;xrp;usd-coin
2023-10-25,-0.0044128258167561215,bitcoin;ethereum;tether;bnb;xrp;usd-coin
2023-10-26,-0.00751031004269852,bitcoin;ethereum;tether;bnb;xrp;usd-coin
2023-10-27,0.003105715390107657,bitcoin;ethereum;tether;bnb;xrp;usd-coin
2023-10-28,0.011206560833800384,bitcoin;ethereum;tether;bnb;xrp;usd-coin
2023-10-29,0.0023208924202348918,bitcoin;ethereum;tether;bnb;xrp;usd-coin
2023-10-30,0.004538555431419741,bitcoin;ethereum;tether;bnb;xrp;usd-coin
2023-10-31,0.018034647817245297,bitcoin;ethereum;tether;bnb;xrp;usd-coin
2023-11-01,-0.013780925400022155,bitcoin;ethereum;tether;bnb;xrp;usd-coin
2023-11-02,1.10396456458489e-4,bitcoin;ethereum;tether;bnb;xrp;usd-coin
2023-11-03,0.010221820484088711,bitcoin;ethereum;tether;bnb;xrp;usd-coin
2023-11-04,0.006694536139141021,bitcoin;ethereum;tether;bnb;xrp;usd-coin
2023-11-05,0.004851420762422067,bitcoin;ethereum;tether;bnb;xrp;usd-coin;solana
2023-11-06,0.003789161330436916,bitcoin;ethereum;tether;bnb;xrp;usd-coin;solana
2023-11-07,0.004007942812307759,bitcoin;ethereum;tether;bnb;xrp;usd-coin;solana
2023-11-08,0.04300208005324087,bitcoin;ethereum;tether;bnb;xrp;usd-coin;solana
2023-11-09,0.010109660336931697,bitcoin;ethereum;tether;bnb;xrp;usd-coin;solana
2023-11-10,-0.005552201113341982,bitcoin;ethereum;tether;bnb;xrp;usd-coin;solana
2023-11-11,-0.0026502577663671907,bitcoin;ethereum;tether;bnb;xrp;usd-coin;solana
2023-11-12,-0.00994402728871851,bitcoin;ethereum;tether;bnb;xrp;usd-coin;solana
2023-11-13,-0.02412698367383187,bitcoin;ethereum;tether;bnb;xrp;solana;usd-coin
2023-11-14,0.05339262447208022,bitcoin;ethereum;tether;bnb;xrp;solana;usd-coin
2023-11-15,-0.04469339928939526,bitcoin;ethereum;tether;bnb;xrp;solana;usd-coin
2023-11-16,0.008125608795469435,bitcoin;ethereum;tether;bnb;xrp;solana;usd-coin
2023-11-17,-3.2762244314089456e-5,bitcoin;ethereum;tether;bnb;xrp;solana;usd-coin
2023-11-18,0.020532713316693076,bitcoin;ethereum;tether;bnb;xrp;solana;usd-coin
2023-11-19,0.0010181006558416849,bitcoin;ethereum;tether;bnb;xrp;usd-coin;solana
2023-11-20,-0.04345720032505313,bitcoin;ethereum;tether;bnb;xrp;usd-coin;solana
2023-11-21,0.0454217299192645,bitcoin;ethereum;tether;bnb;xrp;usd-coin;solana
2023-11-22,-0.002866854855980807,bitcoin;ethereum;tether;bnb;xrp;usd-coin;solana
2023-11-23,0.009078209161187307,bitcoin;ethereum;tether;bnb;xrp;usd-coin;solana
2023-11-24,0.002571479109054355,bitcoin;ethereum;tether;bnb;xrp;solana;usd-coin
2023-11-25,-0.008387643511552457,bitcoin;ethereum;tether;bnb;xrp;usd-coin;solana
2023-11-26,-0.00945260694400539,bitcoin;ethereum;tether;bnb;xrp;usd-coin;solana
2023-11-27,0.013551121897486541,bitcoin;ethereum;tether;bnb;xrp;solana;usd-coin
2023-11-28,-0.0015220517266210628,bitcoin;ethereum;tether;bnb;xrp;solana;usd-coin
2023-11-29,-1.9214419806032825e-4,bitcoin;ethereum;tether;bnb;xrp;solana;usd-coin
2023-11-30,0.019964940463724035,bitcoin;ethereum;tether;bnb;xrp;solana;usd-coin
2023-12-01,0.022157942626654402,bitcoin;ethereum;tether;bnb;xrp;solana;usd-coin
2023-12-02,0.010276147960078664,bitcoin;ethereum;tether;bnb;xrp;solana;usd-coin
2023-12-03,0.03561740855788651,bitcoin;ethereum;tether;bnb;xrp;solana;usd-coin
2023-12-04,0.03539179584074942,bitcoin;ethereum;tether;bnb;xrp;solana;usd-coin
2023-12-05,-0.009614242693789351,bitcoin;ethereum;tether;bnb;xrp;solana;usd-coin
2023-12-06,0.007530241733841683,bitcoin;ethereum;tether;bnb;xrp;solana;usd-coin
2023-12-07,0.016670500294211146,bitcoin;ethereum;tether;xrp;bnb;solana;usd-coin;steth
2023-12-08,-0.009361408147180056,bitcoin;ethereum;tether;bnb;xrp;solana;usd-coin;steth
2023-12-09,0.0028707802684103554,bitcoin;ethereum;tether;bnb;xrp;solana;usd-coin;steth
2023-12-10,-0.05127979117062178,bitcoin;ethereum;tether;bnb;xrp;solana;usd-coin;steth
2023-12-11,0.0020862665092870798,bitcoin;ethereum;tether;bnb;xrp;solana;usd-coin;cardano
2023-12-12,0.02984665060375555,bitcoin;ethereum;tether;bnb;xrp;solana;usd-coin;cardano
2023-12-13,0.008204565035395744,bitcoin;ethereum;tether;bnb;xrp;solana;usd-coin;cardano
2023-12-14,-0.02834377662837268,bitcoin;ethereum;tether;bnb;xrp;solana;usd-coin;cardano
2023-12-15,0.005824767309581823,bitcoin;ethereum;tether;bnb;xrp;solana;usd-coin;cardano
2023-12-16,-0.018144971170451055,bitcoin;ethereum;tether;bnb;xrp;solana;usd-coin;cardano
2023-12-17,0.022504044345031227,bitcoin;ethereum;tether;bnb;xrp;solana;usd-coin;cardano
2023-12-18,-0.008743028747859203,bitcoin;ethereum;tether;bnb;xrp;solana;usd-coin;cardano
2023-12-19,0.027001425346523337,bitcoin;ethereum;tether;bnb;solana;xrp;usd-coin;cardano
2023-12-20,0.013009138099827788,bitcoin;ethereum;tether;bnb;solana;xrp;usd-coin;cardano
2023-12-21,0.010554906546023791,bitcoin;ethereum;tether;solana;bnb;xrp;usd-coin;cardano
2023-12-22,-0.002644437941960409,bitcoin;ethereum;tether;solana;bnb;xrp;usd-coin;cardano;steth
2023-12-23,-0.013890056822123307,bitcoin;ethereum;tether;solana;bnb;xrp;usd-coin;cardano;steth
2023-12-24,0.013941870907588156,bitcoin;ethereum;tether;solana;bnb;xrp;usd-coin;cardano;steth
2023-12-25,-0.01941828726958391,bitcoin;ethereum;tether;solana;bnb;xrp;usd-coin;cardano;steth
2023-12-26,0.028945906348199685,bitcoin;ethereum;tether;bnb;solana;xrp;usd-coin;cardano;steth
2023-12-27,-0.01578620842651103,bitcoin;ethereum;tether;bnb;solana;xrp;usd-coin;cardano;steth
2023-12-28,-0.01221323175476814,bitcoin;ethereum;tether;bnb;solana;xrp;usd-coin;cardano;steth
2023-12-29,-0.0012415945430471287,bitcoin;ethereum;tether;bnb;solana;xrp;usd-coin;cardano;steth
2023-12-30,-6.012942579530253e-4,bitcoin;ethereum;tether;bnb;solana;xrp;usd-coin;steth;cardano
2023-12-31,0.03696757903921757,bitcoin;ethereum;tether;bnb;solana;xrp;usd-coin;cardano;steth
2024-01-01,0.009495993990786832,bitcoin;ethereum;tether;bnb;solana;xrp;usd-coin;steth;cardano
2024-01-02,-0.04694376744464959,bitcoin;ethereum;tether;bnb;solana;xrp;usd-coin;steth;cardano
2024-01-03,0.027246638307576912,bitcoin;ethereum;tether;bnb;solana;xrp;usd-coin;steth;cardano
2024-01-04,-0.0029741541192024597,bitcoin;ethereum;tether;bnb;solana;xrp;usd-coin;steth
2024-01-05,-0.008115923499058543,bitcoin;ethereum;tether;bnb;solana;xrp;usd-coin;steth
2024-01-06,-0.004948008502779478,bitcoin;ethereum;tether;bnb;solana;xrp;usd-coin;steth
2024-01-07,0.05568565630418303,bitcoin;ethereum;tether;bnb;solana;xrp;usd-coin;steth
2024-01-08,-0.010657752680191368,bitcoin;ethereum;tether;bnb;solana;xrp;usd-coin
2024-01-09,0.03061853510270578,bitcoin;ethereum;tether;bnb;solana;xrp;usd-coin;steth
2024-01-10,0.22156609124619378,bitcoin;ethereum;tether;bnb;solana;xrp;ion;usd-coin;steth
2024-01-11,-0.060684528257884604,bitcoin;ethereum;tether;bnb;solana;xrp;usd-coin;steth
2024-01-12,0.006593381669663028,bitcoin;ethereum;tether;bnb;solana;xrp;usd-coin;steth;cardano
2024-01-13,-0.025314901857172337,bitcoin;ethereum;tether;bnb;solana;xrp;usd-coin;steth;cardano
2024-01-14,0.015772672622089073,bitcoin;ethereum;tether;bnb;solana;xrp;usd-coin;steth;cardano
2024-01-15,0.0166917059638246,bitcoin;ethereum;tether;bnb;solana;xrp;usd-coin;steth
2024-01-16,-0.010724517471538596,bitcoin;ethereum;tether;bnb;solana;xrp;usd-coin;steth
2024-01-17,-0.02916110246805875,bitcoin;ethereum;tether;bnb;solana;xrp;usd-coin;steth
2024-01-18,0.006794079539544907,bitcoin;ethereum;tether;bnb;solana;xrp;usd-coin;steth
2024-01-19,-8.086636711027807e-4,bitcoin;ethereum;tether;bnb;solana;xrp;usd-coin;steth
2024-01-20,-0.003846117353784204,bitcoin;ethereum;tether;bnb;solana;xrp;usd-coin;steth
2024-01-21,-0.04823771532462844,bitcoin;ethereum;tether;bnb;solana;xrp;usd-coin;steth
2024-01-22,-0.002681557790941288,bitcoin;ethereum;tether;bnb;solana;xrp;usd-coin;steth
2024-01-23,0.003730582900692873,bitcoin;ethereum;tether;bnb;solana;xrp;usd-coin;steth
2024-01-24,-0.004624576987856305,bitcoin;ethereum;tether;bnb;solana;xrp;usd-coin;steth
2024-01-25,0.03658369315989971,bitcoin;ethereum;tether;bnb;solana;xrp;usd-coin;steth
2024-01-26,0.0053147955365514055,bitcoin;ethereum;tether;bnb;solana;xrp;usd-coin;steth
2024-01-27,-0.0020316524351340843,bitcoin;ethereum;tether;bnb;solana;xrp;usd-coin;steth
2024-01-28,0.02628317978455747,bitcoin;ethereum;tether;bnb;solana;xrp;usd-coin;steth
2024-01-29,-0.00318680804103765,bitcoin;ethereum;tether;bnb;solana;xrp;usd-coin;steth
2024-01-30,-0.0135871126466422,bitcoin;ethereum;tether;bnb;solana;xrp;usd-coin;steth
2024-01-31,0.00937599276109522,bitcoin;ethereum;tether;bnb;solana;xrp;usd-coin;steth
2024-02-01,0.0030419829103077458,bitcoin;ethereum;tether;bnb;solana;xrp;usd-coin;steth
2024-02-02,-0.004439818275402577,bitcoin;ethereum;tether;bnb;solana;xrp;usd-coin;steth
2024-02-03,-0.007257534653047854,bitcoin;ethereum;tether;bnb;solana;xrp;usd-coin;steth
2024-02-04,0.00158091033632115,bitcoin;ethereum;tether;bnb;solana;xrp;usd-coin;steth
2024-02-05,0.013601047937514297,bitcoin;ethereum;tether;bnb;solana;xrp;usd-coin;steth
2024-02-06,0.024135451546114975,bitcoin;ethereum;tether;bnb;solana;xrp;usd-coin;steth
2024-02-07,0.014946312616425914,bitcoin;ethereum;tether;bnb;solana;xrp;usd-coin;steth
2024-02-08,0.03278927207669152,bitcoin;ethereum;tether;bnb;solana;xrp;usd-coin;steth
2024-02-09,0.00981158643830509,bitcoin;ethereum;tether;bnb;solana;xrp;usd-coin;steth
2024-02-10,0.00670727810878898,bitcoin;ethereum;tether;bnb;solana;xrp;usd-coin;steth
2024-02-11,0.036000092543788775,bitcoin;ethereum;tether;bnb;solana;xrp;usd-coin;steth
2024-02-12,-0.004391823529992422,bitcoin;ethereum;tether;solana;bnb;xrp;usd-coin;steth
2024-02-13,0.039194089779728616,bitcoin;ethereum;tether;solana;bnb;xrp;usd-coin;steth
2024-02-14,0.006914257021955206,bitcoin;ethereum;tether;bnb;solana;xrp;usd-coin;steth
2024-02-15,7.891358415152375e-4,bitcoin;ethereum;tether;bnb;solana;xrp;usd-coin;steth
2024-02-16,-0.008935329211120046,bitcoin;ethereum;tether;bnb;solana;xrp;usd-coin;steth
2024-02-17,0.013646335405490304,bitcoin;ethereum;tether;bnb;solana;xrp;steth;usd-coin
2024-02-18,0.0012754801785506448,bitcoin;ethereum;tether;bnb;solana;xrp;steth;usd-coin
2024-02-19,0.010928959214067757,bitcoin;ethereum;tether;bnb;solana;xrp;steth;usd-coin
2024-02-20,-0.007741554480991782,bitcoin;ethereum;tether;bnb;solana;xrp;steth;usd-coin
2024-02-21,-0.007101690592548972,bitcoin;ethereum;tether;bnb;solana;xrp;steth;usd-coin
2024-02-22,-0.012045563014009912,bitcoin;ethereum;tether;bnb;solana;xrp;steth;usd-coin
2024-02-23,0.01765587960001951,bitcoin;ethereum;tether;bnb;solana;xrp;steth;usd-coin
2024-02-24,0.0117352800301907,bitcoin;ethereum;tether;bnb;solana;steth;xrp;usd-coin
2024-02-25,0.04026877729720261,bitcoin;ethereum;tether;bnb;solana;steth;xrp;usd-coin
2024-02-26,0.03338773592838968,bitcoin;ethereum;tether;bnb;solana;xrp;steth;usd-coin
2024-02-27,0.07175349447098144,bitcoin;ethereum;tether;bnb;solana;steth;xrp
2024-02-28,-0.015557510290532551,bitcoin;ethereum;tether;bnb;solana;steth;xrp
2024-02-29,0.02094762165239964,bitcoin;ethereum;tether;bnb;solana;steth;xrp;usd-coin
2024-03-01,-0.003148085339111709,bitcoin;ethereum;tether;bnb;solana;xrp;steth;usd-coin;cardano
2024-03-02,0.015884723314852394,bitcoin;ethereum;tether;bnb;solana;xrp;steth;usd-coin
2024-03-03,0.06065072109789717,bitcoin;ethereum;tether;bnb;solana;steth;xrp;usd-coin
2024-03-04,-0.052916215818295594,bitcoin;ethereum;tether;bnb;solana;steth;xrp;usd-coin
2024-03-05,0.04341552412722345,bitcoin;ethereum;tether;bnb;solana;steth;xrp;usd-coin
2024-03-06,0.017816274094546086,bitcoin;ethereum;tether;bnb;solana;steth;xrp;usd-coin
2024-03-07,0.014349287554921564,bitcoin;ethereum;tether;bnb;solana;steth;xrp;usd-coin;cardano
2024-03-08,0.0034405274152539867,bitcoin;ethereum;tether;bnb;solana;steth;xrp;usd-coin;cardano
2024-03-09,0.004621062681614525,bitcoin;ethereum;tether;bnb;solana;steth;xrp;usd-coin;cardano
2024-03-10,0.042178290686171384,bitcoin;ethereum;tether;bnb;solana;steth;xrp;usd-coin;cardano
2024-03-11,-0.010143918491591358,bitcoin;ethereum;tether;bnb;solana;steth;xrp;usd-coin;cardano
2024-03-12,0.024557757260932508,bitcoin;ethereum;tether;bnb;solana;steth;xrp;usd-coin;cardano
2024-03-13,-0.021259978999479092,bitcoin;ethereum;tether;bnb;solana;steth;xrp;usd-coin;cardano
2024-03-14,-0.02372967347757236,bitcoin;ethereum;tether;bnb;solana;steth;xrp;usd-coin
2024-03-15,-0.055340707058802036,bitcoin;ethereum;tether;bnb;solana;steth;xrp;usd-coin
2024-03-16,0.04040745501448692,bitcoin;ethereum;tether;solana;bnb;steth;xrp;usd-coin
2024-03-17,-0.01686428268174545,bitcoin;ethereum;tether;solana;bnb;xrp;steth;usd-coin
2024-03-18,-0.08802543462473432,bitcoin;ethereum;tether;bnb;solana;xrp;usd-coin;steth
2024-03-19,0.09008477302456994,bitcoin;ethereum;tether;solana;bnb;steth;xrp;usd-coin
2024-03-20,-0.02588484442909381,bitcoin;ethereum;tether;bnb;solana;xrp;steth;usd-coin
2024-03-21,-0.02836868420358331,bitcoin;ethereum;tether;bnb;solana;xrp;steth;usd-coin;dogecoin
2024-03-22,0.0034863704091789194,bitcoin;ethereum;tether;bnb;solana;xrp;steth;usd-coin;dogecoin
2024-03-23,0.04214180013724189,bitcoin;ethereum;tether;bnb;solana;xrp;steth;usd-coin;dogecoin
2024-03-24,0.03549645967737553,bitcoin;ethereum;tether;bnb;solana;xrp;steth;usd-coin;dogecoin
2024-03-25,1.6143723240071413e-4,bitcoin;ethereum;tether;bnb;solana;steth;xrp;usd-coin;dogecoin
2024-03-26,-0.011165480072816347,bitcoin;ethereum;tether;bnb;solana;steth;xrp;usd-coin;dogecoin
2024-03-27,0.018707816658568577,bitcoin;ethereum;tether;bnb;solana;steth;xrp;usd-coin;dogecoin
2024-03-28,-0.008101379199787732,bitcoin;ethereum;tether;bnb;solana;xrp;steth;usd-coin;dogecoin
2024-03-29,-0.003916737337924366,bitcoin;ethereum;tether;bnb;solana;xrp;steth;usd-coin;dogecoin
2024-03-30,0.026694744686232213,bitcoin;ethereum;tether;bnb;solana;steth;xrp;usd-coin;dogecoin
2024-03-31,-0.028070319289585827,bitcoin;ethereum;tether;bnb;solana;steth;xrp;usd-coin;dogecoin
2024-04-01,-0.05930582293944313,bitcoin;ethereum;tether;bnb;solana;usd-coin;xrp;steth;dogecoin
2024-04-02,0.0081648930728064565,bitcoin;ethereum;tether;bnb;solana;usd-coin;steth;xrp;dogecoin
2024-04-03,0.026911810124505775,bitcoin;ethereum;tether;bnb;solana;usd-coin;xrp;steth
2024-04-04,-0.009481883899946178,bitcoin;ethereum;tether;bnb;solana;usd-coin;xrp;steth
2024-04-05,0.014038282476457158,bitcoin;ethereum;tether;bnb;solana;usd-coin;xrp;steth;dogecoin
2024-04-06,0.011079738966648872,bitcoin;ethereum;tether;bnb;solana;usd-coin;steth;xrp;dogecoin
2024-04-07,0.035596939391530226,bitcoin;ethereum;tether;bnb;solana;steth;xrp;usd-coin;dogecoin
2024-04-08,-0.03614445306364058,bitcoin;ethereum;tether;bnb;solana;xrp;steth;usd-coin;dogecoin
2024-04-09,0.017818068173078867,bitcoin;ethereum;tether;bnb;solana;xrp;steth;usd-coin
2024-04-10,-0.007757800082683502,bitcoin;ethereum;tether;bnb;solana;xrp;steth;usd-coin
2024-04-11,-0.04764106682530097,bitcoin;ethereum;tether;bnb;solana;usd-coin;steth
2024-04-12,-0.05513409352324787,bitcoin;ethereum;tether;bnb;solana;usd-coin;steth
2024-04-13,0.033057231422892,bitcoin;ethereum;tether;bnb;solana;usd-coin;steth
2024-04-14,-0.030731834326572546,bitcoin;ethereum;tether;bnb;solana;usd-coin;steth
2024-04-15,0.0011595534283097924,bitcoin;ethereum;tether;bnb;solana;usd-coin;steth
2024-04-16,-0.03425643042764995,bitcoin;ethereum;tether;bnb;solana;usd-coin;steth
2024-04-17,0.032566979661361746,bitcoin;ethereum;tether;bnb;solana;usd-coin;steth
2024-04-18,0.0032685365266531693,bitcoin;ethereum;tether;bnb;solana;usd-coin;steth
2024-04-19,0.02159722713758696,bitcoin;ethereum;tether;bnb;solana;usd-coin;steth;xrp
2024-04-20,-0.0013536062683789992,bitcoin;ethereum;tether;bnb;solana;usd-coin;steth;xrp
2024-04-21,0.026639532695001283,bitcoin;ethereum;tether;bnb;solana;usd-coin;xrp;steth
2024-04-22,-0.0037094190443352697,bitcoin;ethereum;tether;bnb;solana;usd-coin;xrp;steth
2024-04-23,-0.02767599802857026,bitcoin;ethereum;tether;bnb;solana;usd-coin;steth;xrp
2024-04-24,0.0029881149313479133,bitcoin;ethereum;tether;bnb;solana;usd-coin;steth
2024-04-25,-0.011533037773765228,bitcoin;ethereum;tether;bnb;solana;usd-coin;steth
2024-04-26,0.005271454297675365,bitcoin;ethereum;tether;bnb;solana;usd-coin;steth
2024-04-27,-0.00276262268263741,bitcoin;ethereum;tether;bnb;solana;usd-coin;steth
2024-04-28,0.0036102242113104873,bitcoin;ethereum;tether;bnb;solana;usd-coin;steth
2024-04-29,-0.050145855720616576,bitcoin;ethereum;tether;bnb;solana;usd-coin;steth
2024-04-30,-0.026966405357315336,bitcoin;ethereum;tether;bnb;solana;usd-coin;xrp
2024-05-01,0.011318659211036157,bitcoin;ethereum;tether;bnb;solana;usd-coin;xrp;steth
2024-05-02,0.05052632820653552,bitcoin;ethereum;tether;bnb;solana;usd-coin;xrp;steth
2024-05-03,0.01130722474978617,bitcoin;ethereum;tether;bnb;solana;usd-coin;xrp;steth
2024-05-04,0.1507113846150844,bitcoin;ethereum;tether;bnb;venus-bnb;solana;usd-coin;steth
2024-05-05,-0.011794724724150777,bitcoin;ethereum;tether;bnb;solana;usd-coin;xrp;steth
2024-05-06,-0.014385985204788568,bitcoin;ethereum;tether;bnb;solana;usd-coin;xrp;steth
2024-05-07,-0.014667185278034156,bitcoin;ethereum;tether;bnb;solana;usd-coin;xrp;steth
2024-05-08,0.026331071816224773,bitcoin;ethereum;tether;bnb;solana;usd-coin;xrp;steth
2024-05-09,-0.034298005445876155,bitcoin;ethereum;tether;bnb;solana;usd-coin;xrp;steth
2024-05-10,5.098951518622041e-4,bitcoin;ethereum;tether;bnb;solana;usd-coin;xrp;steth
2024-05-11,0.007519165179087469,bitcoin;ethereum;tether;bnb;solana;usd-coin;xrp;steth
2024-05-12,0.01724058823404511,bitcoin;ethereum;tether;bnb;solana;usd-coin;xrp
2024-05-13,-0.02162116341675919,bitcoin;ethereum;tether;bnb;solana;usd-coin;xrp
2024-05-14,0.06334613975250157,bitcoin;ethereum;tether;bnb;solana;usd-coin;xrp
2024-05-15,-0.01668283543670932,bitcoin;ethereum;tether;bnb;solana;usd-coin;xrp
2024-05-16,0.03046962332201735,bitcoin;ethereum;tether;bnb;solana;usd-coin;xrp
2024-05-17,0.0013883979979951817,bitcoin;ethereum;tether;bnb;solana;usd-coin;steth
2024-05-18,-0.010704828131984532,bitcoin;ethereum;tether;bnb;solana;usd-coin;steth
2024-05-19,0.09134948790489025,bitcoin;ethereum;tether;bnb;solana;steth;usd-coin
2024-05-20,-0.004606390221968392,bitcoin;ethereum;tether;bnb;solana;steth;usd-coin
2024-05-21,-0.012808649937736174,bitcoin;ethereum;tether;bnb;solana;steth;usd-coin
2024-05-22,-0.009759532408652554,bitcoin;ethereum;tether;bnb;solana;steth;usd-coin
2024-05-23,0.0011508445889733042,bitcoin;ethereum;tether;bnb;solana;steth;usd-coin;xrp
2024-05-24,0.008438139059025677,bitcoin;ethereum;tether;bnb;solana;steth;usd-coin;xrp
2024-05-25,-0.003682370074660555,bitcoin;ethereum;tether;bnb;solana;steth;usd-coin;xrp
2024-05-26,0.013539512402184546,bitcoin;ethereum;tether;bnb;solana;steth;usd-coin;xrp
2024-05-27,-0.013622225813215986,bitcoin;ethereum;tether;bnb;solana;steth;usd-coin;xrp;dogecoin
2024-05-28,-0.011782167545955985,bitcoin;ethereum;tether;bnb;solana;steth;usd-coin;xrp
2024-05-29,0.0059205852962861604,bitcoin;ethereum;tether;bnb;solana;steth;usd-coin;xrp
2024-05-30,-0.007608296206935996,bitcoin;ethereum;tether;bnb;solana;steth;usd-coin;xrp
2024-05-31,0.005819717982556886,bitcoin;ethereum;tether;bnb;solana;steth;usd-coin;xrp
2024-06-01,-0.002105379323254081,bitcoin;ethereum;tether;bnb;solana;steth;usd-coin;xrp
2024-06-02,0.010862144341189199,bitcoin;ethereum;tether;bnb;solana;steth;usd-coin;xrp
2024-06-03,0.02413038298238037,bitcoin;ethereum;tether;bnb;solana;steth;usd-coin;xrp
2024-06-04,0.008646719516597338,bitcoin;ethereum;tether;bnb;solana;steth;usd-coin;xrp
2024-06-05,-0.0059163107697383895,bitcoin;ethereum;tether;bnb;solana;steth;usd-coin;xrp
2024-06-06,-0.023955049955920314,bitcoin;ethereum;tether;bnb;solana;steth;usd-coin
2024-06-07,-0.0011759320974813903,bitcoin;ethereum;tether;bnb;solana;steth;usd-coin
2024-06-08,0.004849512401933156,bitcoin;ethereum;tether;bnb;solana;steth;usd-coin
2024-06-09,-0.007488299641414789,bitcoin;ethereum;tether;bnb;solana;steth;usd-coin
2024-06-10,-0.03406292823843314,bitcoin;ethereum;tether;bnb;solana;steth;usd-coin
2024-06-11,0.01475430426304699,bitcoin;ethereum;tether;bnb;solana;steth;usd-coin
2024-06-12,-0.022703985332516406,bitcoin;ethereum;tether;bnb;solana;steth;usd-coin
2024-06-13,-0.0070913331922381395,bitcoin;ethereum;tether;bnb;solana;steth;usd-coin
2024-06-14,0.00798097968012636,bitcoin;ethereum;tether;bnb;solana;steth;usd-coin
2024-06-15,0.009123309344050298,bitcoin;ethereum;tether;bnb;solana;steth;usd-coin
2024-06-16,-0.010234216387654328,bitcoin;ethereum;tether;bnb;solana;steth;usd-coin
2024-06-17,-0.017402443330040096,bitcoin;ethereum;tether;bnb;solana;steth
2024-06-18,0.0035556860017445856,bitcoin;ethereum;tether;bnb;solana;steth
2024-06-19,-0.005709016278167953,bitcoin;ethereum;tether;bnb;solana;steth;usd-coin
2024-06-20,-0.006603205876071033,bitcoin;ethereum;tether;bnb;solana;steth;usd-coin
2024-06-21,3.0461798791104054e-4,bitcoin;ethereum;tether;bnb;solana;steth;usd-coin
2024-06-22,-0.01771954986371786,bitcoin;ethereum;tether;bnb;solana;steth;usd-coin
2024-06-23,-0.03365551662250062,bitcoin;ethereum;tether;bnb;solana;usd-coin;steth
2024-06-24,0.020464083439568348,bitcoin;ethereum;tether;bnb;solana;usd-coin;steth
2024-06-25,-0.012236430643402525,bitcoin;ethereum;tether;bnb;solana;usd-coin;steth
2024-06-26,0.01683121630425868,bitcoin;ethereum;tether;bnb;solana;steth;usd-coin
2024-06-27,-0.021188332509017884,bitcoin;ethereum;tether;bnb;solana;steth;usd-coin
2024-06-28,0.006058689454076885,bitcoin;ethereum;tether;bnb;solana;steth;usd-coin
2024-06-29,0.024567929144618757,bitcoin;ethereum;tether;bnb;solana;steth;usd-coin
2024-06-30,0.0018871798339631619,bitcoin;ethereum;tether;bnb;solana;steth;usd-coin
2024-07-01,7.2676202061000446,lovely-inu-old;bitcoin;ethereum
2024-07-02,-0.03181855146882953,bitcoin;ethereum;tether;bnb;solana;usd-coin;steth
2024-07-03,-0.05709082676207318,bitcoin;ethereum;tether;bnb;solana;usd-coin;steth
2024-07-04,-0.008248226582118023,bitcoin;ethereum;tether;bnb;solana;usd-coin;steth
2024-07-05,0.028883163176380653,bitcoin;ethereum;tether;bnb;solana;usd-coin;steth
2024-07-06,-0.042835660673279284,bitcoin;ethereum;tether;bnb;solana;usd-coin;steth
2024-07-07,0.019702600191549652,bitcoin;ethereum;tether;bnb;solana;usd-coin;steth
2024-07-08,0.018444391262219875,bitcoin;ethereum;tether;bnb;solana;usd-coin;steth
2024-07-09,6.536084364666963e-4,bitcoin;ethereum;tether;bnb;solana;usd-coin;steth
2024-07-10,-0.005872219422911589,bitcoin;ethereum;tether;bnb;solana;usd-coin;steth
2024-07-11,0.010009604301560704,bitcoin;ethereum;tether;bnb;solana;usd-coin;steth
2024-07-12,0.01774396247712924,bitcoin;ethereum;tether;bnb;solana;usd-coin;steth
2024-07-13,0.023192640030780292,bitcoin;ethereum;tether;bnb;solana;usd-coin;steth
2024-07-14,0.0629934433397777,bitcoin;ethereum;tether;bnb;solana;steth;usd-coin
2024-07-15,-0.0012715123834436284,bitcoin;ethereum;tether;bnb;solana;usd-coin;steth
2024-07-16,-0.013127523069540575,bitcoin;ethereum;tether;bnb;solana;xrp;usd-coin
2024-07-17,0.0020162497371467025,bitcoin;ethereum;tether;bnb;solana;usd-coin;steth
2024-07-18,0.035353722603646415,bitcoin;ethereum;tether;bnb;solana;steth;usd-coin
2024-07-19,0.006169516125408542,bitcoin;ethereum;tether;bnb;solana;steth;usd-coin
2024-07-20,0.01325619468623356,bitcoin;ethereum;tether;bnb;solana;steth;usd-coin
2024-07-21,-0.01265234830459192,bitcoin;ethereum;tether;bnb;solana;usd-coin;xrp
2024-07-22,-0.0147772021484918,bitcoin;ethereum;tether;bnb;solana;steth;usd-coin
2024-07-23,-0.012488482006123776,bitcoin;ethereum;tether;bnb;solana;xrp;usd-coin
2024-07-24,-0.007580473377097857,bitcoin;ethereum;tether;bnb;solana;usd-coin;xrp
2024-07-25,0.029898486623431704,bitcoin;ethereum;tether;solana;bnb;usd-coin;xrp
2024-07-26,-0.002519112366754564,bitcoin;ethereum;tether;solana;bnb;usd-coin;xrp
2024-07-27,0.006039175038233947,bitcoin;ethereum;tether;solana;bnb;usd-coin;xrp
2024-07-28,-0.01181351839011053,bitcoin;ethereum;tether;solana;bnb;usd-coin;xrp
2024-07-29,-0.007526561996209577,bitcoin;ethereum;tether;bnb;solana;xrp;usd-coin
2024-07-30,-0.020727865155364362,bitcoin;ethereum;tether;bnb;solana;xrp;usd-coin
2024-07-31,0.0036820923509941796,bitcoin;ethereum;tether;bnb;solana;xrp;usd-coin
2024-08-01,-0.059822174656383925,bitcoin;ethereum;tether;bnb;solana;usd-coin;xrp
2024-08-02,-0.016546697095384744,bitcoin;ethereum;tether;bnb;solana;usd-coin
2024-08-03,-0.04639292865640032,bitcoin;ethereum;tether;bnb;solana;usd-coin
2024-08-04,-0.07186646172057339,bitcoin;ethereum;tether;bnb;solana;usd-coin
2024-08-05,0.0332008814838061,bitcoin;ethereum;tether;bnb;solana;usd-coin
2024-08-06,-0.021329720568244188,bitcoin;ethereum;tether;bnb;solana;usd-coin
2024-08-07,0.10903675232480209,bitcoin;ethereum;tether;solana;bnb;xrp
2024-08-08,-0.016716472211326622,bitcoin;ethereum;tether;bnb;solana;usd-coin
2024-08-09,0.0018946622332755051,bitcoin;ethereum;tether;bnb;solana;usd-coin
2024-08-10,-0.033183522627065656,bitcoin;ethereum;tether;bnb;solana;usd-coin
2024-08-11,0.021412778428967615,bitcoin;ethereum;tether;bnb;solana;usd-coin
2024-08-12,0.012934083402385414,bitcoin;ethereum;tether;bnb;solana;usd-coin
2024-08-13,-0.02378058544942749,bitcoin;ethereum;tether;bnb;solana;usd-coin;xrp
2024-08-14,-0.020197499871683147,bitcoin;ethereum;tether;bnb;solana;usd-coin
2024-08-15,0.0157738237350266,bitcoin;ethereum;tether;bnb;solana;usd-coin
2024-08-16,0.010446810737108528,bitcoin;ethereum;tether;bnb;solana;usd-coin
2024-08-17,-0.011741923370911126,bitcoin;ethereum;tether;bnb;solana;usd-coin
2024-08-18,0.01644167293642571,bitcoin;ethereum;tether;bnb;solana;usd-coin;xrp
2024-08-19,-0.009134251023805598,bitcoin;ethereum;tether;bnb;solana;usd-coin;xrp
2024-08-20,0.027320354817995007,bitcoin;ethereum;tether;bnb;solana;usd-coin;xrp
2024-08-21,-0.007887963186152265,bitcoin;ethereum;tether;bnb;solana;usd-coin;xrp
2024-08-22,0.05140240620037259,bitcoin;ethereum;tether;bnb;solana;usd-coin;xrp
2024-08-23,0.002241345508093736,bitcoin;ethereum;tether;bnb;solana;usd-coin;xrp
2024-08-24,-9.555969145314458e-4,bitcoin;ethereum;tether;bnb;solana;usd-coin;xrp
2024-08-25,-0.02184513574217355,bitcoin;ethereum;tether;bnb;solana;usd-coin;xrp
2024-08-26,-0.0546027394948675,bitcoin;ethereum;tether;bnb;solana;usd-coin;xrp
2024-08-27,-9.653335698518932e-4,bitcoin;ethereum;tether;bnb;solana;usd-coin;xrp
2024-08-28,0.002748656339413608,bitcoin;ethereum;tether;bnb;solana;usd-coin;xrp
2024-08-29,-0.003612110523189688,bitcoin;ethereum;tether;bnb;solana;usd-coin;xrp
2024-08-30,-0.0033994694150880547,bitcoin;ethereum;tether;bnb;solana;usd-coin;xrp
2024-08-31,-0.028155507044698783,bitcoin;ethereum;tether;bnb;solana;usd-coin;xrp
2024-09-01,0.030839153921670564,bitcoin;ethereum;tether;bnb;solana;usd-coin
2024-09-02,-0.029794992785650117,bitcoin;ethereum;tether;bnb;solana;usd-coin
2024-09-03,0.008965974079754106,bitcoin;ethereum;tether;bnb;solana;usd-coin
2024-09-04,-0.028346172273487253,bitcoin;ethereum;tether;bnb;solana;usd-coin
2024-09-05,-0.03952684825825847,bitcoin;ethereum;tether;bnb;solana;usd-coin;xrp
2024-09-06,0.007439849209212883,bitcoin;ethereum;tether;bnb;solana;usd-coin;xrp
2024-09-07,0.011636400919907081,bitcoin;ethereum;tether;bnb;solana;usd-coin;xrp
2024-09-08,0.032690033448415125,bitcoin;ethereum;tether;bnb;solana;usd-coin;xrp
2024-09-09,0.009408874574309218,bitcoin;ethereum;tether;bnb;solana;usd-coin;xrp
2024-09-10,-0.006804167508628655,bitcoin;ethereum;tether;bnb;solana;usd-coin;xrp
2024-09-11,0.013409303121682599,bitcoin;ethereum;tether;bnb;solana;usd-coin;xrp
2024-09-12,0.034571065020049134,bitcoin;ethereum;tether;bnb;solana;usd-coin;xrp
2024-09-13,-0.007756941440506256,bitcoin;ethereum;tether;bnb;solana;usd-coin;xrp
2024-09-14,-0.01777423018733043,bitcoin;ethereum;tether;bnb;solana;usd-coin;xrp
2024-09-15,14.571181293182764,squid-grow
2024-09-16,0.027745727295585745,bitcoin;ethereum;tether;bnb;solana;usd-coin;xrp
2024-09-17,0.018174050485547703,bitcoin;ethereum;tether;bnb;solana;usd-coin;xrp
2024-09-18,0.022828356181374295,bitcoin;ethereum;tether;bnb;solana;usd-coin;xrp
2024-09-19,0.009913049972069645,bitcoin;ethereum;tether;bnb;solana;usd-coin;xrp
2024-09-20,0.008297022507157895,bitcoin;ethereum;tether;bnb;solana;usd-coin;xrp
2024-09-21,-9.717980334401721e-4,bitcoin;ethereum;tether;bnb;solana;usd-coin;xrp
2024-09-22,0.0020790053862731134,bitcoin;ethereum;tether;bnb;solana;usd-coin;xrp
2024-09-23,0.012698532022570682,bitcoin;ethereum;tether;bnb;solana;usd-coin;xrp
2024-09-24,-0.01948061684805757,bitcoin;ethereum;tether;bnb;solana;usd-coin;xrp
2024-09-25,0.027018842681941935,bitcoin;ethereum;tether;bnb;solana;usd-coin;xrp
2024-09-26,0.011347032022685914,bitcoin;ethereum;tether;bnb;solana;usd-coin;xrp
2024-09-27,-4.7378942701666863e-5,bitcoin;ethereum;tether;bnb;solana;usd-coin;xrp
2024-09-28,-0.0028102837996904478,bitcoin;ethereum;tether;bnb;solana;xrp;usd-coin
2024-09-29,-0.03147842099723566,bitcoin;ethereum;tether;bnb;solana;usd-coin;xrp
2024-09-30,-0.03989261370451071,bitcoin;ethereum;tether;bnb;solana;usd-coin;xrp
2024-10-01,-0.01106039921208856,bitcoin;ethereum;tether;bnb;solana;usd-coin;xrp
2024-10-02,-9.519250159232691e-4,bitcoin;ethereum;tether;bnb;solana;usd-coin;xrp
2024-10-03,0.02132270302551752,bitcoin;ethereum;tether;bnb;solana;usd-coin;xrp
2024-10-04,6.382674745066494e-4,bitcoin;ethereum;tether;bnb;solana;usd-coin;xrp
2024-10-05,0.010946830814513416,bitcoin;ethereum;tether;bnb;solana;usd-coin;xrp
2024-10-06,-0.00855713128274635,bitcoin;ethereum;tether;bnb;solana;usd-coin;xrp
2024-10-07,0.001194042183107335,bitcoin;ethereum;tether;bnb;solana;usd-coin;xrp
2024-10-08,-0.023411294928495755,bitcoin;ethereum;tether;bnb;solana;usd-coin;xrp
2024-10-09,-0.0028365426742549974,bitcoin;ethereum;tether;bnb;solana;usd-coin;xrp
2024-10-10,0.02961573610690738,bitcoin;ethereum;tether;bnb;solana;usd-coin;xrp
2024-10-11,0.011060842987768885,bitcoin;ethereum;tether;bnb;solana;usd-coin;xrp
2024-10-12,-0.004498967291582048,bitcoin;ethereum;tether;bnb;solana;usd-coin;xrp
2024-10-13,0.04727702510975231,bitcoin;ethereum;tether;bnb;solana;usd-coin;xrp
2024-10-14,0.00819298534611667,bitcoin;ethereum;tether;bnb;solana;usd-coin;xrp
2024-10-15,0.0065508064862148585,bitcoin;ethereum;tether;bnb;solana;usd-coin;xrp
2024-10-16,-0.0042125529365933416,bitcoin;ethereum;tether;bnb;solana;usd-coin;xrp
2024-10-17,0.014035405002865394,bitcoin;ethereum;tether;bnb;solana;usd-coin;xrp
2024-10-18,8.163233785191782e-4,bitcoin;ethereum;tether;bnb;solana;usd-coin;xrp
2024-10-19,0.014378909095781196,bitcoin;ethereum;tether;bnb;solana;usd-coin;xrp
2024-10-20,-0.02142386570895038,bitcoin;ethereum;tether;bnb;solana;usd-coin;xrp
2024-10-21,-0.003284527675579174,bitcoin;ethereum;tether;bnb;solana;usd-coin;xrp
2024-10-22,-0.01610020877111202,bitcoin;ethereum;tether;bnb;solana;usd-coin;xrp
2024-10-23,0.021324011803071915,bitcoin;ethereum;tether;bnb;solana;usd-coin;xrp
2024-10-24,-0.02593270126233913,bitcoin;ethereum;tether;bnb;solana;usd-coin
2024-10-25,0.008672820861123982,bitcoin;ethereum;tether;bnb;solana;usd-coin
2024-10-26,0.012731002913628199,bitcoin;ethereum;tether;bnb;solana;usd-coin
2024-10-27,0.02452046053493196,bitcoin;ethereum;tether;bnb;solana;usd-coin
2024-10-28,0.03214848448728054,bitcoin;ethereum;tether;bnb;solana;usd-coin
2024-10-29,-0.004183613238213591,bitcoin;ethereum;tether;bnb;solana;usd-coin
2024-10-30,-0.03179729015723195,bitcoin;ethereum;tether;bnb;solana;usd-coin
2024-10-31,-0.008167848954752399,bitcoin;ethereum;tether;bnb;solana;usd-coin
2024-11-01,-0.0035643067352032014,bitcoin;ethereum;tether;bnb;solana;usd-coin
2024-11-02,-0.009171736892099791,bitcoin;ethereum;tether;bnb;solana;usd-coin
2024-11-03,-0.01461739779465658,bitcoin;ethereum;tether;bnb;solana;usd-coin
2024-11-04,0.020279507155447667,bitcoin;ethereum;tether;bnb;solana;usd-coin
2024-11-05,0.08469897101883922,bitcoin;ethereum;tether;solana;bnb;usd-coin
2024-11-06,0.014628969351665255,bitcoin;ethereum;tether;solana;bnb;usd-coin
2024-11-07,0.010157460879461528,bitcoin;ethereum;tether;solana;bnb;usd-coin
2024-11-08,0.014118196192618747,bitcoin;ethereum;tether;solana;bnb;usd-coin;dogecoin
2024-11-09,0.041297317150423694,bitcoin;ethereum;tether;solana;bnb;dogecoin;usd-coin
2024-11-10,0.08390311623778167,bitcoin;ethereum;tether;solana;bnb;dogecoin;usd-coin
2024-11-11,-0.011511462000270348,bitcoin;ethereum;tether;solana;bnb;dogecoin;xrp
2024-11-12,0.01941522581467853,bitcoin;ethereum;tether;solana;bnb;dogecoin
2024-11-13,-0.03598173033053817,bitcoin;ethereum;tether;solana;bnb;dogecoin
2024-11-14,0.037017777951187776,bitcoin;ethereum;tether;solana;bnb;dogecoin;xrp
2024-11-15,0.002037476746218826,bitcoin;ethereum;tether;solana;bnb;xrp;dogecoin
2024-11-16,-0.005341897118762349,bitcoin;ethereum;tether;solana;bnb;xrp;dogecoin
2024-11-17,0.013646755160116968,bitcoin;ethereum;tether;solana;bnb;xrp;dogecoin
2024-11-18,0.009576556346737042,bitcoin;ethereum;tether;solana;bnb;xrp;dogecoin
2024-11-19,0.011367050336692898,bitcoin;ethereum;tether;solana;bnb;xrp;dogecoin
2024-11-20,0.05108616735209713,bitcoin;ethereum;tether;solana;bnb;xrp;dogecoin
2024-11-21,0.008734749992385531,bitcoin;ethereum;tether;solana;bnb;xrp;dogecoin
2024-11-22,-0.004106864720677284,bitcoin;ethereum;tether;solana;bnb;xrp;dogecoin
2024-11-23,-3.678032725716162e-4,bitcoin;ethereum;tether;solana;bnb;xrp;dogecoin;usd-coin
2024-11-24,-0.038556996342840634,bitcoin;ethereum;tether;solana;bnb;xrp;dogecoin;usd-coin
2024-11-25,-0.014258742185066757,bitcoin;ethereum;tether;solana;bnb;xrp;dogecoin;usd-coin
2024-11-26,0.04845043688962577,bitcoin;ethereum;tether;solana;bnb;xrp;dogecoin;usd-coin
2024-11-27,-0.0042655053853450295,bitcoin;ethereum;tether;solana;bnb;xrp;dogecoin;usd-coin
2024-11-28,0.020610517574536066,bitcoin;ethereum;tether;solana;xrp;bnb;dogecoin;usd-coin
2024-11-29,-2.6722914196269335e-4,bitcoin;ethereum;tether;solana;xrp;bnb;dogecoin;usd-coin
2024-11-30,0.015587087223677312,bitcoin;ethereum;tether;xrp;solana;bnb;dogecoin;cardano
2024-12-01,-0.006251470067986148,bitcoin;ethereum;xrp;tether;solana;bnb;dogecoin;cardano;usd-coin
2024-12-02,0.009835294944775825,bitcoin;ethereum;xrp;tether;solana;bnb;dogecoin;cardano;usd-coin;wrapped-tron
2024-12-03,0.024878191065282895,bitcoin;ethereum;tether;xrp;solana;bnb;dogecoin;cardano;usd-coin;steth
2024-12-04,-0.016856627341633377,bitcoin;ethereum;tether;xrp;solana;bnb;dogecoin;cardano;usd-coin;steth
2024-12-05,0.034045693474649516,bitcoin;ethereum;xrp;tether;solana;bnb;dogecoin;cardano;usd-coin;steth
2024-12-06,0.0052078987146620655,bitcoin;ethereum;xrp;tether;solana;bnb;dogecoin;cardano;usd-coin;steth
2024-12-07,0.00802738624818445,bitcoin;ethereum;xrp;tether;solana;bnb;dogecoin;cardano;usd-coin;steth
2024-12-08,-0.051607414605497295,bitcoin;ethereum;tether;xrp;solana;bnb;dogecoin;usd-coin;steth
2024-12-09,-0.007546193021721333,bitcoin;ethereum;tether;xrp;solana;bnb;dogecoin;usd-coin;cardano
2024-12-10,0.04367443192831959,bitcoin;ethereum;tether;xrp;solana;bnb;dogecoin;usd-coin;cardano
2024-12-11,-0.006623253471645009,bitcoin;ethereum;tether;xrp;solana;bnb;dogecoin;usd-coin;cardano
2024-12-12,0.01230987578256698,bitcoin;ethereum;tether;xrp;solana;bnb;dogecoin;usd-coin;cardano
2024-12-13,-0.004550794469999389,bitcoin;ethereum;tether;xrp;solana;bnb;dogecoin;usd-coin;steth
2024-12-14,0.02401172878940556,bitcoin;ethereum;tether;xrp;solana;bnb;dogecoin;usd-coin;steth
2024-12-15,0.011749289873985295,bitcoin;ethereum;xrp;tether;bnb;solana;dogecoin;usd-coin;steth
2024-12-16,-0.0012070272018211855,bitcoin;ethereum;xrp;tether;solana;bnb;dogecoin;usd-coin
2024-12-17,-0.0601487950772334,bitcoin;ethereum;tether;xrp;bnb;solana;dogecoin;usd-coin
2024-12-18,-0.03151268436025978,bitcoin;ethereum;tether;xrp;bnb;solana;dogecoin;usd-coin
2024-12-19,0.00535923463655609,bitcoin;ethereum;tether;xrp;bnb;solana;dogecoin;usd-coin
2024-12-20,-0.0126386269985642,bitcoin;ethereum;tether;xrp;bnb;solana;dogecoin;usd-coin
2024-12-21,-0.019494104433945045,bitcoin;ethereum;tether;xrp;bnb;solana;dogecoin;usd-coin
2024-12-22,0.008864773980062784,bitcoin;ethereum;tether;xrp;bnb;solana;dogecoin;usd-coin
2024-12-23,0.034041777055406196,bitcoin;ethereum;tether;xrp;bnb;solana;dogecoin;usd-coin
2024-12-24,0.00391378026455108,bitcoin;ethereum;tether;xrp;bnb;solana;dogecoin;usd-coin
2024-12-25,-0.03682947474201271,bitcoin;ethereum;tether;xrp;bnb;solana;dogecoin;usd-coin
2024-12-26,-0.012476077980336724,bitcoin;ethereum;tether;xrp;bnb;solana;dogecoin;usd-coin
2024-12-27,0.014911496097028262,bitcoin;ethereum;tether;xrp;bnb;solana;dogecoin;usd-coin
2024-12-28,-0.018074698528066004,bitcoin;ethereum;tether;xrp;bnb;solana;dogecoin;usd-coin
2024-12-29,-0.00600504145274312,bitcoin;ethereum;tether;xrp;bnb;solana;dogecoin;usd-coin
2024-12-30,0.004690612840000251,bitcoin;ethereum;tether;xrp;bnb;solana;dogecoin;usd-coin
2024-12-31,0.014568316641796471,bitcoin;ethereum;tether;xrp;bnb;solana;dogecoin;usd-coin
2025-01-01,0.025926640313980773,bitcoin;ethereum;xrp;tether;bnb;solana;dogecoin;usd-coin
2025-01-02,0.021117321983539515,bitcoin;ethereum;xrp;tether;solana;bnb;dogecoin;usd-coin;cardano
2025-01-03,0.002750236291078416,bitcoin;ethereum;xrp;tether;solana;bnb;dogecoin;usd-coin;cardano
2025-01-04,-0.0018716811800772012,bitcoin;ethereum;xrp;tether;solana;bnb;dogecoin;usd-coin;cardano
2025-01-05,0.029474597999677266,bitcoin;ethereum;xrp;tether;solana;bnb;dogecoin;usd-coin
2025-01-06,-0.055637976577554205,bitcoin;ethereum;tether;xrp;bnb;solana;dogecoin;usd-coin
2025-01-07,-0.014321117884849395,bitcoin;ethereum;tether;xrp;bnb;solana;dogecoin;usd-coin
2025-01-08,-0.02842952282167084,bitcoin;ethereum;tether;xrp;bnb;solana;dogecoin;usd-coin
2025-01-09,0.02075714903356321,bitcoin;ethereum;tether;xrp;bnb;solana;dogecoin;usd-coin
2025-01-10,0.005213675799864036,bitcoin;ethereum;xrp;tether;bnb;solana;dogecoin;usd-coin
2025-01-11,-0.0029945521643287795,bitcoin;ethereum;xrp;tether;bnb;solana;dogecoin;usd-coin
2025-01-12,-0.0060210578688799955,bitcoin;ethereum;xrp;tether;bnb;solana;dogecoin;usd-coin
2025-01-13,0.02302506045480388,bitcoin;ethereum;xrp;tether;bnb;solana;dogecoin;usd-coin
2025-01-14,0.051141889368582244,bitcoin;ethereum;xrp;tether;bnb;solana;dogecoin;usd-coin
2025-01-15,-0.008573188350832052,bitcoin;ethereum;xrp;tether;solana;bnb;dogecoin;usd-coin
2025-01-16,0.041839602988417095,bitcoin;ethereum;xrp;tether;solana;bnb;dogecoin;usd-coin
2025-01-17,-0.0014799296597692425,bitcoin;ethereum;xrp;tether;solana;bnb;dogecoin;usd-coin
2025-01-18,-0.03643197376543919,bitcoin;ethereum;xrp;tether;solana;bnb;dogecoin
2025-01-19,0.01029530619295781,bitcoin;ethereum;xrp;tether;solana;bnb;dogecoin
2025-01-20,0.03278898115400374,bitcoin;ethereum;xrp;tether;solana;bnb;dogecoin
2025-01-21,-0.01857990817196859,bitcoin;ethereum;xrp;tether;solana;bnb;dogecoin
2025-01-22,0.0035209683389095183,bitcoin;ethereum;xrp;tether;solana;bnb;dogecoin
2025-01-23,0.003794949523439963,bitcoin;ethereum;xrp;tether;solana;bnb;usd-coin
2025-01-24,6.052180111982655e-4,bitcoin;ethereum;xrp;tether;solana;bnb;dogecoin
2025-01-25,-0.021385844430880274,bitcoin;ethereum;xrp;tether;solana;bnb;usd-coin
2025-01-26,-0.0059953409461599855,bitcoin;ethereum;xrp;tether;solana;bnb;usd-coin
2025-01-27,-0.011147309545885668,bitcoin;ethereum;xrp;tether;solana;bnb;usd-coin
2025-01-28,0.017838713325670434,bitcoin;ethereum;xrp;tether;solana;bnb;usd-coin
2025-01-29,0.015635331827110025,bitcoin;ethereum;xrp;tether;solana;bnb;usd-coin
2025-01-30,-0.016168280718955173,bitcoin;ethereum;xrp;tether;solana;bnb;usd-coin
2025-01-31,-0.025840178377028702,bitcoin;ethereum;xrp;tether;solana;bnb;usd-coin
2025-02-01,-0.04114291944726181,bitcoin;ethereum;xrp;tether;solana;bnb
2025-02-02,0.03189742478110755,bitcoin;ethereum;xrp;tether;solana;bnb
2025-02-03,-0.03872771304610637,bitcoin;ethereum;xrp;tether;solana;bnb
2025-02-04,-0.012067826093010003,bitcoin;ethereum;tether;xrp;solana;bnb
2025-02-05,-0.006689065999091274,bitcoin;ethereum;tether;xrp;solana;bnb
2025-02-06,-0.0011930622321238127,bitcoin;ethereum;tether;xrp;solana;bnb
2025-02-07,0.004052070860897368,bitcoin;ethereum;tether;xrp;solana;bnb
2025-02-08,-2.7869204677236726e-4,bitcoin;ethereum;tether;xrp;solana;bnb
2025-02-09,0.0089220994967942,bitcoin;ethereum;tether;xrp;solana;bnb
2025-02-10,-0.014293924096173692,bitcoin;ethereum;tether;xrp;solana;bnb
2025-02-11,0.025643931427653765,bitcoin;ethereum;xrp;tether;bnb;solana
2025-02-12,-0.01181071181525786,bitcoin;ethereum;xrp;tether;bnb;solana
2025-02-13,0.006466235932866823,bitcoin;bitcoin;ethereum;ethereum;xrp;xrp;tether;tether;solana;solana;bnb;bnb
2025-02-14,-5.900334158121088e-4,bitcoin;bitcoin;ethereum;ethereum;xrp;xrp;tether;tether;solana;solana;bnb;bnb
2025-02-15,-0.006338280913659497,bitcoin;bitcoin;ethereum;ethereum;xrp;xrp;tether;tether;bnb;bnb;solana;solana
2025-02-16,-0.0015252648231054153,bitcoin;bitcoin;ethereum;ethereum;xrp;xrp;tether;tether;bnb;bnb;solana;solana
2025-02-17,-0.0048514600934580565,bitcoin;bitcoin;ethereum;ethereum;xrp;xrp;tether;tether;bnb;bnb;solana;solana
2025-02-18,0.007225632276788975,bitcoin;bitcoin;ethereum;ethereum;xrp;xrp;tether;tether;bnb;bnb;solana;solana
2025-02-19,0.006922657848538044,bitcoin;bitcoin;ethereum;ethereum;xrp;xrp;tether;tether;bnb;bnb;solana;solana
2025-02-20,-0.012016954693859565,bitcoin;bitcoin;ethereum;ethereum;xrp;xrp;tether;tether;bnb;bnb;solana;solana
2025-02-21,0.004962982403619266,bitcoin;bitcoin;ethereum;ethereum;xrp;xrp;tether;tether;bnb;bnb;solana;solana
2025-02-22,-4.5618767651688016e-4,bitcoin;bitcoin;ethereum;ethereum;xrp;xrp;tether;tether;bnb;bnb;solana;solana
2025-02-23,-0.03198785019612177,bitcoin;bitcoin;ethereum;ethereum;tether;tether;xrp;xrp;bnb;bnb;solana;solana
2025-02-24,-0.01002837251654235,bitcoin;bitcoin;ethereum;ethereum;tether;tether;xrp;xrp;bnb;bnb;solana;solana
2025-02-25,-0.024611079183562284,bitcoin;bitcoin;ethereum;ethereum;tether;tether;xrp;xrp;bnb;bnb;solana;solana
2025-02-26,0.0010046525694895083,bitcoin;bitcoin;ethereum;ethereum;tether;tether;xrp;xrp;bnb;bnb;solana;solana
2025-02-27,-0.003020681787335453,bitcoin;bitcoin;ethereum;ethereum;tether;tether;xrp;xrp;bnb;bnb;solana;solana;usd-coin;usd-coin
2025-02-28,0.006919099905067905,bitcoin;bitcoin;ethereum;ethereum;tether;tether;xrp;xrp;bnb;bnb;solana;solana;usd-coin;usd-coin
2025-03-01,0.051688477089154784,bitcoin;bitcoin;ethereum;ethereum;xrp;xrp;tether;tether;solana;solana;bnb;bnb;usd-coin;usd-coin
2025-03-02,-0.05176494520180055,bitcoin;bitcoin;ethereum;ethereum;tether;tether;xrp;xrp;bnb;bnb;solana;solana
2025-03-03,0.0067604702463654135,bitcoin;bitcoin;ethereum;ethereum;tether;tether;xrp;xrp;bnb;bnb;solana;solana
2025-03-04,0.016510238142381627,bitcoin;bitcoin;ethereum;ethereum;xrp;xrp;tether;tether;bnb;bnb;solana;solana
2025-03-05,-0.0026847492779065946,bitcoin;bitcoin;ethereum;ethereum;xrp;xrp;tether;tether;bnb;bnb;solana;solana
2025-03-06,-0.017601376884179096,bitcoin;bitcoin;ethereum;ethereum;tether;tether;xrp;xrp;bnb;bnb;solana;solana
2025-03-07,-0.0017781248893327726,bitcoin;bitcoin;ethereum;ethereum;tether;tether;xrp;xrp;bnb;bnb;solana;solana
2025-03-08,-0.03306733876753605,bitcoin;bitcoin;ethereum;ethereum;tether;tether;xrp;xrp;bnb;bnb;solana;solana
2025-03-09,-0.016548413383863262,bitcoin;bitcoin;ethereum;ethereum;tether;tether;xrp;xrp;bnb;bnb;solana;solana
2025-03-10,0.024235149814464674,bitcoin;bitcoin;ethereum;ethereum;tether;tether;xrp;xrp;bnb;bnb;solana;solana
2025-03-11,0.0050939287526906496,bitcoin;bitcoin;ethereum;ethereum;tether;tether;xrp;xrp;bnb;bnb;solana;solana
2025-03-12,-0.012665633777210989,bitcoin;bitcoin;ethereum;ethereum;tether;tether;xrp;xrp;bnb;bnb;solana;solana
2025-03-13,0.016548628360988995,bitcoin;bitcoin;ethereum;ethereum;tether;tether;xrp;xrp;bnb;bnb;solana;solana
2025-03-14,0.004059955536194951,bitcoin;bitcoin;ethereum;ethereum;tether;tether;xrp;xrp;bnb;bnb;solana;solana
2025-03-15,-0.011618231601392973,bitcoin;bitcoin;ethereum;ethereum;tether;tether;xrp;xrp;bnb;bnb;solana;solana
2025-03-16,0.009128951357485668,bitcoin;bitcoin;ethereum;ethereum;tether;tether;xrp;xrp;bnb;bnb;solana;solana
2025-03-17,-0.00673871855180937,bitcoin;bitcoin;ethereum;ethereum;tether;tether;xrp;xrp;bnb;bnb;solana;solana
2025-03-18,0.02474458701397244,bitcoin;bitcoin;ethereum;ethereum;xrp;xrp;tether;tether;bnb;bnb;solana;solana
2025-03-19,-0.014970330922302561,bitcoin;bitcoin;ethereum;ethereum;tether;tether;xrp;xrp;bnb;bnb;solana;solana
2025-03-20,-0.0013976468180708784,bitcoin;bitcoin;ethereum;ethereum;tether;tether;xrp;xrp;bnb;bnb;solana;solana
2025-03-21,-8.471641805237895e-4,bitcoin;bitcoin;ethereum;ethereum;tether;tether;xrp;xrp;bnb;bnb;solana;solana
2025-03-22,0.011145499562012563,bitcoin;bitcoin;ethereum;ethereum;tether;tether;xrp;xrp;bnb;bnb;solana;solana
2025-03-23,0.009202936937469907,bitcoin;bitcoin;ethereum;ethereum;tether;tether;xrp;xrp;bnb;bnb;solana;solana
2025-03-24,-2.0014215756277765e-4,bitcoin;bitcoin;ethereum;ethereum;tether;tether;xrp;xrp;bnb;bnb;solana;solana
2025-03-25,-0.006042707633146505,bitcoin;bitcoin;ethereum;ethereum;tether;tether;xrp;xrp;bnb;bnb;solana;solana
2025-03-26,0.0015207268602437504,bitcoin;bitcoin;ethereum;ethereum;tether;tether;xrp;xrp;bnb;bnb;solana;solana
2025-03-27,-0.017639181316515932,bitcoin;bitcoin;ethereum;ethereum;tether;tether;xrp;xrp;bnb;bnb;solana;solana
2025-03-28,-0.01117891277283831,bitcoin;bitcoin;ethereum;ethereum;tether;tether;xrp;xrp;bnb;bnb;solana;solana
2025-03-29,-0.0017834527011084621,bitcoin;bitcoin;ethereum;ethereum;tether;tether;xrp;xrp;bnb;bnb;solana;solana
2025-03-30,9.158986094354732e-4,bitcoin;bitcoin;ethereum;ethereum;tether;tether;xrp;xrp;bnb;bnb;solana;solana
2025-03-31,0.014485422498220261,bitcoin;bitcoin;ethereum;ethereum;tether;tether;xrp;xrp;bnb;bnb;solana;solana
2025-04-01,-0.01652849332750604,bitcoin;bitcoin;ethereum;ethereum;tether;tether;xrp;xrp;bnb;bnb;usd-coin;usd-coin
2025-04-02,0.0037608740367661817,bitcoin;bitcoin;ethereum;ethereum;tether;tether;xrp;xrp;bnb;bnb;usd-coin;usd-coin
2025-04-03,0.0048870775357765595,bitcoin;bitcoin;ethereum;ethereum;tether;tether;xrp;xrp;bnb;bnb;solana;solana
2025-04-04,-0.0019434609368765316,bitcoin;bitcoin;ethereum;ethereum;tether;tether;xrp;xrp;bnb;bnb;solana;solana
2025-04-05,-0.03396722405335208,bitcoin;bitcoin;ethereum;ethereum;tether;tether;xrp;xrp;bnb;bnb;usd-coin;usd-coin
2025-04-06,0.0038812511551574278,bitcoin;bitcoin;ethereum;ethereum;tether;tether;xrp;xrp;bnb;bnb;usd-coin;usd-coin
2025-04-07,-0.01768554974743137,bitcoin;bitcoin;ethereum;ethereum;tether;tether;xrp;xrp;bnb;bnb;usd-coin;usd-coin
2025-04-08,0.04069158834223323,bitcoin;bitcoin;ethereum;ethereum;tether;tether;xrp;xrp;bnb;bnb;solana;solana
2025-04-09,-0.018438612408553188,bitcoin;bitcoin;ethereum;ethereum;tether;tether;xrp;xrp;bnb;bnb;usd-coin;usd-coin
2025-04-10,0.02031937611650966,bitcoin;bitcoin;ethereum;ethereum;tether;tether;xrp;xrp;bnb;bnb;solana;solana
2025-04-11,0.013554416736009175,bitcoin;bitcoin;ethereum;ethereum;tether;tether;xrp;xrp;bnb;bnb;solana;solana
2025-04-12,-0.009475032804904367,bitcoin;bitcoin;ethereum;ethereum;tether;tether;xrp;xrp;bnb;bnb;solana;solana
2025-04-13,0.004599836239133537,bitcoin;bitcoin;ethereum;ethereum;tether;tether;xrp;xrp;bnb;bnb;solana;solana
2025-04-14,-0.0056733354712504005,bitcoin;bitcoin;ethereum;ethereum;tether;tether;xrp;xrp;bnb;bnb;solana;solana
2025-04-15,0.0019487281413651766,bitcoin;bitcoin;ethereum;ethereum;tether;tether;xrp;xrp;bnb;bnb;solana;solana
2025-04-16,0.004248796718252746,bitcoin;bitcoin;ethereum;ethereum;tether;tether;xrp;xrp;bnb;bnb;solana;solana
2025-04-17,-0.0018222508375219698,bitcoin;bitcoin;ethereum;ethereum;tether;tether;xrp;xrp;bnb;bnb;solana;solana
2025-04-18,0.004237149654968015,bitcoin;bitcoin;ethereum;ethereum;tether;tether;xrp;xrp;bnb;bnb;solana;solana
2025-04-19,-4.952182033696441e-4,bitcoin;bitcoin;ethereum;ethereum;tether;tether;xrp;xrp;bnb;bnb;solana;solana
2025-04-20,0.00996537542060274,bitcoin;bitcoin;ethereum;ethereum;tether;tether;xrp;xrp;bnb;bnb;solana;solana
2025-04-21,0.03223155460052419,bitcoin;bitcoin;ethereum;ethereum;tether;tether;xrp;xrp;bnb;bnb;solana;solana
2025-04-22,0.001869003564056657,bitcoin;bitcoin;ethereum;ethereum;tether;tether;xrp;xrp;bnb;bnb;solana;solana
2025-04-23,1.9659611498295548e-4,bitcoin;bitcoin;ethereum;ethereum;tether;tether;xrp;xrp;bnb;bnb;solana;solana
2025-04-24,0.003038620322765946,bitcoin;bitcoin;ethereum;ethereum;tether;tether;xrp;xrp;bnb;bnb;solana;solana
2025-04-25,7.134434914970145e-4,bitcoin;bitcoin;ethereum;ethereum;tether;tether;xrp;xrp;bnb;bnb;solana;solana
2025-04-26,-0.003667758115174814,bitcoin;bitcoin;ethereum;ethereum;tether;tether;xrp;xrp;bnb;bnb;solana;solana
2025-04-27,0.005424809114803729,bitcoin;bitcoin;ethereum;ethereum;tether;tether;xrp;xrp;bnb;bnb;solana;solana
2025-04-28,-0.0036148777464937686,bitcoin;bitcoin;ethereum;ethereum;tether;tether;xrp;xrp;bnb;bnb;solana;solana
2025-04-29,-9.136404027994054e-4,bitcoin;bitcoin;ethereum;ethereum;tether;tether;xrp;xrp;bnb;bnb;solana;solana
2025-04-30,0.01057195943149467,bitcoin;bitcoin;ethereum;ethereum;tether;tether;xrp;xrp;bnb;bnb;solana;solana
2025-05-01,0.0013977106383561927,bitcoin;bitcoin;ethereum;ethereum;tether;tether;xrp;xrp;bnb;bnb;solana;solana
2025-05-02,-0.004554403569068354,bitcoin;bitcoin;ethereum;ethereum;tether;tether;xrp;xrp;bnb;bnb;solana;solana
2025-05-03,-0.0077595719489839165,bitcoin;bitcoin;ethereum;ethereum;tether;tether;xrp;xrp;bnb;bnb;solana;solana
2025-05-04,0.002309792745249715,bitcoin;bitcoin;ethereum;ethereum;tether;tether;xrp;xrp;bnb;bnb;solana;solana
2025-05-05,0.00825764910594885,bitcoin;bitcoin;ethereum;ethereum;tether;tether;xrp;xrp;bnb;bnb;solana;solana
2025-05-06,5.467240617334519e-4,bitcoin;bitcoin;ethereum;ethereum;tether;tether;xrp;xrp;bnb;bnb;solana;solana
2025-05-07,0.03684566820552465,bitcoin;bitcoin;ethereum;ethereum;tether;tether;xrp;xrp;bnb;bnb;solana;solana
2025-05-08,0.0041904473709785195,bitcoin;bitcoin;ethereum;ethereum;tether;tether;xrp;xrp;bnb;bnb;solana;solana
2025-05-09,0.01293538947426379,bitcoin;bitcoin;ethereum;ethereum;tether;tether;xrp;xrp;bnb;bnb;solana;solana
2025-05-10,-0.005365593916045089,bitcoin;bitcoin;ethereum;ethereum;tether;tether;xrp;xrp;bnb;bnb;solana;solana
2025-05-11,-0.0025389662154003886,bitcoin;bitcoin;ethereum;ethereum;tether;tether;xrp;xrp;bnb;bnb;solana;solana
2025-05-12,0.010147408770920291,bitcoin;bitcoin;ethereum;ethereum;xrp;xrp;tether;tether;solana;solana;bnb;bnb
2025-05-13,-0.004959405559630653,bitcoin;bitcoin;ethereum;ethereum;tether;tether;xrp;xrp;bnb;bnb;solana;solana
2025-05-14,-0.006107813738117524,bitcoin;ethereum;tether;xrp;bnb;solana
2025-05-15,-0.002768046714138648,bitcoin;ethereum;tether;xrp;bnb;solana
2025-05-16,-0.005810228625758086,bitcoin;ethereum;tether;xrp;bnb;solana
2025-05-17,0.027380820786530237,bitcoin;ethereum;tether;xrp;bnb;solana
2025-05-18,-0.0069090732140151215,bitcoin;ethereum;tether;xrp;bnb;solana
2025-05-19,0.00778628967758537,bitcoin;ethereum;tether;xrp;bnb;solana
2025-05-20,0.023630158747886612,bitcoin;ethereum;tether;xrp;bnb;solana
2025-05-21,0.02000939484516788,bitcoin;ethereum;tether;xrp;bnb;solana
2025-05-22,-0.04003744469175991,bitcoin;ethereum;tether;xrp;bnb;solana
2025-05-23,0.005383375606469081,bitcoin;ethereum;tether;xrp;bnb;solana
2025-05-24,0.009516724254857285,bitcoin;ethereum;tether;xrp;bnb;solana
2025-05-25,0.00266527148584472,bitcoin;ethereum;tether;xrp;bnb;solana
2025-05-26,0.00223285208585354,bitcoin;ethereum;tether;xrp;bnb;solana
2025-05-27,-0.008911718399444246,bitcoin;ethereum;tether;xrp;bnb;solana
2025-05-28,-0.019009518919128856,bitcoin;ethereum;tether;xrp;bnb;solana
2025-05-29,-0.020718330153990595,bitcoin;ethereum;tether;xrp;bnb;solana
2025-05-30,0.0054490220641152795,bitcoin;ethereum;tether;xrp;bnb;solana
2025-05-31,0.007790605939592396,bitcoin;ethereum;tether;xrp;bnb;solana
2025-06-01,0.005121946922747757,bitcoin;ethereum;tether;xrp;bnb;solana
2025-06-02,-0.003206501982184814,bitcoin;ethereum;tether;xrp;bnb;solana
2025-06-03,-0.005384328077304276,bitcoin;ethereum;tether;xrp;bnb;solana
2025-06-04,-0.03584473953494054,bitcoin;ethereum;tether;xrp;bnb;solana
2025-06-05,0.02520201026741477,bitcoin;ethereum;tether;xrp;bnb;solana
2025-06-06,0.011797607212431224,bitcoin;ethereum;tether;xrp;bnb;solana
2025-06-07,0.0028611228989495613,bitcoin;ethereum;tether;xrp;bnb;solana
2025-06-08,0.041040939057199306,bitcoin;ethereum;tether;xrp;bnb;solana
2025-06-09,0.005933909195470217,bitcoin;ethereum;tether;xrp;bnb;solana
2025-06-10,-0.01373162176828741,bitcoin;ethereum;tether;xrp;bnb;solana
2025-06-11,-0.027294860752542567,bitcoin;ethereum;tether;xrp;bnb;solana
2025-06-12,-0.003606023300715098,bitcoin;ethereum;tether;xrp;bnb;solana
2025-06-13,-0.0075424790286454805,bitcoin;ethereum;tether;xrp;bnb;solana
2025-06-14,0.0032733232120496663,bitcoin;ethereum;tether;xrp;bnb;solana
2025-06-15,0.009705226051865617,bitcoin;ethereum;tether;xrp;bnb;solana
2025-06-16,-0.01880978006198849,bitcoin;ethereum;tether;xrp;bnb
2025-06-17,0.0026274009263269706,bitcoin;ethereum;tether;xrp;bnb
2025-06-18,-0.0016352791229232652,bitcoin;ethereum;tether;xrp;bnb
2025-06-19,-0.016093399587732687,bitcoin;ethereum;tether;xrp;bnb
2025-06-20,-0.01453009711276105,bitcoin;ethereum;tether;xrp;bnb
2025-06-21,-0.014393724668972452,bitcoin;ethereum;tether;xrp;bnb
2025-06-22,0.047303049954586784,bitcoin;ethereum;tether;xrp;bnb
2025-06-23,0.005080310735051317,bitcoin;ethereum;tether;xrp;bnb
2025-06-24,0.008140420375951533,bitcoin;ethereum;tether;xrp;bnb
2025-06-25,-0.004814862436035204,bitcoin;ethereum;tether;xrp;bnb
2025-06-26,0.0022250073259021,bitcoin;ethereum;tether;xrp;bnb
2025-06-27,0.0033169194670925493,bitcoin;ethereum;tether;xrp;bnb
2025-06-28,0.010956434021503392,bitcoin;ethereum;tether;xrp;bnb
2025-06-29,-0.008639545632430672,bitcoin;ethereum;tether;xrp;bnb
2025-06-30,-0.015646166935497696,bitcoin;ethereum;tether;xrp;bnb
2025-07-01,0.0315321874269166,bitcoin;ethereum;tether;xrp;bnb
2025-07-02,0.006945737211212913,bitcoin;ethereum;tether;xrp;bnb
2025-07-03,-0.015933160604689318,bitcoin;ethereum;tether;xrp;bnb
2025-07-04,0.0018164075413324248,bitcoin;ethereum;tether;xrp;bnb
2025-07-05,0.010731510995386209,bitcoin;ethereum;tether;xrp;bnb
2025-07-06,-0.0077563561319316425,bitcoin;ethereum;tether;xrp;bnb
2025-07-07,0.008378597128603435,bitcoin;ethereum;tether;xrp;bnb
2025-07-08,0.025134634837368712,bitcoin;ethereum;tether;xrp;bnb
2025-07-09,0.04183727948974807,bitcoin;ethereum;tether;xrp;bnb
2025-07-10,0.013847795642807902,bitcoin;ethereum;xrp;tether;bnb
2025-07-11,-0.0012119225584298996,bitcoin;ethereum;xrp;tether;bnb
2025-07-12,0.01402406007258792,bitcoin;ethereum;xrp;tether;bnb
2025-07-13,0.008254091596983591,bitcoin;ethereum;xrp;tether;bnb
2025-07-14,-0.00815626259528735,bitcoin;ethereum;xrp;tether;bnb;solana
2025-07-15,0.019261244802601774,bitcoin;ethereum;xrp;tether;bnb;solana
2025-07-16,0.016593321710963612,bitcoin;ethereum;xrp;tether;bnb;solana
2025-07-17,-0.00570684498836482,bitcoin;ethereum;xrp;tether;bnb;solana
2025-07-18,0.001584208212734967,bitcoin;ethereum;xrp;tether;bnb;solana
2025-07-19,0.004526279421707419,bitcoin;ethereum;xrp;tether;bnb;solana
2025-07-20,0.005440709288185678,bitcoin;ethereum;xrp;tether;bnb;solana
2025-07-21,0.01675843659662794,bitcoin;ethereum;xrp;tether;solana;bnb
2025-07-22,-0.020499270851875577,bitcoin;ethereum;xrp;tether;bnb;solana
2025-07-23,-0.001465950229652756,bitcoin;ethereum;xrp;tether;bnb;solana
2025-07-24,-0.0024210626485403884,bitcoin;ethereum;xrp;tether;bnb;solana
2025-07-25,0.002843073439269095,bitcoin;ethereum;xrp;tether;bnb;solana
2025-07-26,0.017593724200655796,bitcoin;ethereum;xrp;tether;bnb;solana
2025-07-27,-0.016087340965533273,bitcoin;ethereum;xrp;tether;bnb;solana
2025-07-28,-4.810650194806543e-4,bitcoin;ethereum;xrp;tether;bnb;solana
2025-07-29,-0.0015895852801453105,bitcoin;ethereum;xrp;tether;bnb;solana
2025-07-30,-0.01898147627609534,bitcoin;ethereum;xrp;tether;bnb;solana
2025-07-31,-0.026390106012078387,bitcoin;ethereum;xrp;tether;bnb;solana
2025-08-01,-0.013773495314665554,bitcoin;ethereum;xrp;tether;bnb;solana
2025-08-02,0.019215715636108098,bitcoin;ethereum;xrp;tether;bnb;solana
2025-08-03,0.01786579434270735,bitcoin;ethereum;xrp;tether;bnb;solana
2025-08-04,-0.013058886977156247,bitcoin;ethereum;xrp;tether;bnb;solana
2025-08-05,0.009946469792471572,bitcoin;ethereum;xrp;tether;bnb;solana
2025-08-06,0.03119443520401139,bitcoin;ethereum;xrp;tether;bnb;solana
2025-08-07,-0.0014248582188312248,bitcoin;ethereum;xrp;tether;bnb;solana
2025-08-08,0.00795549267086931,bitcoin;ethereum;xrp;tether;bnb;solana
2025-08-09,0.016062982235264752,bitcoin;ethereum;xrp;tether;bnb;solana
2025-08-10,-0.006382427077030784,bitcoin;ethereum;xrp;tether;bnb;solana
2025-08-11,0.027181533083316275,bitcoin;ethereum;xrp;tether;bnb;solana
2025-08-12,0.025673554985623837,bitcoin;ethereum;xrp;tether;bnb;solana
2025-08-13,-0.03998143169958581,bitcoin;ethereum;xrp;tether;bnb;solana
2025-08-14,-0.010986160908157535,bitcoin;ethereum;xrp;tether;bnb;solana
2025-08-15,0.001696663673264022,bitcoin;ethereum;xrp;tether;bnb;solana
2025-08-16,0.002021197381329383,bitcoin;ethereum;xrp;tether;bnb;solana
2025-08-17,-0.014709138995551907,bitcoin;ethereum;xrp;tether;bnb;solana
2025-08-18,-0.034740394827592516,bitcoin;ethereum;xrp;tether;bnb;solana
2025-08-19,0.023852544530569494,bitcoin;ethereum;xrp;tether;bnb;solana
2025-08-20,-0.019344847314747636,bitcoin;ethereum;xrp;tether;bnb;solana
2025-08-21,0.05811388128224078,bitcoin;ethereum;xrp;tether;bnb;solana
2025-08-22,-0.011249258079503981,bitcoin;ethereum;xrp;tether;bnb;solana
2025-08-23,-0.011141401905056397,bitcoin;ethereum;xrp;tether;bnb;solana
2025-08-24,-0.041599161886713074,bitcoin;ethereum;xrp;tether;bnb;solana
2025-08-25,0.023598955140863524,bitcoin;ethereum;xrp;tether;bnb;solana
2025-08-26,-0.006935083137952538,bitcoin;ethereum;xrp;tether;bnb;solana
2025-08-27,0.010690929044645836,bitcoin;ethereum;xrp;tether;bnb;solana
2025-08-28,-0.0347650637376082,bitcoin;ethereum;xrp;tether;bnb;solana
2025-08-29,0.0024506453085182977,bitcoin;ethereum;xrp;tether;bnb;solana
2025-08-30,-0.004187118001681729,bitcoin;ethereum;tether;xrp;bnb;solana
2025-08-31,0.0019102796899291583,bitcoin;ethereum;tether;xrp;bnb;solana
2025-09-01,0.01656532153173325,bitcoin;ethereum;xrp;tether;bnb;solana
2025-09-02,0.007802018698738038,bitcoin;ethereum;xrp;tether;bnb;solana
2025-09-03,-0.014204285343629499,bitcoin;ethereum;tether;xrp;bnb;solana
2025-09-04,6.336809600213986e-4,bitcoin;ethereum;tether;xrp;bnb;solana
2025-09-05,-0.0039011478302530553,bitcoin;ethereum;tether;xrp;bnb;solana
2025-09-06,0.009902673225219939,bitcoin;ethereum;xrp;tether;bnb;solana
2025-09-07,0.008352686412991707,bitcoin;ethereum;xrp;tether;bnb;solana
2025-09-08,-0.0030365222126828967,bitcoin;ethereum;xrp;tether;bnb;solana
2025-09-09,0.018128460065904572,bitcoin;ethereum;xrp;tether;bnb;solana
2025-09-10,0.015218754841487131,bitcoin;ethereum;xrp;tether;bnb;solana
2025-09-11,0.016622361425605667,bitcoin;ethereum;xrp;tether;solana;bnb
2025-09-12,-0.0018579473398361564,bitcoin;ethereum;xrp;tether;solana;bnb
2025-09-13,-0.007221474482439857,bitcoin;ethereum;xrp;tether;solana;bnb
2025-09-14,-0.004528159677501043,bitcoin;ethereum;xrp;tether;bnb;solana
2025-09-15,0.009822950627422037,bitcoin;ethereum;xrp;tether;bnb;solana
2025-09-16,0.004417730178661476,bitcoin;ethereum;xrp;tether;bnb;solana
2025-09-17,0.003639434828873367,bitcoin;ethereum;xrp;tether;bnb;solana
2025-09-18,-0.015103327137131422,bitcoin;ethereum;xrp;tether;bnb;solana
2025-09-19,0.0029323734920147725,bitcoin;ethereum;xrp;tether;bnb;solana
2025-09-20,-0.003787537685410801,bitcoin;ethereum;xrp;tether;bnb;solana
2025-09-21,-0.030540205550979888,bitcoin;ethereum;tether;xrp;bnb;solana
2025-09-22,-0.006278186727218348,bitcoin;ethereum;tether;xrp;bnb;solana
2025-09-23,0.008968314064307932,bitcoin;ethereum;xrp;tether;bnb;solana
2025-09-24,-0.04586728422512049,bitcoin;ethereum;tether;xrp;bnb;solana
2025-09-25,0.014102921397513629,bitcoin;ethereum;tether;xrp;bnb;solana
2025-09-26,-3.791332966224343e-4,bitcoin;ethereum;tether;xrp;bnb;solana
2025-09-27,0.022555099897712556,bitcoin;ethereum;tether;xrp;bnb;solana
2025-09-28,0.01845771781228765,bitcoin;ethereum;tether;xrp;bnb;solana
2025-09-29,-0.006816008460814238,bitcoin;ethereum;tether;xrp;bnb;solana
2025-09-30,0.0384151553854609,bitcoin;ethereum;xrp;tether;bnb;solana
2025-10-01,0.022286803986460203,bitcoin;ethereum;xrp;tether;bnb;solana
2025-10-02,0.013361138904779475,bitcoin;ethereum;xrp;tether;bnb;solana
2025-10-03,-0.0033879469297587784,bitcoin;ethereum;xrp;tether;bnb;solana
2025-10-04,0.007518626699489804,bitcoin;ethereum;xrp;tether;bnb;solana
2025-10-05,0.01555928287935088,bitcoin;ethereum;xrp;tether;bnb;solana
2025-10-06,-0.026184570816762006,bitcoin;ethereum;bnb;tether;xrp;solana
2025-10-07,0.014554965945256446,bitcoin;ethereum;bnb;tether;xrp;solana
2025-10-08,-0.01868322437315724,bitcoin;ethereum;tether;bnb;xrp;solana
2025-10-09,-0.08572833525970779,bitcoin;ethereum;tether;bnb;xrp;solana
2025-10-10,-0.0179980956664342,bitcoin;ethereum;tether;bnb;xrp;solana
2025-10-11,0.05450164283251315,bitcoin;ethereum;bnb;tether;xrp;solana
2025-10-12,0.006091816722965418,bitcoin;ethereum;bnb;tether;xrp;solana
2025-10-13,-0.022919379230615454,bitcoin;ethereum;tether;bnb;xrp;solana
2025-10-14,-0.024068168679637462,bitcoin;ethereum;tether;bnb;xrp;solana
2025-10-15,-0.023230312266001148,bitcoin;ethereum;tether;bnb;xrp;solana
2025-10-16,-0.0173963426179802,bitcoin;ethereum;tether;bnb;xrp;solana
2025-10-17,0.009974464571166998,bitcoin;ethereum;tether;bnb;xrp;solana
2025-10-18,0.013965387412061436,bitcoin;ethereum;tether;bnb;xrp;solana
2025-10-19,0.0135502482589493,bitcoin;ethereum;tether;bnb;xrp;solana
2025-10-20,-0.020681645953634777,bitcoin;ethereum;tether;bnb;xrp;solana
2025-10-21,-0.008941884197577398,bitcoin;ethereum;tether;bnb;xrp;solana
2025-10-22,0.02156538147057673,bitcoin;ethereum;tether;bnb;xrp;solana
2025-10-23,0.010478140663534145,bitcoin;ethereum;tether;bnb;xrp;solana
2025-10-24,0.006405251038002375,bitcoin;ethereum;tether;xrp;bnb;solana
2025-10-25,0.027004427667022206,bitcoin;ethereum;tether;xrp;bnb;solana
2025-10-26,-0.003736344096726942,bitcoin;ethereum;tether;xrp;bnb;solana
2025-10-27,-0.014522800251207226,bitcoin;ethereum;tether;xrp;bnb;solana
2025-10-28,-0.021217974810780523,bitcoin;ethereum;tether;xrp;bnb;solana
2025-10-29,-0.01943857880800594,bitcoin;ethereum;tether;bnb;xrp;solana
2025-10-30,0.011519023689261476,bitcoin;ethereum;tether;xrp;bnb;solana
2025-10-31,0.004173509986087309,bitcoin;ethereum;tether;bnb;xrp;solana
2025-11-01,0.00517029959676024,bitcoin;ethereum;tether;xrp;bnb;solana
2025-11-02,-0.04657288162574723,bitcoin;ethereum;tether;xrp;bnb
2025-11-03,-0.051123984587261515,bitcoin;ethereum;tether;xrp;bnb;solana
2025-11-04,0.02578371300557929,bitcoin;ethereum;tether;xrp;bnb;solana
2025-11-05,-0.02635654407441928,bitcoin;ethereum;tether;xrp;bnb;solana
2025-11-06,0.02406528343680384,bitcoin;ethereum;tether;xrp;bnb;solana
2025-11-07,-0.009884422909649646,bitcoin;ethereum;tether;xrp;bnb;solana
2025-11-08,0.02645938891044592,bitcoin;ethereum;tether;xrp;bnb;solana
2025-11-09,0.011157756743604785,bitcoin;ethereum;tether;xrp;bnb;solana
2025-11-10,-0.031974738005157835,bitcoin;ethereum;tether;xrp;bnb;solana
2025-11-11,-0.009519020999476631,bitcoin;ethereum;tether;xrp;bnb;solana
2025-11-12,-0.024459915016782185,bitcoin;ethereum;tether;xrp;bnb;solana
2025-11-13,-0.0462441342633709,bitcoin;ethereum;tether;xrp;bnb;solana
2025-11-14,0.01178451399865568,bitcoin;ethereum;tether;xrp;bnb;solana
2025-11-15,-0.014088053989392368,bitcoin;ethereum;tether;xrp;bnb;solana
2025-11-16,-0.020389500610112056,bitcoin;ethereum;tether;xrp;bnb;usd-coin
2025-11-17,0.015223744124204377,bitcoin;ethereum;tether;xrp;bnb;solana
2025-11-18,-0.0203057582625793,bitcoin;ethereum;tether;xrp;bnb;solana
2025-11-19,-0.04992042398978405,bitcoin;ethereum;tether;xrp;bnb;solana
2025-11-20,-0.018323981213597747,bitcoin;ethereum;tether;xrp;bnb;usd-coin
2025-11-21,-0.003245366517287754,bitcoin;ethereum;tether;xrp;bnb;usd-coin
2025-11-22,0.021448970465028198,bitcoin;ethereum;tether;xrp;bnb;usd-coin
2025-11-23,0.02539104978819909,bitcoin;ethereum;tether;xrp;bnb;solana
2025-11-24,-0.007457263957117615,bitcoin;ethereum;tether;xrp;bnb;solana
2025-11-25,0.030149142546668166,bitcoin;ethereum;tether;xrp;bnb;solana
2025-11-26,0.004314396007728957,bitcoin;ethereum;tether;xrp;bnb;solana
2025-11-27,-0.0034493098587015775,bitcoin;ethereum;tether;xrp;bnb;solana
2025-11-28,-0.002502933811905521,bitcoin;ethereum;tether;xrp;bnb;usd-coin
2025-11-29,-0.004133112089263936,bitcoin;ethereum;tether;xrp;bnb;usd-coin
2025-11-30,-0.04539849968805479,bitcoin;ethereum;tether;xrp;bnb;usd-coin
2025-12-01,0.05291688688328068,bitcoin;ethereum;tether;xrp;bnb;usd-coin
2025-12-02,0.029098497686492992,bitcoin;ethereum;tether;xrp;bnb;solana
2025-12-03,-0.015917424872893233,bitcoin;ethereum;tether;xrp;bnb;usd-coin
2025-12-04,-0.027415459298744324,bitcoin;ethereum;tether;xrp;bnb;usd-coin
2025-12-05,7.824954025171434e-5,bitcoin;ethereum;tether;bnb;xrp;usd-coin
2025-12-06,0.009854412082355376,bitcoin;ethereum;tether;xrp;bnb;usd-coin
2025-12-07,0.005468120594422904,bitcoin;ethereum;tether;xrp;bnb;usd-coin
2025-12-08,0.024604891657437424,bitcoin;ethereum;tether;xrp;bnb;usd-coin
2025-12-09,-0.006271254246376861,bitcoin;ethereum;tether;xrp;bnb;usd-coin
2025-12-10,-8.484735376405368e-4,bitcoin;ethereum;tether;xrp;bnb;usd-coin
2025-12-11,-0.02401695756763829,bitcoin;ethereum;tether;bnb;xrp;usd-coin
2025-12-12,0.002831484700460141,bitcoin;ethereum;tether;bnb;xrp;usd-coin
2025-12-13,-0.02047805586391929,bitcoin;ethereum;tether;bnb;xrp;usd-coin
2025-12-14,-0.02077218656404092,bitcoin;ethereum;tether;bnb;xrp;usd-coin
2025-12-15,0.012570297115735722,bitcoin;ethereum;tether;bnb;xrp;usd-coin
2025-12-16,-0.02258528439211508,bitcoin;ethereum;tether;bnb;xrp;usd-coin
2025-12-17,-0.007565679513399039,bitcoin;ethereum;tether;bnb;xrp;usd-coin
2025-12-18,0.03140821586313421,bitcoin;ethereum;tether;bnb;xrp;usd-coin
2025-12-19,0.0022883011214882795,bitcoin;ethereum;tether;bnb;xrp;usd-coin
2025-12-20,0.0032102660814640575,bitcoin;ethereum;tether;bnb;xrp;usd-coin
2025-12-21,-0.0012632848676805664,bitcoin;ethereum;tether;bnb;xrp;usd-coin
2025-12-22,-0.011622701807015441,bitcoin;ethereum;tether;bnb;xrp;usd-coin
2025-12-23,5.475281942177183e-4,bitcoin;ethereum;tether;bnb;xrp;usd-coin
2025-12-24,-0.006429471667104934,bitcoin;ethereum;tether;bnb;xrp;usd-coin
2025-12-25,0.0020503530493995686,bitcoin;ethereum;tether;bnb;xrp;usd-coin
2025-12-26,0.00615239925187147,bitcoin;ethereum;tether;bnb;xrp;usd-coin
2025-12-27,8.49726699786787e-4,bitcoin;ethereum;tether;bnb;xrp;usd-coin
2025-12-28,-0.00685033152628058,bitcoin;ethereum;tether;bnb;xrp;usd-coin
2025-12-29,0.012780860012803876,bitcoin;ethereum;tether;bnb;xrp;usd-coin
2025-12-30,-0.007956545421826326,bitcoin;ethereum;tether;bnb;xrp;usd-coin
2025-12-31,0.011794994024089754,bitcoin;ethereum;tether;bnb;xrp;usd-coin
2026-01-01,0.018792586574639242,bitcoin;ethereum;tether;xrp;bnb;usd-coin
2026-01-02,0.005114352530749062,bitcoin;ethereum;tether;xrp;bnb;usd-coin
2026-01-03,0.009085765389038311,bitcoin;ethereum;tether;xrp;bnb;usd-coin
2026-01-04,0.02922695992518251,bitcoin;ethereum;tether;xrp;bnb;solana
2026-01-05,0.0019849772898763067,bitcoin;ethereum;tether;xrp;bnb;solana
2026-01-06,-0.028048640868451345,bitcoin;ethereum;tether;xrp;bnb;solana
2026-01-07,-0.005781492185513976,bitcoin;ethereum;tether;xrp;bnb;solana
2026-01-08,-0.005802298175388322,bitcoin;ethereum;tether;xrp;bnb;solana
2026-01-09,-5.108613037003776e-4,bitcoin;ethereum;tether;xrp;bnb;solana
2026-01-10,0.005137256337662905,bitcoin;ethereum;tether;xrp;bnb;solana
2026-01-11,0.0012037621342508855,bitcoin;ethereum;tether;bnb;xrp;solana
2026-01-12,0.0454462299456854,bitcoin;ethereum;tether;xrp;bnb;solana
2026-01-13,0.012781928173612827,bitcoin;ethereum;tether;bnb;xrp;solana
2026-01-14,-0.014318045368785268,bitcoin;ethereum;tether;bnb;xrp;solana
2026-01-15,-4.931124461039324e-4,bitcoin;ethereum;tether;bnb;xrp;solana
2026-01-16,-0.002316191496661182,bitcoin;ethereum;tether;bnb;xrp;solana
2026-01-17,-0.014988775740031405,bitcoin;ethereum;tether;bnb;xrp;solana
2026-01-18,-0.012582930657156864,bitcoin;ethereum;tether;bnb;xrp;usd-coin
2026-01-19,-0.04694160804679403,bitcoin;ethereum;tether;bnb;xrp;usd-coin
2026-01-20,0.01131611792133441,bitcoin;ethereum;tether;bnb;xrp;usd-coin
2026-01-21,-0.0010100603938622869,bitcoin;ethereum;tether;bnb;xrp;usd-coin
2026-01-22,6.046431345805007e-4,bitcoin;ethereum;tether;bnb;xrp;usd-coin
2026-01-23,-0.003581685852276844,bitcoin;ethereum;tether;bnb;xrp;usd-coin
2026-01-24,-0.02862446933838809,bitcoin;ethereum;tether;bnb;xrp;usd-coin
2026-01-25,0.020704948023210705,bitcoin;ethereum;tether;bnb;xrp;usd-coin
2026-01-26,0.01263351667134008,bitcoin;ethereum;tether;bnb;xrp;solana
2026-01-27,8.960453314049102e-6,bitcoin;ethereum;tether;bnb;xrp;usd-coin
2026-01-28,-0.04883473961793269,bitcoin;ethereum;tether;bnb;xrp;usd-coin
2026-01-29,-0.011249918958193557,bitcoin;ethereum;tether;bnb;xrp;usd-coin
2026-01-30,-0.0648439687981868,bitcoin;ethereum;tether;bnb;xrp;usd-coin
2026-01-31,-0.0261484383362667,bitcoin;ethereum;tether;bnb;xrp;usd-coin
2026-02-01,0.02073758738773485,bitcoin;ethereum;tether;bnb;xrp;usd-coin
2026-02-02,-0.03547568946976071,bitcoin;ethereum;tether;bnb;xrp;usd-coin
2026-02-03,-0.033551416525307,bitcoin;ethereum;tether;bnb;xrp;usd-coin
2026-02-04,-0.13489811726851336,bitcoin;ethereum;tether;bnb;xrp;usd-coin
2026-02-05,0.1059372547089504,bitcoin;ethereum;tether;bnb;xrp;usd-coin
2026-02-06,-0.012609016219644028,bitcoin;ethereum;tether;bnb;xrp;usd-coin
2026-02-07,0.009154303531746406,bitcoin;ethereum;tether;bnb;xrp;usd-coin
2026-02-08,-6.774375275054481e-4,bitcoin;ethereum;tether;xrp;bnb;usd-coin
2026-02-09,-0.019845241733528106,bitcoin;ethereum;tether;xrp;bnb;usd-coin
2026-02-10,-0.02429042893367771,bitcoin;ethereum;tether;xrp;bnb;usd-coin
2026-02-11,-0.007079139254372259,bitcoin;ethereum;tether;bnb;xrp;usd-coin
2026-02-12,0.034084279983136866,bitcoin;ethereum;tether;xrp;bnb;usd-coin
2026-02-13,0.015049234928941271,bitcoin;ethereum;tether;xrp;bnb;usd-coin
2026-02-14,-0.01865188801810866,bitcoin;ethereum;tether;xrp;bnb;usd-coin
2026-02-15,0.003572582050720401,bitcoin;ethereum;tether;xrp;bnb;usd-coin
2026-02-16,-0.014532816359038725,bitcoin;ethereum;tether;xrp;bnb;usd-coin
2026-02-17,-0.015428136826820425,bitcoin;ethereum;tether;xrp;bnb;usd-coin
2026-02-18,0.0047393977292380434,bitcoin;ethereum;tether;xrp;bnb;usd-coin
2026-02-19,0.013620388733053532,bitcoin;ethereum;tether;xrp;bnb;usd-coin
2026-02-20,3.564115006942942e-4,bitcoin;ethereum;tether;xrp;bnb;usd-coin
2026-02-21,-0.0063072317013401396,bitcoin;ethereum;tether;xrp;bnb;usd-coin
2026-02-22,-0.039422525144899384,bitcoin;ethereum;tether;xrp;bnb;usd-coin
2026-02-23,-0.006573353418207146,bitcoin;ethereum;tether;xrp;bnb;usd-coin
2026-02-24,0.057466813049175836,bitcoin;ethereum;tether;xrp;bnb;usd-coin
2026-02-25,-0.007804433481249489,bitcoin;ethereum;tether;xrp;bnb;usd-coin
2026-02-26,-0.02367834518623292,bitcoin;ethereum;tether;bnb;xrp;usd-coin
2026-02-27,0.014184486966449496,bitcoin;ethereum;tether;bnb;xrp;usd-coin
2026-02-28,-0.014905273670552437,bitcoin;ethereum;tether;bnb;xrp;usd-coin
2026-03-01,0.03803802103271148,bitcoin;ethereum;tether;bnb;xrp;usd-coin
2026-03-02,-0.008440577699727515,bitcoin;ethereum;tether;bnb;xrp;usd-coin
2026-03-03,0.05434768563680787,bitcoin;ethereum;tether;bnb;xrp;usd-coin
2026-03-04,-0.022131505412248693,bitcoin;ethereum;tether;bnb;xrp;usd-coin
2026-03-05,-0.03400479780441175,bitcoin;ethereum;tether;bnb;xrp;usd-coin
2026-03-06,-0.00979383622318732,bitcoin;ethereum;tether;bnb;xrp;usd-coin
2026-03-07,-0.016024102607854942,bitcoin;ethereum;tether;bnb;xrp;usd-coin
2026-03-08,0.029818341713945415,bitcoin;ethereum;tether;bnb;xrp;usd-coin
2026-03-09,0.018636361846966296,bitcoin;ethereum;tether;bnb;xrp;usd-coin
2026-03-10,0.004104747678678536,bitcoin;ethereum;tether;bnb;xrp;usd-coin
2026-03-11,0.004019399792607398,bitcoin;ethereum;tether;bnb;xrp;usd-coin
2026-03-12,0.006299483375673556,bitcoin;ethereum;tether;bnb;xrp;usd-coin
2026-03-13,0.0029526712714402167,bitcoin;ethereum;tether;bnb;xrp;usd-coin
2026-03-14,0.021473220979071745,bitcoin;ethereum;tether;bnb;xrp;usd-coin
2026-03-15,0.03164481785119369,bitcoin;ethereum;tether;xrp;bnb;usd-coin
2026-03-16,-0.011583678261508877,bitcoin;ethereum;tether;xrp;bnb;usd-coin
2026-03-17,-0.0335649586287094,bitcoin;ethereum;tether;xrp;bnb;usd-coin
2026-03-18,-0.017645658685037164,bitcoin;ethereum;tether;xrp;bnb;usd-coin
2026-03-19,0.006938735032692164,aave-ethereum-weth;canton-network;aave-ethereum-usdt;usd1;rain;pi;aster;bfusd;falcon-finance;syrup-usdc;united-stables;kinetiq-staked-hype;midnight-network;siren-bsc;pump-fun;syrup-usdt;stable;usdai;river;wrapped-tezos;kite;jupiter-staked-sol;staked-aave;wrapped-hyperliquid;lighter;story-protocol;doublezero;gtbtc;humanity-protocol;treehouse-eth;buildon;universal-btc;vision-token;walrus-xyz;plasma-xpl;falcon-finance-ff;adi-token;gusd
