Date,PY_Crypto_Market_Index_Rebalanced,CoinsInIndex
2013-04-27,NA,NA
2013-04-28,NA,NA
2013-04-29,NA,NA
2013-04-30,NA,NA
2013-05-01,NA,NA
2013-05-02,NA,NA
2013-05-03,NA,NA
2013-05-04,NA,NA
2013-05-05,NA,NA
2013-05-06,NA,NA
2013-05-07,NA,NA
2013-05-08,NA,NA
2013-05-09,NA,NA
2013-05-10,NA,NA
2013-05-11,NA,NA
2013-05-12,NA,NA
2013-05-13,NA,NA
2013-05-14,NA,NA
2013-05-15,NA,NA
2013-05-16,NA,NA
2013-05-17,NA,NA
2013-05-18,NA,NA
2013-05-19,NA,NA
2013-05-20,NA,NA
2013-05-21,NA,NA
2013-05-22,NA,NA
2013-05-23,NA,NA
2013-05-24,NA,NA
2013-05-25,NA,NA
2013-05-26,NA,NA
2013-05-27,NA,NA
2013-05-28,NA,NA
2013-05-29,NA,NA
2013-05-30,NA,NA
2013-05-31,NA,NA
2013-06-01,NA,NA
2013-06-02,NA,NA
2013-06-03,NA,NA
2013-06-04,NA,NA
2013-06-05,NA,NA
2013-06-06,NA,NA
2013-06-07,NA,NA
2013-06-08,NA,NA
2013-06-09,NA,NA
2013-06-10,NA,NA
2013-06-11,NA,NA
2013-06-12,NA,NA
2013-06-13,NA,NA
2013-06-14,NA,NA
2013-06-15,NA,NA
2013-06-16,NA,NA
2013-06-17,NA,NA
2013-06-18,NA,NA
2013-06-19,NA,NA
2013-06-20,NA,NA
2013-06-21,NA,NA
2013-06-22,NA,NA
2013-06-23,NA,NA
2013-06-24,NA,NA
2013-06-25,NA,NA
2013-06-26,NA,NA
2013-06-27,NA,NA
2013-06-28,NA,NA
2013-06-29,NA,NA
2013-06-30,NA,NA
2013-07-01,0.023392612115510653,bitcoin
2013-07-02,-0.1506325392315829,bitcoin
2013-07-03,0.03791271992530835,bitcoin
2013-07-04,-0.16275172764714646,bitcoin
2013-07-05,0.02662288122487105,bitcoin
2013-07-06,0.05917005641810824,bitcoin
2013-07-07,0.025880981726963962,bitcoin
2013-07-08,0.0023236275041207868,bitcoin
2013-07-09,0.12332222894239818,bitcoin
2013-07-10,0.025265952523731455,bitcoin
2013-07-11,0.05056425349632963,bitcoin
2013-07-12,0.047356991725982,bitcoin
2013-07-13,-0.03571078734483522,bitcoin
2013-07-14,0.038420714477772844,bitcoin
2013-07-15,-0.009695220368704122,bitcoin
2013-07-16,0.010708933087147689,bitcoin
2013-07-17,-0.08382308983469616,bitcoin
2013-07-18,0.01740121979567475,bitcoin
2013-07-19,-0.03062475632368095,bitcoin
2013-07-20,0.015179003526863535,bitcoin
2013-07-21,0.009351517347941143,bitcoin
2013-07-22,0.042198205694228184,bitcoin
2013-07-23,-0.011032976774509828,bitcoin
2013-07-24,0.024973863034018644,bitcoin
2013-07-25,-0.009120921184014722,bitcoin
2013-07-26,-0.02003057797527519,bitcoin
2013-07-27,0.058199135812741616,bitcoin
2013-07-28,0.01437155539990397,bitcoin
2013-07-29,0.06493988376596871,bitcoin
2013-07-30,-0.017750854510832054,bitcoin
2013-07-31,-0.019896856811002114,bitcoin
2013-08-01,0.004805736339288163,bitcoin
2013-08-02,-0.004757686980215479,bitcoin
2013-08-03,0.010891863976834162,bitcoin
2013-08-04,0.010181614009159498,bitcoin
2013-08-05,0.004977225622294884,bitcoin
2013-08-06,0,bitcoin
2013-08-07,-0.0357606638790982,bitcoin
2013-08-08,-0.0019436055218009767,bitcoin
2013-08-09,0.0019436055218009978,bitcoin
2013-08-10,0.019231361927887592,bitcoin
2013-08-11,0.015460830513557056,bitcoin
2013-08-12,0.021926701558063356,bitcoin
2013-08-13,0.03215626727115091,bitcoin
2013-08-14,-0.02311471635303504,bitcoin
2013-08-15,-0.0090965680654762,bitcoin
2013-08-16,0.04050997183967418,bitcoin
2013-08-17,0,bitcoin
2013-08-18,0.047320656190071954,bitcoin
2013-08-19,0.018359848905631634,bitcoin
2013-08-20,0.017137092904150955,bitcoin
2013-08-21,-0.017590975063647485,bitcoin
2013-08-22,-0.022108065134923985,bitcoin
2013-08-23,0.012945262510931687,bitcoin
2013-08-24,0.01706381041475382,bitcoin
2013-08-25,-0.016972169087955426,bitcoin
2013-08-26,0.05228400960710429,bitcoin
2013-08-27,-0.031152143433751004,bitcoin
2013-08-28,-0.0018775023269123363,bitcoin
2013-08-29,0.08681394741137656,bitcoin
2013-08-30,0.013837451336221199,bitcoin
2013-08-31,0.021850335546192753,bitcoin
2013-09-01,-0.01816301590011666,bitcoin
2013-09-02,0.006749333331449582,bitcoin
2013-09-03,-0.07616298709164283,bitcoin
2013-09-04,-0.0024489293026017183,bitcoin
2013-09-05,-0.059305581386492896,bitcoin
2013-09-06,0.04110730789365544,bitcoin
2013-09-07,-0.02026022525129252,bitcoin
2013-09-08,0.04382255911505702,bitcoin
2013-09-09,-0.009485463010047834,bitcoin
2013-09-10,0.07155752262792145,bitcoin
2013-09-11,-0.015798786605833483,bitcoin
2013-09-12,0.013800456541665094,bitcoin
2013-09-13,-0.04361020008572314,bitcoin
2013-09-14,0.008860136644585521,bitcoin
2013-09-15,0.010301942554264044,bitcoin
2013-09-16,-4.5559692099257784e-4,bitcoin
2013-09-17,-0.0014441718610355044,bitcoin
2013-09-18,-0.013940233085593595,bitcoin
2013-09-19,-0.020336460202709936,bitcoin
2013-09-20,0.0030651919140108675,bitcoin
2013-09-21,0.013174970086424724,bitcoin
2013-09-22,-0.024857188137284075,bitcoin
2013-09-23,0.01026867686226332,bitcoin
2013-09-24,0.007593892648834636,bitcoin
2013-09-25,0.001247105838126133,bitcoin
2013-09-26,0.04120199664798664,bitcoin
2013-09-27,0.007447159895509421,bitcoin
2013-09-28,0.018815766066958586,bitcoin
2013-09-29,-0.032110448306293976,bitcoin
2013-09-30,-0.006184553590251959,bitcoin
2013-10-01,-0.14682644913153264,bitcoin
2013-10-02,0.07995508630257582,bitcoin
2013-10-03,0.042596666354854436,bitcoin
2013-10-04,-0.003571920705322374,bitcoin
2013-10-05,0.0034944469095950694,bitcoin
2013-10-06,-0.016097851250639863,bitcoin
2013-10-07,-0.007432646159554235,bitcoin
2013-10-08,0.03654621833831419,bitcoin
2013-10-09,-7.655091002058121e-4,bitcoin
2013-10-10,0.002371010099070477,bitcoin
2013-10-11,0.03224758814668488,bitcoin
2013-10-12,0.02151409162583456,bitcoin
2013-10-13,0.01715455174137393,bitcoin
2013-10-14,0.033037726565120745,bitcoin
2013-10-15,-0.01869474760036179,bitcoin
2013-10-16,0.02562464934465663,bitcoin
2013-10-17,0.06428212105128835,bitcoin
2013-10-18,0.10033374299852708,bitcoin
2013-10-19,0.012621568868045501,bitcoin
2013-10-20,0.04260498587900447,bitcoin
2013-10-21,0.061460346545413824,bitcoin
2013-10-22,0.09757846134989387,bitcoin
2013-10-23,-0.07477076165526564,bitcoin
2013-10-24,-0.05997845082234313,bitcoin
2013-10-25,-0.051493449144692754,bitcoin
2013-10-26,0.10240100241742892,bitcoin
2013-10-27,0.010683919348429924,bitcoin
2013-10-28,0.028988957519542995,bitcoin
2013-10-29,-0.0218625690659119,bitcoin
2013-10-30,0.019952632442889126,bitcoin
2013-10-31,0.010629544300692453,bitcoin
2013-11-01,1.9402786429499434e-4,bitcoin
2013-11-02,0.041927007411659535,bitcoin
2013-11-03,0.06328804267979073,bitcoin
2013-11-04,0.06807872919311501,bitcoin
2013-11-05,0.06801373673790927,bitcoin
2013-11-06,0.12149256136761258,bitcoin
2013-11-07,0.1316275996010049,bitcoin
2013-11-08,0.0029532523258870456,bitcoin
2013-11-09,-0.03752709462706834,bitcoin
2013-11-10,0.04729906630459449,bitcoin
2013-11-11,0.05092377396579188,bitcoin
2013-11-12,0.12270161042315701,bitcoin
2013-11-13,0.031008966068693827,bitcoin
2013-11-14,-0.005368980109344139,bitcoin
2013-11-15,0.05191276737488211,bitcoin
2013-11-16,0.11142763424500932,bitcoin
2013-11-17,0.35745091832215853,bitcoin
2013-11-18,-0.18520822410660953,bitcoin
2013-11-19,0.010583423710938993,bitcoin
2013-11-20,0.2010921624430345,bitcoin
2013-11-21,0.06563838202543824,bitcoin
2013-11-22,0.0336241159100759,bitcoin
2013-11-23,-0.029988198423623467,bitcoin
2013-11-24,0.03160377119624946,bitcoin
2013-11-25,0.14964086924632242,bitcoin
2013-11-26,0.07657392332213218,bitcoin
2013-11-27,0.02949206532102436,bitcoin
2013-11-28,0.09250928282478513,bitcoin
2013-11-29,-0.0022463235454210973,bitcoin
2013-11-30,-0.16686743578514682,bitcoin
2013-12-01,0.08757178641931758,bitcoin
2013-12-02,0.032949727319475736,bitcoin
2013-12-03,0.06541164847228582,bitcoin
2013-12-04,-0.09665672564344065,bitcoin
2013-12-05,-0.23111456274563125,bitcoin
2013-12-06,-0.1722143118488054,bitcoin
2013-12-07,0.13088731638223053,bitcoin
2013-12-08,0.11536347714713832,bitcoin
2013-12-09,0.1013994418406699,bitcoin
2013-12-10,-0.11800564971998864,bitcoin
2013-12-11,-0.005959772777835044,bitcoin
2013-12-12,0.021882818358926977,bitcoin
2013-12-13,-0.022638931926662605,bitcoin
2013-12-14,0.004025829571846445,bitcoin
2013-12-15,-0.21593036010902983,bitcoin
2013-12-16,-0.03436711388731347,bitcoin
2013-12-17,-0.26619787921382615,bitcoin
2013-12-18,0.28052047316045226,bitcoin
2013-12-19,-0.10126465181122174,bitcoin
2013-12-20,-0.03194480224990014,bitcoin
2013-12-21,0.01884197551782329,bitcoin
2013-12-22,0.08719361306192808,bitcoin
2013-12-23,-0.011695450096522118,bitcoin
2013-12-24,0.02467869388798309,bitcoin
2013-12-25,0.11058272244770721,bitcoin
2013-12-26,-0.03595454025370161,bitcoin
2013-12-27,-0.009898214812731319,bitcoin
2013-12-28,0.023383785912900877,bitcoin
2013-12-29,0.014762011688750706,bitcoin
2013-12-30,-0.002807682055054258,bitcoin
2013-12-31,0.02280143395217618,bitcoin
2014-01-01,0.03938771479065677,bitcoin
2014-01-02,0.020147317059133234,bitcoin
2014-01-03,0.04862036151536795,bitcoin
2014-01-04,0.08261066017832082,bitcoin
2014-01-05,0.020946005551224868,bitcoin
2014-01-06,-0.17281052865139565,bitcoin
2014-01-07,0.0495261131038736,bitcoin
2014-01-08,0.0049006534663833205,bitcoin
2014-01-09,0.025209160280731807,bitcoin
2014-01-10,0.0510313440014204,bitcoin
2014-01-11,-0.05710632938101591,bitcoin
2014-01-12,-0.025840090997950753,bitcoin
2014-01-13,-0.00947171560057968,bitcoin
2014-01-14,0.032620639283341885,bitcoin
2014-01-15,-0.02979244479590627,bitcoin
2014-01-16,-0.025439621381963307,bitcoin
2014-01-17,0.030655575992509846,bitcoin
2014-01-18,0.036194184963704135,bitcoin
2014-01-19,-8.729924866740204e-4,bitcoin
2014-01-20,-0.0072545186887176035,bitcoin
2014-01-21,-0.021433925302511522,bitcoin
2014-01-22,-0.028245611379918982,bitcoin
2014-01-23,-0.03084651546079391,bitcoin
2014-01-24,0.06853188436497981,bitcoin
2014-01-25,0.03642961439574368,bitcoin
2014-01-26,-0.13770991100654395,bitcoin
2014-01-27,0.05193413260288641,bitcoin
2014-01-28,0.016466539681464776,bitcoin
2014-01-29,-0.008474024531902205,bitcoin
2014-01-30,0.01320854102190876,bitcoin
2014-01-31,0.0032000438490918815,bitcoin
2014-02-01,-0.008697569132073459,bitcoin
2014-02-02,-0.0018675460387907001,bitcoin
2014-02-03,0.005000651888736579,bitcoin
2014-02-04,-0.019575407074559875,bitcoin
2014-02-05,-0.038110351780871146,bitcoin
2014-02-06,-0.09263952603679844,bitcoin
2014-02-07,-0.055528201538959994,bitcoin
2014-02-08,0.013237087570905866,bitcoin
2014-02-09,-0.0027420706565005814,bitcoin
2014-02-10,-0.013095141765438408,bitcoin
2014-02-11,-0.030896282414173987,bitcoin
2014-02-12,-0.07398991943326949,bitcoin
2014-02-13,0.08962537788256651,bitcoin
2014-02-14,-0.01686371479327556,bitcoin
2014-02-15,-0.05411754444203149,bitcoin
2014-02-16,0.015512443108037446,bitcoin
2014-02-17,5.267203516954424e-4,bitcoin
2014-02-18,-0.005713620810839191,bitcoin
2014-02-19,-0.11357463128922934,bitcoin
2014-02-20,0.03188796889306096,bitcoin
2014-02-21,0.053014347474916165,bitcoin
2014-02-22,6.605205108301287e-4,bitcoin
2014-02-23,-0.10337802627475204,bitcoin
2014-02-24,-0.014027464549724563,bitcoin
2014-02-25,0.07847788319249153,bitcoin
2014-02-26,-0.006750120917031735,bitcoin
2014-02-27,-0.05233326026103338,bitcoin
2014-02-28,0.02933283334315532,bitcoin
2014-03-01,-0.010343094719691866,bitcoin
2014-03-02,0.17636716801946975,bitcoin
2014-03-03,-0.0014686418034073393,bitcoin
2014-03-04,-0.0019065216713399656,bitcoin
2014-03-05,-0.002482416885294746,bitcoin
2014-03-06,-0.053701520963983354,bitcoin
2014-03-07,-0.018771627509018604,bitcoin
2014-03-08,0.031108780414354224,bitcoin
2014-03-09,-0.014501213106990606,bitcoin
2014-03-10,0.010016737222914365,bitcoin
2014-03-11,-0.003174847009672415,bitcoin
2014-03-12,0.009510147109345907,bitcoin
2014-03-13,-0.01474449626197582,bitcoin
2014-03-14,0.011573995409976216,bitcoin
2014-03-15,-0.007907066508291294,bitcoin
2014-03-16,-0.01394058189496734,bitcoin
2014-03-17,-0.012190557396110501,bitcoin
2014-03-18,-0.00807367675956436,bitcoin
2014-03-19,-0.03523968635015687,bitcoin
2014-03-20,-0.029788680021674157,bitcoin
2014-03-21,-0.011350481967355708,bitcoin
2014-03-22,-0.00669089842456666,bitcoin
2014-03-23,0.038688016750345076,bitcoin
2014-03-24,8.652315211512807e-4,bitcoin
2014-03-25,-0.005305840631277061,bitcoin
2014-03-26,-0.20908757010194964,bitcoin
2014-03-27,0.05053685742820472,bitcoin
2014-03-28,-0.009107916769448965,bitcoin
2014-03-29,-0.06497455200284427,bitcoin
2014-03-30,-0.007134219415154853,bitcoin
2014-03-31,0.04570934917772216,bitcoin
2014-04-01,-0.09014140031419476,bitcoin
2014-04-02,0.017186800895734433,bitcoin
2014-04-03,0.006294294440610877,bitcoin
2014-04-04,0.03162896136233487,bitcoin
2014-04-05,-0.003052931364851654,bitcoin
2014-04-06,-0.0243461217386924,bitcoin
2014-04-07,0.00811740267952805,bitcoin
2014-04-08,-0.02313312612526266,bitcoin
2014-04-09,-0.19256940847466417,bitcoin
2014-04-10,0.1421274984554929,bitcoin
2014-04-11,4.014102325392085e-4,bitcoin
2014-04-12,-0.016890215935090724,bitcoin
2014-04-13,0.10256791453658136,bitcoin
2014-04-14,0.11671809262776435,bitcoin
2014-04-15,0.022645715413851228,bitcoin
2014-04-16,-0.061448477672018866,bitcoin
2014-04-17,-0.033455128728665365,bitcoin
2014-04-18,0.044686991000390835,bitcoin
2014-04-19,-0.006795846974711165,bitcoin
2014-04-20,-0.004819186704179009,bitcoin
2014-04-21,-0.015958502321606016,bitcoin
2014-04-22,0.006901384754139415,bitcoin
2014-04-23,0.018476595131832075,bitcoin
2014-04-24,-0.08116610918486185,bitcoin
2014-04-25,-0.006190970019512779,bitcoin
2014-04-26,-0.04964420721186791,bitcoin
2014-04-27,0.008885880311345568,bitcoin
2014-04-28,0.015603827345369081,bitcoin
2014-04-29,9.744028717352981e-4,bitcoin
2014-04-30,0.02234456760031345,bitcoin
2014-05-01,-0.018482840033237847,bitcoin
2014-05-02,-0.02618684196282124,bitcoin
2014-05-03,-0.0031092055916313805,bitcoin
2014-05-04,-0.006715902570990144,bitcoin
2014-05-05,-0.010481910470197203,bitcoin
2014-05-06,0.02272326786854019,bitcoin
2014-05-07,0.0030671406235065527,bitcoin
2014-05-08,0.02089032532003081,bitcoin
2014-05-09,0.011001434813764355,bitcoin
2014-05-10,-0.034810851524780265,bitcoin
2014-05-11,0.005852291736706252,bitcoin
2014-05-12,-0.0017934162783965356,bitcoin
2014-05-13,0.007462920721042362,bitcoin
2014-05-14,0.00736076252443437,bitcoin
2014-05-15,0.0018004935681801921,bitcoin
2014-05-16,0.0018841431083614529,bitcoin
2014-05-17,-0.005896140377533748,bitcoin
2014-05-18,-1.860233673966242e-4,bitcoin
2014-05-19,0.08491586059550363,bitcoin
2014-05-20,0.012370545836165196,bitcoin
2014-05-21,0.06458489186377643,bitcoin
2014-05-22,-0.0083403825882252,bitcoin
2014-05-23,0.009405471673394093,bitcoin
2014-05-24,0.08475738822058443,bitcoin
2014-05-25,0.020495739648373295,bitcoin
2014-05-26,-0.021097742640208486,bitcoin
2014-05-27,0.010133262030700009,bitcoin
2014-05-28,-0.015511476346571532,bitcoin
2014-05-29,0.07971234630972367,bitcoin
2014-05-30,0.013482005934113118,bitcoin
2014-05-31,0.01045064231989809,bitcoin
2014-06-01,0.047092480115776485,bitcoin
2014-06-02,0.010520920302855428,bitcoin
2014-06-03,-0.039709753946964146,bitcoin
2014-06-04,0.02712805542411029,bitcoin
2014-06-05,-0.008463323039215596,bitcoin
2014-06-06,0.0019362668682674255,bitcoin
2014-06-07,0.0017863058087969719,bitcoin
2014-06-08,-0.01069652940474126,bitcoin
2014-06-09,0.006129175582637215,bitcoin
2014-06-10,-0.031304801235756276,bitcoin
2014-06-11,-0.07555895838958963,bitcoin
2014-06-12,0.022258236794431258,bitcoin
2014-06-13,-0.038738851663171606,bitcoin
2014-06-14,0.02662569884003675,bitcoin
2014-06-15,-0.0012640414086825408,bitcoin
2014-06-16,0.031050238603359103,bitcoin
2014-06-17,-0.004768557369075788,bitcoin
2014-06-18,-0.016396364425371332,bitcoin
2014-06-19,-0.006584375225522686,bitcoin
2014-06-20,0.0014228936306636966,bitcoin
2014-06-21,0.012162880448571984,bitcoin
2014-06-22,-0.01385845014168336,bitcoin
2014-06-23,-0.019768745253680792,bitcoin
2014-06-24,-0.02789611345767536,bitcoin
2014-06-25,0.025799031511848865,bitcoin
2014-06-26,0.0273676103230448,bitcoin
2014-06-27,-0.0011927780525674023,bitcoin
2014-06-28,0.010283089900061073,bitcoin
2014-06-29,0.059706441219191955,bitcoin
2014-06-30,0.0015758722888703557,bitcoin
2014-07-01,0.015596994299412813,bitcoin
2014-07-02,-0.008831643448791157,bitcoin
2014-07-03,-0.022674501506525394,bitcoin
2014-07-04,0.0012121448653876214,bitcoin
2014-07-05,0.006865268460754415,bitcoin
2014-07-06,-0.018606891880361232,bitcoin
2014-07-07,0.0011722193500613202,bitcoin
2014-07-08,-4.946999640243364e-4,bitcoin
2014-07-09,-0.01248244558185929,bitcoin
2014-07-10,0.024410875448892425,bitcoin
2014-07-11,0.0027020642994312915,bitcoin
2014-07-12,-0.011452189965975523,bitcoin
2014-07-13,-0.011529968137937741,bitcoin
2014-07-14,0.00366024143337714,bitcoin
2014-07-15,-0.00772947146246337,bitcoin
2014-07-16,0.010144546028702937,bitcoin
2014-07-17,0.009090481922316259,bitcoin
2014-07-18,-4.1991300896394184e-4,bitcoin
2014-07-19,-0.00736977915214746,bitcoin
2014-07-20,-0.0027108770922665355,bitcoin
2014-07-21,-0.001061253188063442,bitcoin
2014-07-22,-0.003442559211097271,bitcoin
2014-07-23,-0.02896167130345402,bitcoin
2014-07-24,-0.0010707852305771996,bitcoin
2014-07-25,-0.008816152447506276,bitcoin
2014-07-26,-0.003296726973553568,bitcoin
2014-07-27,-0.013837801900848636,bitcoin
2014-07-28,-0.0016507014169794966,bitcoin
2014-07-29,-0.030265631873708863,bitcoin
2014-07-30,0.032844730481842645,bitcoin
2014-07-31,0.01469953728095844,bitcoin
2014-08-01,-0.009428843197945987,bitcoin
2014-08-02,-0.004535712541612878,bitcoin
2014-08-03,0.003600276806819007,bitcoin
2014-08-04,-0.005699141865000959,bitcoin
2014-08-05,-0.0013382898368346015,bitcoin
2014-08-06,0.007185244819450757,bitcoin
2014-08-07,0.0062770873094365135,bitcoin
2014-08-08,-0.005423287889327893,bitcoin
2014-08-09,0.0028616042081168985,bitcoin
2014-08-10,-0.025172870643514672,bitcoin
2014-08-11,-0.011738168634877543,bitcoin
2014-08-12,-0.041184728920082285,bitcoin
2014-08-13,-0.07733813234959847,bitcoin
2014-08-14,-0.017875116370690516,bitcoin
2014-08-15,0.04465696415739027,bitcoin
2014-08-16,-0.05520514012523016,bitcoin
2014-08-17,-0.06366663251949554,bitcoin
2014-08-18,0.05025855018654085,bitcoin
2014-08-19,0.05363167526854329,bitcoin
2014-08-20,0.010215599216305618,bitcoin
2014-08-21,-0.006194204964685496,bitcoin
2014-08-22,-0.031556284883379894,bitcoin
2014-08-23,0.020293609814776556,bitcoin
2014-08-24,-0.011456618342706094,bitcoin
2014-08-25,0.01789675866495098,bitcoin
2014-08-26,-8.154548229564329e-4,bitcoin
2014-08-27,-0.006551775086690931,bitcoin
2014-08-28,0.0013814304001683287,bitcoin
2014-08-29,-0.008428463582594489,bitcoin
2014-08-30,-0.05395538499161026,bitcoin
2014-08-31,-0.006054764542059595,bitcoin
2014-09-01,0.005349133235752607,bitcoin
2014-09-02,3.3508199855411856e-4,bitcoin
2014-09-03,0.024967034839240607,bitcoin
2014-09-04,-0.012986780848225004,bitcoin
2014-09-05,0.0030737869931300103,bitcoin
2014-09-06,-0.005277543675189688,bitcoin
2014-09-07,-0.016048385795818063,bitcoin
2014-09-08,0.001389686390187135,bitcoin
2014-09-09,0.008587769854760485,bitcoin
2014-09-10,8.132226018290133e-4,bitcoin
2014-09-11,-0.00416919259183722,bitcoin
2014-09-12,0.002610959212517341,bitcoin
2014-09-13,-0.002320040365291864,bitcoin
2014-09-14,-0.005289205538501076,bitcoin
2014-09-15,-0.019787597516086133,bitcoin
2014-09-16,-0.018893949002992134,bitcoin
2014-09-17,-0.0746433511491128,bitcoin
2014-09-18,-0.07240150831605888,bitcoin
2014-09-19,0.035111238924120984,bitcoin
2014-09-20,-0.02496765857307395,bitcoin
2014-09-21,0.00831741584768308,bitcoin
2014-09-22,0.0803325898083584,bitcoin
2014-09-23,-0.029306072957966705,bitcoin
2014-09-24,-0.02786781719313527,bitcoin
2014-09-25,-0.017522571265203707,bitcoin
2014-09-26,-0.012202475999449059,bitcoin
2014-09-27,-0.057538621345135876,bitcoin
2014-09-28,-0.00455456520836632,bitcoin
2014-09-29,0.03010936786856667,bitcoin
2014-09-30,-0.008640560327246577,bitcoin
2014-10-01,-0.022521436563671993,bitcoin
2014-10-02,-0.042370445494239344,bitcoin
2014-10-03,-0.08909717316308485,bitcoin
2014-10-04,-0.025736857208570506,bitcoin
2014-10-05,0.029418542484264783,bitcoin
2014-10-06,0.018335537549814533,bitcoin
2014-10-07,0.04863049010736533,bitcoin
2014-10-08,0.033670508865278816,bitcoin
2014-10-09,-0.009535019685834064,bitcoin
2014-10-10,0.0020363018397170983,bitcoin
2014-10-11,0.04387568380252172,bitcoin
2014-10-12,0.030862165749518135,bitcoin
2014-10-13,0.02642945473548083,bitcoin
2014-10-14,-0.015326230901988005,bitcoin
2014-10-15,-0.03143589499603192,bitcoin
2014-10-16,0.0031370869973509708,bitcoin
2014-10-17,0.01982518661865943,bitcoin
2014-10-18,-0.004855387987248491,bitcoin
2014-10-19,-0.01735172205263542,bitcoin
2014-10-20,0.00943698795794054,bitcoin
2014-10-21,-0.008619789324230642,bitcoin
2014-10-22,-0.06675031813656661,bitcoin
2014-10-23,-2.0087830466501724e-4,bitcoin
2014-10-24,-0.031390769190061896,bitcoin
2014-10-25,0.02117822335213125,bitcoin
2014-10-26,-0.004846733365265389,bitcoin
2014-10-27,0.013028475982747301,bitcoin
2014-10-28,-0.06357224291080754,bitcoin
2014-10-29,0.028534896464053154,bitcoin
2014-10-30,-0.02043287172526377,bitcoin
2014-10-31,-0.03786806709063409,bitcoin
2014-11-01,4.3890846439832937e-4,bitcoin
2014-11-02,0.005086850113050323,bitcoin
2014-11-03,0.00892958354272898,bitcoin
2014-11-04,0.026850220194618635,bitcoin
2014-11-05,0.02846986043928762,bitcoin
2014-11-06,-0.019879070506612667,bitcoin
2014-11-07,0.008934452738106696,bitcoin
2014-11-08,0.050171934079748105,bitcoin
2014-11-09,0.010024909256209009,bitcoin
2014-11-10,0.0020990373440050456,bitcoin
2014-11-11,0.14144374235961832,bitcoin
2014-11-12,-0.006694405456418829,bitcoin
2014-11-13,-0.05600854991385087,bitcoin
2014-11-14,-0.05605180451605699,bitcoin
2014-11-15,0.030758347508822507,bitcoin
2014-11-16,-0.001222765922151031,bitcoin
2014-11-17,-0.032024492730140096,bitcoin
2014-11-18,0.01417681283698561,bitcoin
2014-11-19,-0.06154474536823563,bitcoin
2014-11-20,-0.01973289061364402,bitcoin
2014-11-21,0.005888382124290952,bitcoin
2014-11-22,0.04068049266763092,bitcoin
2014-11-23,0.025060623015401292,bitcoin
2014-11-24,-0.0041289819040975315,bitcoin
2014-11-25,-0.01876571959489061,bitcoin
2014-11-26,0.0035228975122521106,bitcoin
2014-11-27,0.01816649098498885,bitcoin
2014-11-28,-0.002542747360248534,bitcoin
2014-11-29,0.0067840230425822365,bitcoin
2014-11-30,0.0031639025861010042,bitcoin
2014-12-01,0.00544339024434925,bitcoin
2014-12-02,-0.016673093272971323,bitcoin
2014-12-03,-0.01452054553376563,bitcoin
2014-12-04,0.01942568211280554,bitcoin
2014-12-05,-0.005505316911596598,bitcoin
2014-12-06,8.267924847725629e-4,bitcoin
2014-12-07,-0.035786540910264876,bitcoin
2014-12-08,-0.027139664971780157,bitcoin
2014-12-09,-0.016760020464639133,bitcoin
2014-12-10,0.011884754732814959,bitcoin
2014-12-11,0.005791883069562527,bitcoin
2014-12-12,-0.01476195475679966,bitcoin
2014-12-13,0.012177354377900598,bitcoin
2014-12-14,-0.018041220652273933,bitcoin
2014-12-15,-0.05439412969719031,bitcoin
2014-12-16,-0.02252903746858747,bitcoin
2014-12-17,-0.02655535217530761,bitcoin
2014-12-18,0.020492107904664634,bitcoin
2014-12-19,0.03740178353674473,bitcoin
2014-12-20,-0.028007426419124383,bitcoin
2014-12-21,0.03383962868139881,bitcoin
2014-12-22,0.0080605807817817135,bitcoin
2014-12-23,-0.03664352960543368,bitcoin
2014-12-24,-0.010992379373339278,bitcoin
2014-12-25,0.02756574140127004,bitcoin
2014-12-26,-0.03747331232126175,bitcoin
2014-12-27,0.004346879974276205,bitcoin
2014-12-28,-0.014507111911687232,bitcoin
2014-12-29,-0.006201470534979344,bitcoin
2014-12-30,0.02997702396528112,bitcoin
2014-12-31,-0.01873827488239846,bitcoin
2015-01-01,0.002488619285906915,bitcoin
2015-01-02,-0.11402781772487408,bitcoin
2015-01-03,-0.061958949741237106,bitcoin
2015-01-04,0.03816904066194404,bitcoin
2015-01-05,0.041795880277106935,bitcoin
2015-01-06,0.028072972952727333,bitcoin
2015-01-07,-0.038046038508248475,bitcoin
2015-01-08,0.02460744467281687,bitcoin
2015-01-09,-0.05525782685621799,bitcoin
2015-01-10,-0.03381165828593181,bitcoin
2015-01-11,0.008008149758007123,bitcoin
2015-01-12,-0.1703057269491868,bitcoin
2015-01-13,-0.23755771549496746,bitcoin
2015-01-14,0.16400235279375178,bitcoin
2015-01-15,-0.008360051860537825,bitcoin
2015-01-16,-0.04339384068762892,bitcoin
2015-01-17,0.05411005929735446,bitcoin
2015-01-18,0.021270735850296933,bitcoin
2015-01-19,-0.016641349425586174,bitcoin
2015-01-20,0.07114626123189889,bitcoin
2015-01-21,0.028283267564135618,bitcoin
2015-01-22,-0.0022604556310566585,bitcoin
2015-01-23,0.06229262485500043,bitcoin
2015-01-24,0.02341180237978308,bitcoin
2015-01-25,0.07497944406551525,bitcoin
2015-01-26,-0.03724435725066398,bitcoin
2015-01-27,-0.11900073718372522,bitcoin
2015-01-28,-0.0017200206331716495,bitcoin
2015-01-29,-0.03082397442928324,bitcoin
2015-01-30,-0.040380437381922075,bitcoin
2015-01-31,0.04279332203645734,bitcoin
2015-02-01,0.048405749945781354,bitcoin
2015-02-02,-0.047102450864592436,bitcoin
2015-02-03,-0.0018277448452071285,bitcoin
2015-02-04,-0.04389350799366023,bitcoin
2015-02-05,0.02346618327576393,bitcoin
2015-02-06,0.024391197543775,bitcoin
2015-02-07,-0.01924847747993695,bitcoin
2015-02-08,-0.014890187808492874,bitcoin
2015-02-09,-0.001231943361234132,bitcoin
2015-02-10,-0.0029793698690313447,bitcoin
2015-02-11,0.01169767654816758,bitcoin
2015-02-12,0.059787107445462194,bitcoin
2015-02-13,0.08892349379437395,bitcoin
2015-02-14,-0.0914838458403914,bitcoin
2015-02-15,-0.004190582960648084,bitcoin
2015-02-16,0.040918628478070776,bitcoin
2015-02-17,-0.03035636359301185,bitcoin
2015-02-18,0.01660519034163723,bitcoin
2015-02-19,0.014444690551721864,bitcoin
2015-02-20,0.0030922388718868645,bitcoin
2015-02-21,-0.03561998071571633,bitcoin
2015-02-22,0.012277195944182395,bitcoin
2015-02-23,-6.574070838349864e-4,bitcoin
2015-02-24,-0.00531284787165597,bitcoin
2015-02-25,-0.004406063968808295,bitcoin
2015-02-26,0.0710216429479157,bitcoin
2015-02-27,0.0017122824925255506,bitcoin
2015-02-28,0.023089070174478074,bitcoin
2015-03-01,0.05774631039696753,bitcoin
2015-03-02,0.021645212985104193,bitcoin
2015-03-03,-0.031040986682631083,bitcoin
2015-03-04,0.011236844892179626,bitcoin
2015-03-05,-0.012589019563725018,bitcoin
2015-03-06,0.012889423033504419,bitcoin
2015-03-07,-0.0069267640016226545,bitcoin
2015-03-08,0.05410555539095329,bitcoin
2015-03-09,0.007406767027779299,bitcoin
2015-03-10,0.015707453323919835,bitcoin
2015-03-11,-0.006855895378516471,bitcoin
2015-03-12,-0.031112180379632152,bitcoin
2015-03-13,-0.012171736547564786,bitcoin
2015-03-14,0.015865791211336064,bitcoin
2015-03-15,0.014558606023232638,bitcoin
2015-03-16,-0.017664059044655404,bitcoin
2015-03-17,-0.10791478367723599,bitcoin
2015-03-18,0.01789976631364528,bitcoin
2015-03-19,0.003141460438501996,bitcoin
2015-03-20,-0.00660824548834791,bitcoin
2015-03-21,0.030059926984898056,bitcoin
2015-03-22,-0.004563319168035815,bitcoin
2015-03-23,-0.08259052185337248,bitcoin
2015-03-24,0.002448211017963904,bitcoin
2015-03-25,0.009439546802109426,bitcoin
2015-03-26,-0.00606583374031002,bitcoin
2015-03-27,0.023085000457146777,bitcoin
2015-03-28,-0.04071110245978894,bitcoin
2015-03-29,0.019635966134757273,bitcoin
2015-03-30,-0.01342979799489767,bitcoin
2015-03-31,0.012403125199210888,bitcoin
2015-04-01,0.022920312531175935,bitcoin
2015-04-02,0.005191934481728019,bitcoin
2015-04-03,-0.0024605390743546065,bitcoin
2015-04-04,0.02683829306371009,bitcoin
2015-04-05,-0.01978784394929125,bitcoin
2015-04-06,-0.009090445919246298,bitcoin
2015-04-07,-0.03275265389505184,bitcoin
2015-04-08,-0.0055085623833670255,bitcoin
2015-04-09,-0.031702583387337446,bitcoin
2015-04-10,0.002031195555970221,bitcoin
2015-04-11,-0.0016881656357104126,bitcoin
2015-04-12,-0.05021671457958945,bitcoin
2015-04-13,-0.02446570676738572,bitcoin
2015-04-14,0.02110272663619963,bitcoin
2015-04-15,0.020955420780588558,bitcoin
2015-04-16,-0.02521312519582588,bitcoin
2015-04-17,0.002124423265916858,bitcoin
2015-04-18,-0.003390457413682234,bitcoin
2015-04-19,0.009060362216953308,bitcoin
2015-04-20,0.046292699936516114,bitcoin
2015-04-21,-0.004656580911098792,bitcoin
2015-04-22,0.009714594733141834,bitcoin
2015-04-23,-0.022210307810358515,bitcoin
2015-04-24,-0.02131806137975318,bitcoin
2015-04-25,-0.03122593137650292,bitcoin
2015-04-26,0.0439368712459237,bitcoin
2015-04-27,-0.015076931389290938,bitcoin
2015-04-28,-2.081068011058302e-4,bitcoin
2015-04-29,0.04476096650239282,bitcoin
2015-04-30,-0.017368232899846472,bitcoin
2015-05-01,0.012209757927307927,bitcoin
2015-05-02,0.022841919434420148,bitcoin
2015-05-03,-0.005590600314651925,bitcoin
2015-05-04,-0.012194490570609031,bitcoin
2015-05-05,-0.027213371532442493,bitcoin
2015-05-06,0.03233740691413454,bitcoin
2015-05-07,0.027138189042059217,bitcoin
2015-05-08,-0.008363345997296084,bitcoin
2015-05-09,-0.006371754642045785,bitcoin
2015-05-10,0.007718906748094197,bitcoin
2015-05-11,-0.0043288715342883165,bitcoin
2015-05-12,-0.019833570375392573,bitcoin
2015-05-13,0.0023325383733118687,bitcoin
2015-05-14,0.0028490912564381253,bitcoin
2015-05-15,-0.0061297135222325525,bitcoin
2015-05-16,0.002744457633588711,bitcoin
2015-05-17,-0.015636672562811434,bitcoin
2015-05-18,-0.0050787604723572044,bitcoin
2015-05-19,0.008889134295069545,bitcoin
2015-05-20,0.005650190251965526,bitcoin
2015-05-21,0.021039654392580702,bitcoin
2015-05-22,-0.006160084500712821,bitcoin
2015-05-23,0.008674087311868247,bitcoin
2015-05-24,-0.016077734830332657,bitcoin
2015-05-25,2.5290490721998433e-5,bitcoin
2015-05-26,7.040801197669717e-4,bitcoin
2015-05-27,5.266583962282316e-4,bitcoin
2015-05-28,-0.0013151069964160093,bitcoin
2015-05-29,-0.015947042706873096,bitcoin
2015-05-30,-0.013612984892941857,bitcoin
2015-05-31,-0.03206521063787169,bitcoin
2015-06-01,0.012823055324421762,bitcoin
2015-06-02,3.143801795365405e-4,bitcoin
2015-06-03,-0.006885832118170049,bitcoin
2015-06-04,0.0027955694505147344,bitcoin
2015-06-05,0.002960722881886112,bitcoin
2015-06-06,-0.01220976859099296,bitcoin
2015-06-07,0.024850080233505396,bitcoin
2015-06-08,0.002443544510348533,bitcoin
2015-06-09,-0.0010702625985222912,bitcoin
2015-06-10,0.003934540854167086,bitcoin
2015-06-11,0.001205136684123865,bitcoin
2015-06-12,0.010467578166216547,bitcoin
2015-06-13,0.004897611391334577,bitcoin
2015-06-14,0.013946807230282961,bitcoin
2015-06-15,0.057721523520085895,bitcoin
2015-06-16,-0.006441746889103034,bitcoin
2015-06-17,-0.0011117713389464465,bitcoin
2015-06-18,-0.01783225944160742,bitcoin
2015-06-19,0.002474401130114127,bitcoin
2015-06-20,-0.005184473648945495,bitcoin
2015-06-21,0.01240918046293706,bitcoin
2015-06-22,-0.010967245914642683,bitcoin
2015-06-23,-0.015598171179010913,bitcoin
2015-06-24,0.009451468844259816,bitcoin
2015-06-25,0.003268956966947473,bitcoin
2015-06-26,0.029910238650230674,bitcoin
2015-06-27,-0.007916041018221309,bitcoin
2015-06-28,0.0318279845169315,bitcoin
2015-06-29,0.023102661546839192,bitcoin
2015-06-30,-0.01706404659893035,bitcoin
2015-07-01,-0.012485740380648432,bitcoin
2015-07-02,0.0036111405372077393,bitcoin
2015-07-03,0.0175943997009921,bitcoin
2015-07-04,0.04139866364925974,bitcoin
2015-07-05,-0.010659248530597193,bitcoin
2015-07-06,-0.010548688625087448,bitcoin
2015-07-07,0.017050957210628558,bitcoin
2015-07-08,-0.005766569134916551,bitcoin
2015-07-09,0.05655863250544939,bitcoin
2015-07-10,0.028447765197687228,bitcoin
2015-07-11,0.05880019194947673,bitcoin
2015-07-12,-0.06242651475614335,bitcoin
2015-07-13,-0.01584106971983817,bitcoin
2015-07-14,-0.005703832709444246,bitcoin
2015-07-15,-0.027452597215681475,bitcoin
2015-07-16,0.004960886812489839,bitcoin
2015-07-17,-0.016491018120692345,bitcoin
2015-07-18,-0.004692632405810226,bitcoin
2015-07-19,0.01942523051525398,bitcoin
2015-07-20,-0.011347996066550323,bitcoin
2015-07-21,0.00502293619804382,bitcoin
2015-07-22,-0.00424014777016795,bitcoin
2015-07-23,0.043346917965679924,bitcoin
2015-07-24,0.0014523190755611174,bitcoin
2015-07-25,0.01372271394385294,bitcoin
2015-07-26,0.0031996352964808396,bitcoin
2015-07-27,0.002731088083610243,bitcoin
2015-07-28,-0.01656498435669748,bitcoin
2015-07-29,-0.006471433314039312,bitcoin
2015-07-30,-0.010734349613815723,bitcoin
2015-07-31,-0.010769111724429105,bitcoin
2015-08-01,0.00359083515525162,bitcoin
2015-08-02,-0.00491992145021759,bitcoin
2015-08-03,0.014091618850421733,bitcoin
2015-08-04,-0.011765251841626813,bitcoin
2015-08-05,-0.011794015540460851,bitcoin
2015-08-06,0.003611842885169838,bitcoin
2015-08-07,-0.06879738173969864,bitcoin
2015-08-08,0.015534065416669443,bitcoin
2015-08-09,-0.002315186034852861,bitcoin
2015-08-10,0.022122689184925697,bitcoin
2015-08-11,-0.014941646018986858,bitcoin
2015-08-12,-0.008656834399289699,bitcoin
2015-08-13,0.006040512802895468,bitcoin
2015-08-14,-0.015663275932990797,bitcoin
2015-08-15,-0.011706545070195418,bitcoin
2015-08-16,-0.002056120054704497,bitcoin
2015-08-17,-0.20063416232434056,bitcoin
2015-08-18,0.07132455635772462,bitcoin
2015-08-19,0.03751679130463318,bitcoin
2015-08-20,-0.011886837539076394,bitcoin
2015-08-21,-0.009413433789180215,bitcoin
2015-08-22,-0.009686912181679082,bitcoin
2015-08-23,-0.08062473359647304,bitcoin
2015-08-24,0.051452661898155796,bitcoin
2015-08-25,0.018872365248247536,bitcoin
2015-08-26,-0.0047137081573718495,bitcoin
2015-08-27,0.02905731598096081,bitcoin
2015-08-28,-0.00700818753170439,bitcoin
2015-08-29,-0.004444526744650592,bitcoin
2015-08-30,0.00564495911890215,bitcoin
2015-08-31,-0.00844655691837487,bitcoin
2015-09-01,0.005085195369439381,bitcoin
2015-09-02,-0.009205540744832198,bitcoin
2015-09-03,0.01361828629277421,bitcoin
2015-09-04,0.02029220950744548,bitcoin
2015-09-05,0.020305669091908677,bitcoin
2015-09-06,2.9201476180148677e-5,bitcoin
2015-09-07,0.015555028445309997,bitcoin
2015-09-08,-0.022579945075342757,bitcoin
2015-09-09,0.0012965866748638347,bitcoin
2015-09-10,0.00681174434519339,bitcoin
2015-09-11,-0.020525110601728742,bitcoin
2015-09-12,-0.02025663112705936,bitcoin
2015-09-13,5.724908295494867e-4,bitcoin
2015-09-14,-0.0014752050166170528,bitcoin
2015-09-15,-0.00528085958345531,bitcoin
2015-09-16,0.003133550493004148,bitcoin
2015-09-17,0.013678307924552722,bitcoin
2015-09-18,-0.006381558728609137,bitcoin
2015-09-19,-0.0012145562897738753,bitcoin
2015-09-20,-0.018010636553893223,bitcoin
2015-09-21,0.015438219324142044,bitcoin
2015-09-22,-0.0014536376071146986,bitcoin
2015-09-23,0.01827026927096558,bitcoin
2015-09-24,0.002618803211762286,bitcoin
2015-09-25,-0.0034250438845720593,bitcoin
2015-09-26,-0.006778029461661233,bitcoin
2015-09-27,0.027062503460857097,bitcoin
2015-09-28,-0.010318932398688647,bitcoin
2015-09-29,-0.002652578554585843,bitcoin
2015-09-30,0.0062879013675922295,bitcoin
2015-10-01,-0.0010782396311548304,bitcoin
2015-10-02,0.006037526926598178,bitcoin
2015-10-03,-0.0019748597835278223,bitcoin
2015-10-04,0.008875137866997963,bitcoin
2015-10-05,0.023354148687372393,bitcoin
2015-10-06,-0.012653776022263556,bitcoin
2015-10-07,-0.0027406993968870827,bitcoin
2015-10-08,0.006692257742147703,bitcoin
2015-10-09,0.004131944378584445,bitcoin
2015-10-10,0.008573415850627014,bitcoin
2015-10-11,-0.0070761992592280375,bitcoin
2015-10-12,0.016976402807629142,bitcoin
2015-10-13,0.009894468274426856,bitcoin
2015-10-14,0.009207915934145784,bitcoin
2015-10-15,0.03306241831532519,bitcoin
2015-10-16,0.029133814880465788,bitcoin
2015-10-17,-0.03380857890518242,bitcoin
2015-10-18,0.006833295002933738,bitcoin
2015-10-19,0.022616842061684784,bitcoin
2015-10-20,-0.011912782119514609,bitcoin
2015-10-21,0.028693727253451113,bitcoin
2015-10-22,0.008984280367725186,bitcoin
2015-10-23,0.01848297553345555,bitcoin
2015-10-24,0.007167478715327569,bitcoin
2015-10-25,0.005694398925543397,bitcoin
2015-10-26,0.0293171842479778,bitcoin
2015-10-27,0.03620017059664361,bitcoin
2015-10-28,0.029872560540800824,bitcoin
2015-10-29,0.04412825288517566,bitcoin
2015-10-30,-0.043137922471224444,bitcoin
2015-10-31,0.035228995628167,bitcoin
2015-11-01,0.10425089733370038,bitcoin
2015-11-02,0.11056939286694398,bitcoin
2015-11-03,0.019991331284424322,bitcoin
2015-11-04,-0.06320802060226138,bitcoin
2015-11-05,-0.03124236154397994,bitcoin
2015-11-06,0.03157358504809397,bitcoin
2015-11-07,-0.034520722061763216,bitcoin
2015-11-08,0.0182827505499263,bitcoin
2015-11-09,-0.12130161493215237,bitcoin
2015-11-10,-0.07948267475736959,bitcoin
2015-11-11,0.08343250231779198,bitcoin
2015-11-12,-0.0041458259763200575,bitcoin
2015-11-13,-0.011489510937704854,bitcoin
2015-11-14,-0.03902062067552418,bitcoin
2015-11-15,0.03252628305396386,bitcoin
2015-11-16,0.013045224165949651,bitcoin
2015-11-17,-0.0015051812646541577,bitcoin
2015-11-18,-0.02555159898802231,bitcoin
2015-11-19,-0.012734415693781217,bitcoin
2015-11-20,0.01511703431132842,bitcoin
2015-11-21,-0.007340407360545148,bitcoin
2015-11-22,-0.004601806040874203,bitcoin
2015-11-23,-0.009329992771022064,bitcoin
2015-11-24,0.025176736497335456,bitcoin
2015-11-25,0.07193100419952747,bitcoin
2015-11-26,0.015077831251654445,bitcoin
2015-11-27,-0.0018478030726856917,bitcoin
2015-11-28,0.03819174564638537,bitcoin
2015-11-29,0.016102103514836437,bitcoin
2015-11-30,-0.040104933740254985,bitcoin
2015-12-01,-0.00914821162113144,bitcoin
2015-12-02,0.00516216945115583,bitcoin
2015-12-03,0.005901531467640917,bitcoin
2015-12-04,0.06854136502553627,bitcoin
2015-12-05,-4.269224582968289e-4,bitcoin
2015-12-06,0.017220513895786133,bitcoin
2015-12-07,0.049392364906732926,bitcoin
2015-12-08,0.004801203895182318,bitcoin
2015-12-09,-0.005003322142095112,bitcoin
2015-12-10,0.08411289544843278,bitcoin
2015-12-11,-0.03820582051189206,bitcoin
2015-12-12,-0.002859286011255028,bitcoin
2015-12-13,0.023754533912684724,bitcoin
2015-12-14,0.04649311721870654,bitcoin
2015-12-15,-0.022575188405588493,bitcoin
2015-12-16,0.002511521386813966,bitcoin
2015-12-17,0.016392763646515804,bitcoin
2015-12-18,-0.0027950191189675395,bitcoin
2015-12-19,-0.04340314781102925,bitcoin
2015-12-20,-0.009181682084705278,bitcoin
2015-12-21,-0.004723479134066275,bitcoin
2015-12-22,0.013263423371338737,bitcoin
2015-12-23,0.028047706368311227,bitcoin
2015-12-24,0.0014671689619242176,bitcoin
2015-12-25,-0.08798853937522241,bitcoin
2015-12-26,0.013210598374534796,bitcoin
2015-12-27,-0.0012874337759013123,bitcoin
2015-12-28,0.02503225684427143,bitcoin
2015-12-29,-0.014804794390460799,bitcoin
2015-12-30,0.009209236604599321,bitcoin
2015-12-31,0.008710945240375757,bitcoin
2016-01-01,-0.0020651206226171004,bitcoin
2016-01-02,-0.00793797907926003,bitcoin
2016-01-03,0.0071371175150894564,bitcoin
2016-01-04,-0.0026149038936785344,bitcoin
2016-01-05,-0.006631301754948213,bitcoin
2016-01-06,0.06527232134927353,bitcoin
2016-01-07,-0.010574244034202046,bitcoin
2016-01-08,-0.012475212401772295,bitcoin
2016-01-09,8.486021917214006e-4,bitcoin
2016-01-10,9.750167058621778e-4,bitcoin
2016-01-11,-0.028817166747452813,bitcoin
2016-01-12,-0.00764696582350848,bitcoin
2016-01-13,-0.004787438127602101,bitcoin
2016-01-14,-0.16643380526679252,bitcoin
2016-01-15,0.06174599774975677,bitcoin
2016-01-16,-0.013605721094830431,bitcoin
2016-01-17,0.01265565113901093,bitcoin
2016-01-18,-0.018295459017058993,bitcoin
2016-01-19,0.10023896012965806,bitcoin
2016-01-20,-0.024006242647822505,bitcoin
2016-01-21,-0.07008821442784116,bitcoin
2016-01-22,0.012984866282425789,bitcoin
2016-01-23,0.03917200387190717,bitcoin
2016-01-24,-0.028301970204996987,bitcoin
2016-01-25,0.001089458908601727,bitcoin
2016-01-26,0.007162729626903832,bitcoin
2016-01-27,-0.03788334415472328,bitcoin
2016-01-28,-0.0021454131182589505,bitcoin
2016-01-29,-0.0032174964556724917,bitcoin
2016-01-30,-0.025403580608572705,bitcoin
2016-01-31,0.011563538116827537,bitcoin
2016-02-01,0.0037243945293633173,bitcoin
2016-02-02,-0.012087764139531037,bitcoin
2016-02-03,0.05173998404076394,bitcoin
2016-02-04,-0.007846488370433684,bitcoin
2016-02-05,-0.026282180931928936,bitcoin
2016-02-06,2.602216957104439e-4,bitcoin
2016-02-07,-0.008460639214510499,bitcoin
2016-02-08,0.006890176622197773,bitcoin
2016-02-09,0.014835057495117628,bitcoin
2016-02-10,-0.005241013735869015,bitcoin
2016-02-11,0.012066925498049885,bitcoin
2016-02-12,0.01957738050321316,bitcoin
2016-02-13,0.03847356761007864,bitcoin
2016-02-14,-0.017451229283836436,bitcoin
2016-02-15,0.01808456648408848,bitcoin
2016-02-16,0.02144747704066552,bitcoin
2016-02-17,0.014429798757264488,bitcoin
2016-02-18,-0.0037667532658235453,bitcoin
2016-02-19,0.0381863909819356,bitcoin
2016-02-20,0.0037307658788383437,bitcoin
2016-02-21,-0.002395809974242633,bitcoin
2016-02-22,-0.039637829376648434,bitcoin
2016-02-23,0.009977708754387173,bitcoin
2016-02-24,-9.675826812959076e-4,bitcoin
2016-02-25,0.017761730167279187,bitcoin
2016-02-26,8.488879768942041e-4,bitcoin
2016-02-27,0.00227473349914313,bitcoin
2016-02-28,0.009625851196113843,bitcoin
2016-02-29,-0.005898152328037291,bitcoin
2016-03-01,-0.02592117345262759,bitcoin
2016-03-02,-0.00552958377586459,bitcoin
2016-03-03,-0.025733186267628178,bitcoin
2016-03-04,-0.025556222658142457,bitcoin
2016-03-05,0.0176602299181263,bitcoin
2016-03-06,0.016092289510549418,bitcoin
2016-03-07,-8.427683488017863e-4,bitcoin
2016-03-08,0.002142776485420153,bitcoin
2016-03-09,0.005459271215753533,bitcoin
2016-03-10,0.010870102895981832,bitcoin
2016-03-11,-0.024160158622989963,bitcoin
2016-03-12,0.005912678130956134,bitcoin
2016-03-13,0.005714590613635036,bitcoin
2016-03-14,9.408697603828259e-4,bitcoin
2016-03-15,4.3413495984290663e-4,bitcoin
2016-03-16,0.00861962835717095,bitcoin
2016-03-17,-0.026678073244304212,bitcoin
2016-03-18,0.0021853785049013087,bitcoin
2016-03-19,0.008034521831517876,bitcoin
2016-03-20,-0.0010833482480591121,bitcoin
2016-03-21,0.011503628063982675,bitcoin
2016-03-22,-1.1482461321681704e-4,bitcoin
2016-03-23,-0.003947520896747138,bitcoin
2016-03-24,0.0018786395367703626,bitcoin
2016-03-25,0.001839265590117916,bitcoin
2016-03-26,0.020883682321552858,bitcoin
2016-03-27,-0.005955455919128399,bitcoin
2016-03-28,-0.018353233713136397,bitcoin
2016-03-29,-0.004089783762539357,bitcoin
2016-03-30,0.004601068441808136,bitcoin
2016-03-31,0.002949573908618331,bitcoin
2016-04-01,0.006945378098757378,bitcoin
2016-04-02,7.366763463813776e-5,bitcoin
2016-04-03,0.0012821509021023662,bitcoin
2016-04-04,0.0061172942100292445,bitcoin
2016-04-05,-0.0014561557733114784,bitcoin
2016-04-06,-0.0015788999564155667,bitcoin
2016-04-07,-0.0056838325521467855,bitcoin
2016-04-08,-0.0022339446041216137,bitcoin
2016-04-09,0.005120221902307896,bitcoin
2016-04-10,0.0021776197630052558,bitcoin
2016-04-11,0.006386920242373252,bitcoin
2016-04-12,-0.003430212977095231,bitcoin
2016-04-13,0.0012924383800319008,bitcoin
2016-04-14,0.012719214540572026,bitcoin
2016-04-15,0.0019969627583895115,bitcoin
2016-04-16,-0.0073965639831255784,bitcoin
2016-04-17,0.0027851198862786698,bitcoin
2016-04-18,0.01601237595275256,bitcoin
2016-04-19,0.013411121805416575,bitcoin
2016-04-20,0.01804237081905875,bitcoin
2016-04-21,-0.008239869878414425,bitcoin
2016-04-22,0.010144991001214897,bitcoin
2016-04-23,0.018206143015571826,bitcoin
2016-04-24,0.00624145836975692,bitcoin
2016-04-25,0.010054896687625055,bitcoin
2016-04-26,-0.04700588971550548,bitcoin
2016-04-27,0.009676665628300302,bitcoin
2016-04-28,0.01346319390302012,bitcoin
2016-04-29,-0.015007762991080925,bitcoin
2016-04-30,0.007902806121434654,bitcoin
2016-05-01,-0.01607539346791291,bitcoin
2016-05-02,0.012592678801921008,bitcoin
2016-05-03,-0.007986434929679678,bitcoin
2016-05-04,0.0028032456633107425,bitcoin
2016-05-05,0.025623377482247606,bitcoin
2016-05-06,-0.0023242375185745425,bitcoin
2016-05-07,2.61555277507872e-5,bitcoin
2016-05-08,0.00421095785794062,bitcoin
2016-05-09,-0.021041470263261277,bitcoin
2016-05-10,0.0040570245675789875,bitcoin
2016-05-11,0.0044914849854150425,bitcoin
2016-05-12,0.001985911166307596,bitcoin
2016-05-13,2.143133023365203e-6,bitcoin
2016-05-14,0.004154456691703064,bitcoin
2016-05-15,-0.007469340532438218,bitcoin
2016-05-16,-8.37065005479033e-4,bitcoin
2016-05-17,0.001840592142653767,bitcoin
2016-05-18,-0.03560968804452659,bitcoin
2016-05-19,0.00898812273050371,bitcoin
2016-05-20,0.0011559189109038488,bitcoin
2016-05-21,-0.008759131625973185,bitcoin
2016-05-22,0.010938696675602563,bitcoin
2016-05-23,0.004102724435034147,bitcoin
2016-05-24,0.008079749908481017,bitcoin
2016-05-25,0.008383382240334305,bitcoin
2016-05-26,0.0433364030342634,bitcoin
2016-05-27,0.11287657646147926,bitcoin
2016-05-28,-0.007208408249791798,bitcoin
2016-05-29,0.01439712479286044,bitcoin
2016-05-30,-0.004652488737244375,bitcoin
2016-05-31,0.010360414042649124,bitcoin
2016-06-01,0.0019574102710444774,bitcoin
2016-06-02,0.05641478580221574,bitcoin
2016-06-03,0.006187873623648194,bitcoin
2016-06-04,0.003920876676725658,bitcoin
2016-06-05,0.01819933104732252,bitcoin
2016-06-06,-0.015385797185718045,bitcoin
2016-06-07,0.008716773545044467,bitcoin
2016-06-08,-0.012133965657612933,bitcoin
2016-06-09,0.004930078348672319,bitcoin
2016-06-10,0.0494224778454973,bitcoin
2016-06-11,0.10334540197578494,bitcoin
2016-06-12,0.04588794913447806,bitcoin
2016-06-13,-0.027077676729191487,bitcoin
2016-06-14,0.012912921843816963,bitcoin
2016-06-15,0.09843663970117314,bitcoin
2016-06-16,-0.022966679788023966,bitcoin
2016-06-17,0.009724105855141593,bitcoin
2016-06-18,0.009939524431561902,bitcoin
2016-06-19,-0.03538659489140409,bitcoin
2016-06-20,-0.10062637470041126,bitcoin
2016-06-21,-0.11183281125127699,bitcoin
2016-06-22,0.04567816659402185,bitcoin
2016-06-23,0.06412308826315331,bitcoin
2016-06-24,-2.6461587693953265e-4,bitcoin
2016-06-25,-0.05525740531722268,bitcoin
2016-06-26,0.04034047275844652,bitcoin
2016-06-27,-0.012707228240128399,bitcoin
2016-06-28,-0.011051494396355117,bitcoin
2016-06-29,0.05094960079987889,bitcoin
2016-06-30,0.00438497007868237,bitcoin
2016-07-01,0.039724128205817534,bitcoin
2016-07-02,-0.06614146528554755,bitcoin
2016-07-03,0.037250081600443435,bitcoin
2016-07-04,-0.01925050808483077,bitcoin
2016-07-05,0.009946948982782498,bitcoin
2016-07-06,-0.05581413144872323,bitcoin
2016-07-07,0.039728728712596674,bitcoin
2016-07-08,-0.023626432891973758,bitcoin
2016-07-09,-0.0024609902479937593,bitcoin
2016-07-10,-0.00262292189780882,bitcoin
2016-07-11,0.025747344854128332,bitcoin
2016-07-12,-0.01528894412191839,bitcoin
2016-07-13,0.005500751056112672,bitcoin
2016-07-14,0.007836069201592428,bitcoin
2016-07-15,-0.003758213895649774,bitcoin
2016-07-16,0.027895545199177082,bitcoin
2016-07-17,-0.009394022492963417,bitcoin
2016-07-18,-3.595984923902949e-4,bitcoin
2016-07-19,-0.01072666729207057,bitcoin
2016-07-20,-0.00101146042909638,bitcoin
2016-07-21,-0.02188087564059428,bitcoin
2016-07-22,0.007559530759966176,bitcoin
2016-07-23,0.008701094514196395,bitcoin
2016-07-24,-0.010929235856780512,bitcoin
2016-07-25,-0.00354242190968963,bitcoin
2016-07-26,0.003932203843837605,bitcoin
2016-07-27,0.0010432110288199287,bitcoin
2016-07-28,0.002983220215594417,bitcoin
2016-07-29,-0.0029648642255516236,bitcoin
2016-07-30,-0.04746581641346302,bitcoin
2016-07-31,-0.029912482748462612,bitcoin
2016-08-01,-0.10203010339081571,bitcoin
2016-08-02,0.03392247382404633,bitcoin
2016-08-03,0.02085269066209278,bitcoin
2016-08-04,-0.005628873840578755,bitcoin
2016-08-05,0.021904478933858215,bitcoin
2016-08-06,0.008322149488387115,bitcoin
2016-08-07,-0.002764089776270169,bitcoin
2016-08-08,-0.005518912614202304,bitcoin
2016-08-09,0.007292153979202158,bitcoin
2016-08-10,-0.005050762660995699,bitcoin
2016-08-11,-0.002653187514042608,bitcoin
2016-08-12,-0.0033602099289362897,bitcoin
2016-08-13,-0.026150611665070742,bitcoin
2016-08-14,-0.0056834032712171235,bitcoin
2016-08-15,0.017820376550850916,bitcoin
2016-08-16,-0.007340238932463075,bitcoin
2016-08-17,0.0019206229848235663,bitcoin
2016-08-18,0.0022818636846557716,bitcoin
2016-08-19,0.010484628874826232,bitcoin
2016-08-20,-6.690222292724761e-4,bitcoin
2016-08-21,0.0093232235063343,bitcoin
2016-08-22,-0.00570520102875622,bitcoin
2016-08-23,-0.0055568715846593675,bitcoin
2016-08-24,-0.0041815945169461416,bitcoin
2016-08-25,0.003265935292171295,bitcoin
2016-08-26,-0.01688278823396345,bitcoin
2016-08-27,0.006932640596449484,bitcoin
2016-08-28,3.397284002171354e-4,bitcoin
2016-08-29,0.005897840381725553,bitcoin
2016-08-30,-0.0035230737928421663,bitcoin
2016-08-31,-0.00552201346329938,bitcoin
2016-09-01,0.005634962090183929,bitcoin
2016-09-02,0.03864166859011385,bitcoin
2016-09-03,0.017271891548281917,bitcoin
2016-09-04,-0.0033639020321434236,bitcoin
2016-09-05,0.006320259493092467,bitcoin
2016-09-06,0.006707126144522624,bitcoin
2016-09-07,0.01897446284334858,bitcoin
2016-09-08,-0.005531585770443665,bitcoin
2016-09-09,0.0010397382474077559,bitcoin
2016-09-10,-0.027297413260393207,bitcoin
2016-09-11,0.002508700102412155,bitcoin
2016-09-12,0.001639523954911744,bitcoin
2016-09-13,0.0023657090056009807,bitcoin
2016-09-14,-0.005795513907995907,bitcoin
2016-09-15,-2.998148953068307e-4,bitcoin
2016-09-16,-0.0016307484362537799,bitcoin
2016-09-17,0.006398819300120162,bitcoin
2016-09-18,-0.0010614932563546176,bitcoin
2016-09-19,-0.0015029961232346867,bitcoin
2016-09-20,-0.01852128609052915,bitcoin
2016-09-21,-0.0014261435255041252,bitcoin
2016-09-22,0.010914608078480825,bitcoin
2016-09-23,-3.5999324153504334e-4,bitcoin
2016-09-24,-0.0029897562715023593,bitcoin
2016-09-25,0.011940295680641913,bitcoin
2016-09-26,-0.00309175040736319,bitcoin
2016-09-27,-0.002375086351325802,bitcoin
2016-09-28,0.001594430381461316,bitcoin
2016-09-29,0.0066511667655304455,bitcoin
2016-09-30,0.006942781023352468,bitcoin
2016-10-01,-0.005046962251320819,bitcoin
2016-10-02,0.002029340688880952,bitcoin
2016-10-03,-0.0031562781033686186,bitcoin
2016-10-04,0.0037735852394499233,bitcoin
2016-10-05,8.323076059328523e-4,bitcoin
2016-10-06,0.006665882271834261,bitcoin
2016-10-07,0.0032146168948014395,bitcoin
2016-10-08,-0.003812664724247455,bitcoin
2016-10-09,0.0036285883913353568,bitcoin
2016-10-10,0.0350461990590869,bitcoin
2016-10-11,-0.007641377949773445,bitcoin
2016-10-12,9.332355640889572e-4,bitcoin
2016-10-13,0.005624946282912826,bitcoin
2016-10-14,-0.0027083083748617102,bitcoin
2016-10-15,0.004663039033963467,bitcoin
2016-10-16,-0.003806910666761179,bitcoin
2016-10-17,-0.0019308126118541863,bitcoin
2016-10-18,-0.011730713161844063,bitcoin
2016-10-19,5.342972035061835e-4,bitcoin
2016-10-20,0.0031194639533431243,bitcoin
2016-10-21,0.03793274874156413,bitcoin
2016-10-22,-3.393615392945663e-4,bitcoin
2016-10-23,-0.005050234765243132,bitcoin
2016-10-24,0.005836794377432047,bitcoin
2016-10-25,0.03101697407945943,bitcoin
2016-10-26,0.014648070528283822,bitcoin
2016-10-27,0.001942014633543414,bitcoin
2016-10-28,0.0353679372752569,bitcoin
2016-10-29,-0.01781393867970011,bitcoin
2016-10-30,-0.00127175083867018,bitcoin
2016-10-31,0.04029305139629471,bitcoin
2016-11-01,0.01500882865115695,bitcoin
2016-11-02,-0.07296402147641838,bitcoin
2016-11-03,0.02088531649570101,bitcoin
2016-11-04,2.602552764093244e-4,bitcoin
2016-11-05,0.011454947164842797,bitcoin
2016-11-06,-0.011863106911276355,bitcoin
2016-11-07,0.009507701949775701,bitcoin
2016-11-08,0.018735864175605126,bitcoin
2016-11-09,-0.010757646118426787,bitcoin
2016-11-10,0.0012249273056907067,bitcoin
2016-11-11,-0.015979621136033486,bitcoin
2016-11-12,-0.004296847536317404,bitcoin
2016-11-13,0.004250013120814349,bitcoin
2016-11-14,0.009315097840498263,bitcoin
2016-11-15,0.04476444393223018,bitcoin
2016-11-16,-0.00433755399515533,bitcoin
2016-11-17,0.014214767311436446,bitcoin
2016-11-18,4.1253110232145046e-5,bitcoin
2016-11-19,-0.0277765640927267,bitcoin
2016-11-20,0.01118440596069717,bitcoin
2016-11-21,0.01623414137539476,bitcoin
2016-11-22,-0.009028479985575048,bitcoin
2016-11-23,-0.0057984430428326085,bitcoin
2016-11-24,0.0018354151714063223,bitcoin
2016-11-25,-0.008485949660126745,bitcoin
2016-11-26,-0.004561827647803956,bitcoin
2016-11-27,0.005147704093118224,bitcoin
2016-11-28,-2.840586693164628e-4,bitcoin
2016-11-29,0.013619341360006029,bitcoin
2016-11-30,0.014753367423404298,bitcoin
2016-12-01,0.02758985869165059,bitcoin
2016-12-02,-0.008765074276273115,bitcoin
2016-12-03,0.0035170682625826396,bitcoin
2016-12-04,-0.019800038791590577,bitcoin
2016-12-05,0.0072544801996293345,bitcoin
2016-12-06,0.005100679537146364,bitcoin
2016-12-07,0.003480288652560716,bitcoin
2016-12-08,0.0025706202842455334,bitcoin
2016-12-09,0.0023988188516236354,bitcoin
2016-12-10,-0.0063702193263167495,bitcoin
2016-12-11,0.013364293370477296,bitcoin
2016-12-12,6.011050422283579e-4,bitcoin
2016-12-13,0.0011843354190640275,bitcoin
2016-12-14,-0.004351215826307813,bitcoin
2016-12-15,0.008725572393664888,bitcoin
2016-12-16,0.007516519385469442,bitcoin
2016-12-17,-3.7809276350250374e-4,bitcoin
2016-12-18,0.002758843640678768,bitcoin
2016-12-19,0.010243612033828026,bitcoin
2016-12-20,0.04086418376147395,bitcoin
2016-12-21,0.03562726506806055,bitcoin
2016-12-22,0.06433033120223852,bitcoin
2016-12-23,-0.025442838364646298,bitcoin
2016-12-24,-0.0029404263278057182,bitcoin
2016-12-25,0.012670140107888084,bitcoin
2016-12-26,0.027802640113667745,bitcoin
2016-12-27,0.04476426663914296,bitcoin
2016-12-28,-0.0024869088546241335,bitcoin
2016-12-29,-0.012672740567080037,bitcoin
2016-12-30,0.0026026296911237203,bitcoin
2016-12-31,0.035254245031352244,bitcoin
2017-01-01,0.023193235615713143,bitcoin
2017-01-02,0.021389344804012642,bitcoin
2017-01-03,0.1009603452320595,bitcoin
2017-01-04,-0.1305752503587813,bitcoin
2017-01-05,-0.11620924119420283,bitcoin
2017-01-06,0.007051147530168502,bitcoin
2017-01-07,0.0028728183557759942,bitcoin
2017-01-08,-0.009229224484777726,bitcoin
2017-01-09,0.005358747291355826,bitcoin
2017-01-10,-0.15447664907680256,bitcoin
2017-01-11,0.03422186501685423,bitcoin
2017-01-12,0.023515097351763648,bitcoin
2017-01-13,-0.006785261137408509,bitcoin
2017-01-14,0.004128728905012075,bitcoin
2017-01-15,0.011777592965026847,bitcoin
2017-01-16,0.08790389778026811,bitcoin
2017-01-17,-0.02376187851972628,bitcoin
2017-01-18,0.013950027432453408,bitcoin
2017-01-19,-0.004511461114062866,bitcoin
2017-01-20,0.0294635794066912,bitcoin
2017-01-21,0.0031237843530507827,bitcoin
2017-01-22,-0.00396704151900178,bitcoin
2017-01-23,-0.031237062820287775,bitcoin
2017-01-24,0.009870593266904206,bitcoin
2017-01-25,0.017639684998997814,bitcoin
2017-01-26,0.0023555870751540077,bitcoin
2017-01-27,0.0019985743438275905,bitcoin
2017-01-28,-0.0022748052839267124,bitcoin
2017-01-29,9.631589010409959e-4,bitcoin
2017-01-30,0.05292264278625685,bitcoin
2017-01-31,0.019006132801877126,bitcoin
2017-02-01,0.02276859225923879,bitcoin
2017-02-02,0.01774054215904451,bitcoin
2017-02-03,0.012533864584742654,bitcoin
2017-02-04,-0.015032413323518729,bitcoin
2017-02-05,0.010467402259443955,bitcoin
2017-02-06,0.022101353214667996,bitcoin
2017-02-07,0.001619238325995358,bitcoin
2017-02-08,-0.0667937371186523,bitcoin
2017-02-09,-0.005757777136341375,bitcoin
2017-02-10,0.01583075640249717,bitcoin
2017-02-11,-0.005259445444457248,bitcoin
2017-02-12,-0.00858272683420342,bitcoin
2017-02-13,0.01394169999004207,bitcoin
2017-02-14,0.002912476248526162,bitcoin
2017-02-15,0.01961807035498447,bitcoin
2017-02-16,0.018103858479543947,bitcoin
2017-02-17,0.007816821423596588,bitcoin
2017-02-18,-0.006231366653704517,bitcoin
2017-02-19,0.030182976618091818,bitcoin
2017-02-20,0.03218096643723133,bitcoin
2017-02-21,0.0019168315547414083,bitcoin
2017-02-22,0.04315606560429249,bitcoin
2017-02-23,0.0059477896544394,bitcoin
2017-02-24,-0.02575316445720005,bitcoin
2017-02-25,0.01850171104293874,bitcoin
2017-02-26,0.012596285399254883,bitcoin
2017-02-27,0,bitcoin
2017-02-28,0.035408952769831636,bitcoin
2017-03-01,0.02305329049722392,bitcoin
2017-03-02,0.018987094918908855,bitcoin
2017-03-03,-0.01568322097795853,bitcoin
2017-03-04,0.009491498113500526,bitcoin
2017-03-05,0.00449612840115088,bitcoin
2017-03-06,-0.03949440493414517,bitcoin
2017-03-07,-0.06198638601041199,bitcoin
2017-03-08,0.03292164322355671,bitcoin
2017-03-09,-0.06228779461112696,bitcoin
2017-03-10,0.05157845284237252,bitcoin
2017-03-11,0.038007127188604675,bitcoin
2017-03-12,0.008592592591656786,bitcoin
2017-03-13,0.00653741600672299,bitcoin
2017-03-14,0.007720111292760662,bitcoin
2017-03-15,-0.05072016609050869,bitcoin
2017-03-16,-0.07659209371416403,bitcoin
2017-03-17,-0.12205008924073697,bitcoin
2017-03-18,0.06261202328712528,bitcoin
2017-03-19,0.016729458954309075,bitcoin
2017-03-20,0.061000122725318205,bitcoin
2017-03-21,-0.06583995192113513,bitcoin
2017-03-22,-0.010106803783749937,bitcoin
2017-03-23,-0.10238115832501195,bitcoin
2017-03-24,0.0369188034914756,bitcoin
2017-03-25,-0.0062428702158404265,bitcoin
2017-03-26,0.07859470878686292,bitcoin
2017-03-27,0.0013187365535397059,bitcoin
2017-03-28,-0.006880373004721994,bitcoin
2017-03-29,-0.013105023821440168,bitcoin
2017-03-30,0.043243369791198846,bitcoin
2017-03-31,0.008093712582577179,bitcoin
2017-04-01,0.019857106712694556,bitcoin
2017-04-02,0.03708384279742638,bitcoin
2017-04-03,-0.0092752356361031265,bitcoin
2017-04-04,-0.007502123814692332,bitcoin
2017-04-05,0.05019560806326832,bitcoin
2017-04-06,-0.004899211441505026,bitcoin
2017-04-07,-8.075936023931668e-4,bitcoin
2017-04-08,0.01008549318933765,bitcoin
2017-04-09,-6.231496912385587e-4,bitcoin
2017-04-10,0.014949240225937225,bitcoin
2017-04-11,-0.0038580352329468663,bitcoin
2017-04-12,-0.026241638711634586,bitcoin
2017-04-13,-0.0014891951498744323,bitcoin
2017-04-14,0.0042562907465762,bitcoin
2017-04-15,0.008847520245841223,bitcoin
2017-04-16,0.009230848207882822,bitcoin
2017-04-17,0.014765945740218379,bitcoin
2017-04-18,-0.0011395770242669063,bitcoin
2017-04-19,0.015405853693451146,bitcoin
2017-04-20,-0.005736069884266443,bitcoin
2017-04-21,0.007873599679899104,bitcoin
2017-04-22,-0.020091536367346584,bitcoin
2017-04-23,0.0349516839326531,bitcoin
2017-04-24,0.012195827596231886,bitcoin
2017-04-25,0.01224404663131688,bitcoin
2017-04-26,0.028207106559182342,bitcoin
2017-04-27,-9.490512239789706e-4,bitcoin
2017-04-28,0.004025414930784975,bitcoin
2017-04-29,0.019553509516966043,bitcoin
2017-04-30,0.05324256303040123,bitcoin
2017-05-01,0.02172347763523081,bitcoin
2017-05-02,0.02533003955989436,bitcoin
2017-05-03,0.03143181439131045,bitcoin
2017-05-04,0.011496549171096134,bitcoin
2017-05-05,0.014900234291745822,bitcoin
2017-05-06,0.011280142062901505,bitcoin
2017-05-07,0.07632481902188827,bitcoin
2017-05-08,0.01840389892339454,bitcoin
2017-05-09,0.017937028143136496,bitcoin
2017-05-10,0.033801354279011854,bitcoin
2017-05-11,-0.06962597013852868,bitcoin
2017-05-12,0.045724379957231075,bitcoin
2017-05-13,0.0022137248439940134,bitcoin
2017-05-14,-0.03974203487150077,bitcoin
2017-05-15,-0.0022921058464112493,bitcoin
2017-05-16,0.058580533371650804,bitcoin
2017-05-17,0.026591435579756125,bitcoin
2017-05-18,0.05112090162960329,bitcoin
2017-05-19,0.04765613840377653,bitcoin
2017-05-20,-0.021101494807401474,bitcoin
2017-05-21,0.0627548704277499,bitcoin
2017-05-22,0.0654554533935811,bitcoin
2017-05-23,0.05174051688318047,bitcoin
2017-05-24,-0.05841669584301742,bitcoin
2017-05-25,-0.045515270812674806,bitcoin
2017-05-26,-0.07716098991381358,bitcoin
2017-05-27,0.055766176593620605,bitcoin
2017-05-28,0.04525858696053026,bitcoin
2017-05-29,-0.036175774292325824,bitcoin
2017-05-30,0.04973814374811896,bitcoin
2017-05-31,0.05176378021809302,bitcoin
2017-06-01,0.03295358751143182,bitcoin
2017-06-02,0.010711766542348261,bitcoin
2017-06-03,-0.0014083655732494782,bitcoin
2017-06-04,0.06735100598126609,bitcoin
2017-06-05,0.06358522530475089,bitcoin
2017-06-06,-0.04684739043749928,bitcoin
2017-06-07,0.02653211720870935,bitcoin
2017-06-08,0.006462467477007549,bitcoin
2017-06-09,0.04294152679476552,bitcoin
2017-06-10,0.0035220027412747506,bitcoin
2017-06-11,-0.10636361588757816,bitcoin
2017-06-12,0.021348727352934038,bitcoin
2017-06-13,-0.08070016068397733,bitcoin
2017-06-14,-0.0168140987006463,bitcoin
2017-06-15,0.021665893608188182,bitcoin
2017-06-16,0.05308867285764596,bitcoin
2017-06-17,-0.041353444427734504,bitcoin
2017-06-18,0.016080900021768527,bitcoin
2017-06-19,0.04978630510900437,bitcoin
2017-06-20,-0.012083164993075128,bitcoin
2017-06-21,0.006046838033440986,bitcoin
2017-06-22,0.0144948160290362,bitcoin
2017-06-23,-0.05088858716690713,bitcoin
2017-06-24,-0.007429651761220676,bitcoin
2017-06-25,-0.043796671509225775,bitcoin
2017-06-26,0.029420318014429916,bitcoin
2017-06-27,0.008714329466783058,bitcoin
2017-06-28,-0.013871636990222598,bitcoin
2017-06-29,-0.02329910764000504,bitcoin
2017-06-30,-0.018835293348693584,bitcoin
2017-07-01,0.032924526490438484,bitcoin;xrp;ethereum
2017-07-02,0.008510857401721295,bitcoin;xrp;ethereum
2017-07-03,-0.003931137497276257,bitcoin;xrp;ethereum
2017-07-04,-0.0037189474426532493,bitcoin;xrp;ethereum
2017-07-05,0.002372006112683816,bitcoin;xrp;ethereum
2017-07-06,-0.05553998090216179,bitcoin;xrp;ethereum
2017-07-07,0.016761516363681703,bitcoin;xrp;ethereum
2017-07-08,-0.02465409955806297,bitcoin;xrp;ethereum
2017-07-09,-0.08635932483230006,bitcoin;xrp;ethereum
2017-07-10,-0.04558247492752843,bitcoin;xrp;ethereum
2017-07-11,0.0730138265974588,bitcoin;xrp;ethereum
2017-07-12,-0.04008441860260063,bitcoin;xrp;ethereum
2017-07-13,-0.05244762626201625,bitcoin;xrp;ethereum
2017-07-14,-0.12407687015877972,bitcoin;xrp;ethereum
2017-07-15,-0.06215538021394139,bitcoin;xrp;ethereum
2017-07-16,0.1667646917880978,bitcoin;xrp;ethereum
2017-07-17,0.08544988680822328,bitcoin;xrp;ethereum
2017-07-18,-0.07191044756267627,bitcoin;xrp;ethereum
2017-07-19,0.17692595654580395,bitcoin;xrp;ethereum
2017-07-20,-0.04741173407799622,bitcoin;xrp;ethereum
2017-07-21,0.05205789153837079,bitcoin;xrp;ethereum
2017-07-22,-0.02005527473955854,bitcoin;xrp;ethereum
2017-07-23,0.0015881377974560915,bitcoin;xrp;ethereum
2017-07-24,-0.07270651306209937,bitcoin;xrp;ethereum
2017-07-25,-0.01778550655060152,bitcoin;xrp;ethereum
2017-07-26,0.032280357396234596,bitcoin;xrp;ethereum
2017-07-27,0.00754686516813511,bitcoin;xrp;ethereum
2017-07-28,0.00359714062355648,bitcoin;xrp;ethereum
2017-07-29,-0.008151086430156785,bitcoin;xrp;ethereum
2017-07-30,0.03469311156467289,bitcoin;xrp;ethereum
2017-07-31,0.00462197789059353,bitcoin;xrp;ethereum
2017-08-01,-0.013235667656358436,bitcoin;xrp;ethereum
2017-08-02,0.027958096552961907,bitcoin;xrp;ethereum
2017-08-03,0.015205719331100976,bitcoin;xrp;ethereum
2017-08-04,0.1156654092506692,bitcoin;xrp;ethereum
2017-08-05,-0.004616791263622596,bitcoin;xrp;ethereum
2017-08-06,0.03639245223639786,bitcoin;xrp;ethereum
2017-08-07,0.04428374740100981,bitcoin;xrp;ethereum
2017-08-08,-0.020872480114757796,bitcoin;xrp;ethereum
2017-08-09,0.004786232321806893,bitcoin;xrp;ethereum
2017-08-10,0.056220460040642545,bitcoin;xrp;ethereum
2017-08-11,0.033915316674279536,bitcoin;xrp;ethereum
2017-08-12,0.011655733362278445,bitcoin;xrp;ethereum
2017-08-13,0.03852830279825813,bitcoin;xrp;ethereum
2017-08-14,-0.03654104741798245,bitcoin;xrp;ethereum
2017-08-15,0.03790293483426989,bitcoin;xrp;ethereum
2017-08-16,-0.00922762008471999,bitcoin;xrp;ethereum
2017-08-17,-0.028003822173166597,bitcoin;xrp;ethereum
2017-08-18,0.003227459148691692,bitcoin;xrp;ethereum
2017-08-19,-0.008171174040733956,bitcoin;xrp;ethereum
2017-08-20,0.03084381029557315,bitcoin;xrp;ethereum
2017-08-21,0.03721528684316052,bitcoin;xrp;ethereum
2017-08-22,0.013763283379819517,bitcoin;xrp;ethereum
2017-08-23,0.016653451677901932,bitcoin;xrp;ethereum
2017-08-24,0.009713847028864223,bitcoin;xrp;ethereum
2017-08-25,-0.004111701363208983,bitcoin;xrp;ethereum
2017-08-26,0.009660497105225633,bitcoin;xrp;ethereum
2017-08-27,0.013091679472481037,bitcoin;xrp;ethereum
2017-08-28,0.04020313977910288,bitcoin;xrp;ethereum
2017-08-29,0.00971080980634695,bitcoin;xrp;ethereum
2017-08-30,0.03586600503701998,bitcoin;xrp;ethereum
2017-08-31,0.022742950221914998,bitcoin;xrp;ethereum
2017-09-01,-0.08062984537727935,bitcoin;xrp;ethereum
2017-09-02,5.523655551808924e-4,bitcoin;xrp;ethereum
2017-09-03,-0.10670260629772295,bitcoin;xrp;ethereum
2017-09-04,0.042053085796465814,bitcoin;xrp;ethereum
2017-09-05,0.054021386994436975,bitcoin;xrp;ethereum
2017-09-06,-0.005324748053750279,bitcoin;xrp;ethereum
2017-09-07,-0.08639200771105097,bitcoin;xrp;ethereum
2017-09-08,-0.0033268627260759232,bitcoin;xrp;ethereum
2017-09-09,-0.01807009141639929,bitcoin;xrp;ethereum
2017-09-10,0.011900545660419036,bitcoin;xrp;ethereum
2017-09-11,-0.010453250103636437,bitcoin;xrp;ethereum
2017-09-12,-0.05604245763711222,bitcoin;xrp;ethereum
2017-09-13,-0.22124852710607248,bitcoin;xrp;ethereum
2017-09-14,0.14108250677122708,bitcoin;xrp;ethereum
2017-09-15,-0.008163030882321728,bitcoin;xrp;ethereum
2017-09-16,-0.0014161829128601835,bitcoin;xrp;ethereum
2017-09-17,0.12550320247885047,bitcoin;xrp;ethereum
2017-09-18,-0.035086730768954084,bitcoin;xrp;ethereum
2017-09-19,-0.003316086505353622,bitcoin;xrp;ethereum
2017-09-20,-0.07668895421651148,bitcoin;xrp;ethereum
2017-09-21,0.00748679625920749,bitcoin;xrp;ethereum
2017-09-22,0.05127524803716415,bitcoin;xrp;ethereum
2017-09-23,-0.02238922593713709,bitcoin;xrp;ethereum
2017-09-24,0.051339985591407906,bitcoin;xrp;ethereum
2017-09-25,-0.006517011849569465,bitcoin;xrp;ethereum
2017-09-26,0.07438285043397001,bitcoin;xrp;ethereum
2017-09-27,-0.015180736742118575,bitcoin;xrp;ethereum
2017-09-28,-0.01071090642048714,bitcoin;xrp;ethereum
2017-09-29,0.03637868974629144,bitcoin;xrp;ethereum
2017-09-30,0.01538606671850869,bitcoin;xrp;ethereum
2017-10-01,-0.0042300762013492595,bitcoin;xrp;ethereum;bitcoin-cash
2017-10-02,-0.019196196067982667,bitcoin;xrp;ethereum;bitcoin-cash
2017-10-03,-0.014568563139902953,bitcoin;xrp;ethereum;bitcoin-cash
2017-10-04,0.02406189259120714,bitcoin;xrp;ethereum;bitcoin-cash
2017-10-05,0.017203932544732056,bitcoin;xrp;ethereum;bitcoin-cash
2017-10-06,0.01100107000077634,bitcoin;xrp;ethereum;bitcoin-cash
2017-10-07,0.031761367472867674,bitcoin;xrp;ethereum;bitcoin-cash
2017-10-08,-0.0021641399928929057,bitcoin;xrp;ethereum;bitcoin-cash
2017-10-09,0.007464673440620245,bitcoin;xrp;ethereum;bitcoin-cash
2017-10-10,0.008664003727155893,bitcoin;xrp;ethereum;bitcoin-cash
2017-10-11,0.06803253410436949,bitcoin;xrp;ethereum;bitcoin-cash
2017-10-12,0.05553923056189173,bitcoin;xrp;ethereum;bitcoin-cash
2017-10-13,0.019125166940314204,bitcoin;xrp;ethereum;bitcoin-cash
2017-10-14,-0.017639661631578853,bitcoin;xrp;ethereum;bitcoin-cash
2017-10-15,-1.1450255738002535e-4,bitcoin;xrp;ethereum;bitcoin-cash
2017-10-16,-0.024410034990606552,bitcoin;xrp;ethereum;bitcoin-cash
2017-10-17,-0.013675164318278232,bitcoin;xrp;ethereum;bitcoin-cash
2017-10-18,0.004596826318838381,bitcoin;xrp;ethereum;bitcoin-cash
2017-10-19,0.025240364221508632,bitcoin;xrp;ethereum;bitcoin-cash
2017-10-20,-0.0018804583001082514,bitcoin;xrp;ethereum;bitcoin-cash
2017-10-21,-0.007719207081813785,bitcoin;xrp;ethereum;bitcoin-cash
2017-10-22,-0.021190303128841143,bitcoin;xrp;ethereum;bitcoin-cash
2017-10-23,-0.026268662727430316,bitcoin;xrp;ethereum;bitcoin-cash
2017-10-24,0.023616173166752647,bitcoin;xrp;ethereum;bitcoin-cash
2017-10-25,0.015245007403171666,bitcoin;xrp;ethereum;bitcoin-cash
2017-10-26,-0.007651743127981598,bitcoin;xrp;ethereum;bitcoin-cash
2017-10-27,0.0035384530194665326,bitcoin;xrp;ethereum;bitcoin-cash
2017-10-28,0.05219543350975973,bitcoin;xrp;ethereum;bitcoin-cash
2017-10-29,-4.465842782161358e-4,bitcoin;xrp;ethereum;bitcoin-cash
2017-10-30,0.028607908637553407,bitcoin;xrp;ethereum;bitcoin-cash
2017-10-31,0.0225267813377657,bitcoin;xrp;ethereum;bitcoin-cash
2017-11-01,0.03311929796560943,bitcoin;xrp;ethereum;bitcoin-cash
2017-11-02,0.031623587293041454,bitcoin;xrp;ethereum;bitcoin-cash
2017-11-03,0.00747460103938467,bitcoin;xrp;ethereum;bitcoin-cash
2017-11-04,-0.0012705816189385521,bitcoin;xrp;ethereum;bitcoin-cash
2017-11-05,-0.030673078885961186,bitcoin;xrp;ethereum;bitcoin-cash
2017-11-06,0.009379750494889785,bitcoin;xrp;ethereum;bitcoin-cash
2017-11-07,0.04178064335576314,bitcoin;xrp;ethereum;bitcoin-cash
2017-11-08,-0.013225605298380948,bitcoin;xrp;ethereum;bitcoin-cash
2017-11-09,-0.044652091035952524,bitcoin;xrp;ethereum;bitcoin-cash
2017-11-10,0.006543287625438753,bitcoin;xrp;ethereum;bitcoin-cash
2017-11-11,-0.04861469151925519,bitcoin;xrp;ethereum;bitcoin-cash
2017-11-12,0.06702471465699467,bitcoin;xrp;ethereum;bitcoin-cash
2017-11-13,0.02299765934194012,bitcoin;xrp;ethereum;bitcoin-cash
2017-11-14,0.05359506580308794,bitcoin;xrp;ethereum;bitcoin-cash
2017-11-15,0.030629681069516825,bitcoin;xrp;ethereum;bitcoin-cash
2017-11-16,0.003642659726447304,bitcoin;xrp;ethereum;bitcoin-cash
2017-11-17,0.022044140806399402,bitcoin;xrp;ethereum;bitcoin-cash
2017-11-18,0.020883782136014342,bitcoin;xrp;ethereum;bitcoin-cash
2017-11-19,0.026767629533953514,bitcoin;xrp;ethereum;bitcoin-cash
2017-11-20,-0.01870317796358132,bitcoin;xrp;ethereum;bitcoin-cash
2017-11-21,0.03545442856748233,bitcoin;xrp;ethereum;bitcoin-cash
2017-11-22,0.019371803659404198,bitcoin;xrp;ethereum;bitcoin-cash
2017-11-23,0.054434191408330765,bitcoin;xrp;ethereum;bitcoin-cash
2017-11-24,0.03274831468775084,bitcoin;xrp;ethereum;bitcoin-cash
2017-11-25,0.043027860217976326,bitcoin;xrp;ethereum;bitcoin-cash
2017-11-26,0.03350725869137077,bitcoin;xrp;ethereum;bitcoin-cash
2017-11-27,0.02046690413122875,bitcoin;xrp;ethereum;bitcoin-cash
2017-11-28,-0.060405312979715284,bitcoin;xrp;ethereum;bitcoin-cash
2017-11-29,0.03620053697143733,bitcoin;xrp;ethereum;bitcoin-cash
2017-11-30,0.05766539360226841,bitcoin;xrp;ethereum;bitcoin-cash
2017-12-01,0.0025001130402157895,bitcoin;xrp;ethereum;bitcoin-cash
2017-12-02,0.018421477107550842,bitcoin;xrp;ethereum;bitcoin-cash
2017-12-03,0.02084060029096158,bitcoin;xrp;ethereum;bitcoin-cash
2017-12-04,0.004240157590310912,bitcoin;xrp;ethereum;bitcoin-cash
2017-12-05,0.08124347723873766,bitcoin;xrp;ethereum;bitcoin-cash
2017-12-06,0.1314490274418643,bitcoin;xrp;ethereum;bitcoin-cash
2017-12-07,-0.018522642083338682,bitcoin;xrp;ethereum;bitcoin-cash
2017-12-08,-0.04704203999937265,bitcoin;xrp;ethereum;bitcoin-cash
2017-12-09,-0.013549138136415837,bitcoin;xrp;ethereum;bitcoin-cash
2017-12-10,0.10453224599747599,bitcoin;xrp;ethereum;bitcoin-cash
2017-12-11,0.11702015632648863,bitcoin;xrp;ethereum;bitcoin-cash
2017-12-12,0.0022656859781334895,bitcoin;xrp;ethereum;bitcoin-cash
2017-12-13,0.061445863042338435,bitcoin;xrp;ethereum;bitcoin-cash
2017-12-14,0.020850852009615617,bitcoin;xrp;ethereum;bitcoin-cash
2017-12-15,0.062210281062059815,bitcoin;xrp;ethereum;bitcoin-cash
2017-12-16,-0.0034727997291282026,bitcoin;xrp;ethereum;bitcoin-cash
2017-12-17,0.03974306948450916,bitcoin;xrp;ethereum;bitcoin-cash
2017-12-18,-0.01816999970203971,bitcoin;xrp;ethereum;bitcoin-cash
2017-12-19,-0.025727462480394273,bitcoin;xrp;ethereum;bitcoin-cash
2017-12-20,-0.006381574733200361,bitcoin;xrp;ethereum;bitcoin-cash
2017-12-21,-0.14649795207699462,bitcoin;xrp;ethereum;bitcoin-cash
2017-12-22,0.06640627871097844,bitcoin;xrp;ethereum;bitcoin-cash
2017-12-23,-0.05749621708193837,bitcoin;xrp;ethereum;bitcoin-cash
2017-12-24,0.037128133324080465,bitcoin;xrp;ethereum;bitcoin-cash
2017-12-25,0.09287351084538337,bitcoin;xrp;ethereum;bitcoin-cash
2017-12-26,-0.005003109501872869,bitcoin;xrp;ethereum;bitcoin-cash
2017-12-27,-0.062619643278710585,bitcoin;xrp;ethereum;bitcoin-cash
2017-12-28,0.046412856349154596,bitcoin;xrp;ethereum;bitcoin-cash
2017-12-29,-0.09765023450915615,bitcoin;xrp;ethereum;bitcoin-cash
2017-12-30,0.075753139383515,bitcoin;xrp;ethereum;bitcoin-cash
2017-12-31,-0.015242549901643776,bitcoin;xrp;ethereum;bitcoin-cash
2018-01-01,0.09740836110087989,bitcoin;xrp;ethereum;bitcoin-cash
2018-01-02,0.03740104944192609,bitcoin;xrp;ethereum;bitcoin-cash
2018-01-03,0.016477563410293262,bitcoin;xrp;ethereum;bitcoin-cash
2018-01-04,0.07878044749690108,bitcoin;xrp;ethereum;bitcoin-cash
2018-01-05,0.018848355886777936,bitcoin;xrp;ethereum;bitcoin-cash
2018-01-06,-0.016947834817716268,bitcoin;xrp;ethereum;bitcoin-cash
2018-01-07,-0.09087180767883428,bitcoin;xrp;ethereum;bitcoin-cash
2018-01-08,-0.016320557558199285,bitcoin;xrp;ethereum;bitcoin-cash
2018-01-09,0.02301524045338774,bitcoin;xrp;ethereum;bitcoin-cash
2018-01-10,-0.10322011726002202,bitcoin;xrp;ethereum;bitcoin-cash
2018-01-11,0.053792869114813124,bitcoin;xrp;ethereum;bitcoin-cash
2018-01-12,0.03537404797109009,bitcoin;xrp;ethereum;bitcoin-cash
2018-01-13,-0.04192435062317506,bitcoin;xrp;ethereum;bitcoin-cash
2018-01-14,-0.020389331649143347,bitcoin;xrp;ethereum;bitcoin-cash
2018-01-15,-0.21033085137187926,bitcoin;xrp;ethereum;bitcoin-cash
2018-01-16,-0.01823250196526284,bitcoin;xrp;ethereum;bitcoin-cash
2018-01-17,0.03548728112347079,bitcoin;xrp;ethereum;bitcoin-cash
2018-01-18,0.006716097581316656,bitcoin;xrp;ethereum;bitcoin-cash
2018-01-19,0.10203531993171883,bitcoin;xrp;ethereum;bitcoin-cash
2018-01-20,-0.10881571149106983,bitcoin;xrp;ethereum;bitcoin-cash
2018-01-21,-0.05653215537874172,bitcoin;xrp;ethereum;bitcoin-cash
2018-01-22,-0.00796399938429788,bitcoin;xrp;ethereum;bitcoin-cash
2018-01-23,0.04389972517440635,bitcoin;xrp;ethereum;bitcoin-cash
2018-01-24,-0.00861421451625603,bitcoin;xrp;ethereum;bitcoin-cash
2018-01-25,-0.012815808922451457,bitcoin;xrp;ethereum;bitcoin-cash
2018-01-26,0.025723160957038225,bitcoin;xrp;ethereum;bitcoin-cash
2018-01-27,0.05654294724995922,bitcoin;xrp;ethereum;bitcoin-cash
2018-01-28,-0.0460060139276454,bitcoin;xrp;ethereum;bitcoin-cash
2018-01-29,-0.11267842354280813,bitcoin;xrp;ethereum;bitcoin-cash
2018-01-30,0.01753533122026097,bitcoin;xrp;ethereum;bitcoin-cash
2018-01-31,-0.11244111280034146,bitcoin;xrp;ethereum;bitcoin-cash
2018-02-01,-0.058829107891318545,bitcoin;xrp;ethereum;bitcoin-cash
2018-02-02,0.04330859611412609,bitcoin;xrp;ethereum;bitcoin-cash
2018-02-03,-0.11046354362811034,bitcoin;xrp;ethereum;bitcoin-cash
2018-02-04,-0.18268704233269742,bitcoin;xrp;ethereum;bitcoin-cash
2018-02-05,0.11124284083057405,bitcoin;xrp;ethereum;bitcoin-cash
2018-02-06,-0.026188443137670228,bitcoin;xrp;ethereum;bitcoin-cash
2018-02-07,0.10060814027286188,bitcoin;xrp;ethereum;bitcoin-cash
2018-02-08,0.06465458893663092,bitcoin;xrp;ethereum;bitcoin-cash
2018-02-09,-0.008948501538038611,bitcoin;xrp;ethereum;bitcoin-cash
2018-02-10,-0.056116149021791635,bitcoin;xrp;ethereum;bitcoin-cash
2018-02-11,0.08342613584459593,bitcoin;xrp;ethereum;bitcoin-cash
2018-02-12,-0.03698826492664217,bitcoin;xrp;ethereum;bitcoin-cash
2018-02-13,0.09787475968223229,bitcoin;xrp;ethereum;bitcoin-cash
2018-02-14,0.04924993838782293,bitcoin;xrp;ethereum;bitcoin-cash
2018-02-15,0.01561725039425843,bitcoin;xrp;ethereum;bitcoin-cash
2018-02-16,0.0644206644756098,bitcoin;xrp;ethereum;bitcoin-cash
2018-02-17,-0.052656851463846674,bitcoin;xrp;ethereum;bitcoin-cash
2018-02-18,0.04918983237526072,bitcoin;xrp;ethereum;bitcoin-cash
2018-02-19,-0.009089338415712878,bitcoin;xrp;ethereum;bitcoin-cash
2018-02-20,-0.06421655421686549,bitcoin;xrp;ethereum;bitcoin-cash
2018-02-21,-0.06347700590887019,bitcoin;xrp;ethereum;bitcoin-cash
2018-02-22,0.03796852501743202,bitcoin;xrp;ethereum;bitcoin-cash
2018-02-23,-0.04591381056057709,bitcoin;xrp;ethereum;bitcoin-cash
2018-02-24,-0.011184992905805428,bitcoin;xrp;ethereum;bitcoin-cash
2018-02-25,0.057889682858205116,bitcoin;xrp;ethereum;bitcoin-cash
2018-02-26,0.023474872126705463,bitcoin;xrp;ethereum;bitcoin-cash
2018-02-27,-0.03165967207890392,bitcoin;xrp;ethereum;bitcoin-cash
2018-02-28,0.045919106045026005,bitcoin;xrp;ethereum;bitcoin-cash
2018-03-01,0.002516417133753811,bitcoin;xrp;ethereum;bitcoin-cash
2018-03-02,0.02336557024236751,bitcoin;xrp;ethereum;bitcoin-cash
2018-03-03,0.0118809272510709,bitcoin;xrp;ethereum;bitcoin-cash
2018-03-04,-0.003957320900778873,bitcoin;xrp;ethereum;bitcoin-cash
2018-03-05,-0.062144448019071756,bitcoin;xrp;ethereum;bitcoin-cash
2018-03-06,-0.07938157001565568,bitcoin;xrp;ethereum;bitcoin-cash
2018-03-07,-0.05895263732810886,bitcoin;xrp;ethereum;bitcoin-cash
2018-03-08,0.006122630891179563,bitcoin;xrp;ethereum;bitcoin-cash
2018-03-09,-0.05468261229231969,bitcoin;xrp;ethereum;bitcoin-cash
2018-03-10,0.07481910483979332,bitcoin;xrp;ethereum;bitcoin-cash
2018-03-11,-0.042334520041749604,bitcoin;xrp;ethereum;bitcoin-cash
2018-03-12,-0.003002385108827157,bitcoin;xrp;ethereum;bitcoin-cash
2018-03-13,-0.10956499468138998,bitcoin;xrp;ethereum;bitcoin-cash
2018-03-14,6.316765268790636e-4,bitcoin;xrp;ethereum;bitcoin-cash
2018-03-15,0.0023833992158603726,bitcoin;xrp;ethereum;bitcoin-cash
2018-03-16,-0.05744966978806254,bitcoin;xrp;ethereum;bitcoin-cash
2018-03-17,0.02203748708281874,bitcoin;xrp;ethereum;bitcoin-cash
2018-03-18,0.05228029541143231,bitcoin;xrp;ethereum;bitcoin-cash
2018-03-19,0.023159062231415044,bitcoin;xrp;ethereum;bitcoin-cash
2018-03-20,-0.001166523991648316,bitcoin;xrp;ethereum;bitcoin-cash
2018-03-21,-0.02731010662602046,bitcoin;xrp;ethereum;bitcoin-cash
2018-03-22,0.009921759492332947,bitcoin;xrp;ethereum;bitcoin-cash
2018-03-23,-0.023814800282063543,bitcoin;xrp;ethereum;bitcoin-cash
2018-03-24,-0.015393895763101274,bitcoin;xrp;ethereum;bitcoin-cash
2018-03-25,-0.044015255058007186,bitcoin;xrp;ethereum;bitcoin-cash
2018-03-26,-0.0529081028269881,bitcoin;xrp;ethereum;bitcoin-cash
2018-03-27,0.007183735316759945,bitcoin;xrp;ethereum;bitcoin-cash
2018-03-28,-0.11993186491622675,bitcoin;xrp;ethereum;bitcoin-cash
2018-03-29,-0.02456815040208803,bitcoin;xrp;ethereum;bitcoin-cash
2018-03-30,0.0077035700446633935,bitcoin;xrp;ethereum;bitcoin-cash
2018-03-31,-0.029521215067475876,bitcoin;xrp;ethereum;bitcoin-cash
2018-04-01,0.031049647321012834,bitcoin;litecoin;xrp;stellar;ethereum;neo;bitcoin-cash;cardano
2018-04-02,0.06958384573210571,bitcoin;litecoin;xrp;stellar;ethereum;neo;bitcoin-cash;cardano
2018-04-03,-0.09301064443915144,bitcoin;litecoin;xrp;stellar;ethereum;neo;bitcoin-cash;cardano
2018-04-04,-0.005100692441704042,bitcoin;litecoin;xrp;stellar;ethereum;neo;bitcoin-cash;cardano
2018-04-05,-0.03294954856963477,bitcoin;litecoin;xrp;stellar;ethereum;neo;bitcoin-cash;cardano
2018-04-06,0.0379521357010597,bitcoin;litecoin;xrp;stellar;ethereum;neo;bitcoin-cash;cardano
2018-04-07,0.024796604876974597,bitcoin;litecoin;xrp;stellar;ethereum;neo;bitcoin-cash;cardano
2018-04-08,-0.023644301558293324,bitcoin;litecoin;xrp;stellar;ethereum;neo;bitcoin-cash;cardano
2018-04-09,0.015256738086116958,bitcoin;litecoin;xrp;stellar;ethereum;neo;bitcoin-cash;cardano
2018-04-10,0.03757109483890568,bitcoin;litecoin;xrp;stellar;ethereum;neo;bitcoin-cash;cardano
2018-04-11,0.13152930587992862,bitcoin;litecoin;xrp;stellar;ethereum;neo;bitcoin-cash;cardano
2018-04-12,-0.0011315496700411514,bitcoin;litecoin;xrp;stellar;ethereum;neo;bitcoin-cash;cardano
2018-04-13,0.009509669109176415,bitcoin;litecoin;xrp;stellar;ethereum;neo;bitcoin-cash;cardano
2018-04-14,0.05601602620069725,bitcoin;litecoin;xrp;stellar;ethereum;neo;bitcoin-cash;cardano
2018-04-15,-0.02740757929267094,bitcoin;litecoin;xrp;stellar;ethereum;neo;bitcoin-cash;cardano
2018-04-16,-0.014881231889794354,bitcoin;litecoin;xrp;stellar;ethereum;neo;bitcoin-cash;cardano
2018-04-17,0.05433102182519576,bitcoin;litecoin;xrp;stellar;ethereum;neo;bitcoin-cash;cardano
2018-04-18,0.04909621634922687,bitcoin;litecoin;xrp;stellar;ethereum;neo;bitcoin-cash;cardano
2018-04-19,0.08639459490342392,bitcoin;litecoin;xrp;stellar;ethereum;neo;bitcoin-cash;cardano
2018-04-20,-0.010931462011855148,bitcoin;litecoin;xrp;stellar;ethereum;neo;bitcoin-cash;cardano
2018-04-21,0.0015904939444935425,bitcoin;litecoin;xrp;stellar;ethereum;neo;bitcoin-cash;cardano
2018-04-22,0.029394689486577197,bitcoin;litecoin;xrp;stellar;ethereum;neo;bitcoin-cash;cardano
2018-04-23,0.07761303478224796,bitcoin;litecoin;xrp;stellar;ethereum;neo;bitcoin-cash;cardano
2018-04-24,-0.11713629427841592,bitcoin;litecoin;xrp;stellar;ethereum;neo;bitcoin-cash;cardano
2018-04-25,0.06301431160787202,bitcoin;litecoin;xrp;stellar;ethereum;neo;bitcoin-cash;cardano
2018-04-26,-0.03385052898765517,bitcoin;litecoin;xrp;stellar;ethereum;neo;bitcoin-cash;cardano
2018-04-27,0.05266826222051792,bitcoin;litecoin;xrp;stellar;ethereum;neo;bitcoin-cash;cardano
2018-04-28,0.014246978658981821,bitcoin;litecoin;xrp;stellar;ethereum;neo;bitcoin-cash;cardano
2018-04-29,-0.030931665026612203,bitcoin;litecoin;xrp;stellar;ethereum;neo;bitcoin-cash;cardano
2018-04-30,-0.00236920763966396,bitcoin;litecoin;xrp;stellar;ethereum;neo;bitcoin-cash;cardano
2018-05-01,0.020151495378331986,bitcoin;litecoin;xrp;stellar;ethereum;neo;bitcoin-cash;cardano
2018-05-02,0.06274319231654618,bitcoin;litecoin;xrp;stellar;ethereum;neo;bitcoin-cash;cardano
2018-05-03,7.811511477758837e-4,bitcoin;litecoin;xrp;stellar;ethereum;neo;bitcoin-cash;cardano
2018-05-04,0.029424761755117677,bitcoin;litecoin;xrp;stellar;ethereum;neo;bitcoin-cash;cardano
2018-05-05,-0.02443388018011554,bitcoin;litecoin;xrp;stellar;ethereum;neo;bitcoin-cash;cardano
2018-05-06,-0.040051471534224184,bitcoin;litecoin;xrp;stellar;ethereum;neo;bitcoin-cash;cardano
2018-05-07,-0.01459936477752748,bitcoin;litecoin;xrp;stellar;ethereum;neo;bitcoin-cash;cardano
2018-05-08,0.002195594117461095,bitcoin;litecoin;xrp;stellar;ethereum;neo;bitcoin-cash;cardano
2018-05-09,-0.041040954146054326,bitcoin;litecoin;xrp;stellar;ethereum;neo;bitcoin-cash;cardano
2018-05-10,-0.07960861713527007,bitcoin;litecoin;xrp;stellar;ethereum;neo;bitcoin-cash;cardano
2018-05-11,0.018060435444400717,bitcoin;litecoin;xrp;stellar;ethereum;neo;bitcoin-cash;cardano
2018-05-12,0.040891021983570273,bitcoin;litecoin;xrp;stellar;ethereum;neo;bitcoin-cash;cardano
2018-05-13,-0.00643084003302383,bitcoin;litecoin;xrp;stellar;ethereum;neo;bitcoin-cash;cardano
2018-05-14,-0.03526710864948105,bitcoin;litecoin;xrp;stellar;ethereum;neo;bitcoin-cash;cardano
2018-05-15,-0.010948954322503856,bitcoin;litecoin;xrp;stellar;ethereum;neo;bitcoin-cash;cardano
2018-05-16,-0.045464813399995606,bitcoin;litecoin;xrp;stellar;ethereum;neo;bitcoin-cash;cardano
2018-05-17,0.020862328766608856,bitcoin;litecoin;xrp;stellar;ethereum;neo;bitcoin-cash;cardano
2018-05-18,-0.0021711929549279377,bitcoin;litecoin;xrp;stellar;ethereum;neo;bitcoin-cash;cardano
2018-05-19,0.036255647723553476,bitcoin;litecoin;xrp;stellar;ethereum;neo;bitcoin-cash;cardano
2018-05-20,-0.020242539065893742,bitcoin;litecoin;xrp;stellar;ethereum;neo;bitcoin-cash;cardano
2018-05-21,-0.058684521252952315,bitcoin;litecoin;xrp;stellar;ethereum;neo;bitcoin-cash;cardano
2018-05-22,-0.07985589832729909,bitcoin;litecoin;xrp;stellar;ethereum;neo;bitcoin-cash;cardano
2018-05-23,0.02300678932493821,bitcoin;litecoin;xrp;stellar;ethereum;neo;bitcoin-cash;cardano
2018-05-24,-0.023155875567588666,bitcoin;litecoin;xrp;stellar;ethereum;neo;bitcoin-cash;cardano
2018-05-25,-0.009242758174608519,bitcoin;litecoin;xrp;stellar;ethereum;neo;bitcoin-cash;cardano
2018-05-26,-0.00788887861698352,bitcoin;litecoin;xrp;stellar;ethereum;neo;bitcoin-cash;cardano
2018-05-27,-0.06689581658099042,bitcoin;litecoin;xrp;stellar;ethereum;neo;bitcoin-cash;cardano
2018-05-28,0.0707810344484836,bitcoin;litecoin;xrp;stellar;ethereum;neo;bitcoin-cash;cardano
2018-05-29,-0.005759068855416451,bitcoin;litecoin;xrp;stellar;ethereum;neo;bitcoin-cash;cardano
2018-05-30,0.019018162809270406,bitcoin;litecoin;xrp;stellar;ethereum;neo;bitcoin-cash;cardano
2018-05-31,0.007143674610566891,bitcoin;litecoin;xrp;stellar;ethereum;neo;bitcoin-cash;cardano
2018-06-01,0.02281499064677655,bitcoin;litecoin;xrp;stellar;ethereum;neo;bitcoin-cash;cardano
2018-06-02,0.02593577342981858,bitcoin;litecoin;xrp;stellar;ethereum;neo;bitcoin-cash;cardano
2018-06-03,-0.008928338614947781,bitcoin;litecoin;xrp;stellar;ethereum;neo;bitcoin-cash;cardano
2018-06-04,-0.0029833809738822096,bitcoin;litecoin;xrp;stellar;ethereum;neo;bitcoin-cash;cardano
2018-06-05,-0.0019424131448781468,bitcoin;litecoin;xrp;stellar;ethereum;neo;bitcoin-cash;cardano
2018-06-06,0.0012169672908939257,bitcoin;litecoin;xrp;stellar;ethereum;neo;bitcoin-cash;cardano
2018-06-07,-0.009176296329775,bitcoin;litecoin;xrp;stellar;ethereum;neo;bitcoin-cash;cardano
2018-06-08,-0.013595563867373851,bitcoin;litecoin;xrp;stellar;ethereum;neo;bitcoin-cash;cardano
2018-06-09,-0.11512207079219147,bitcoin;litecoin;xrp;stellar;ethereum;neo;bitcoin-cash;cardano
2018-06-10,0.01766551994421254,bitcoin;litecoin;xrp;stellar;ethereum;neo;bitcoin-cash;cardano
2018-06-11,-0.06263514177575809,bitcoin;litecoin;xrp;stellar;ethereum;neo;bitcoin-cash;cardano
2018-06-12,-0.04077674195251306,bitcoin;litecoin;xrp;stellar;ethereum;neo;bitcoin-cash;cardano
2018-06-13,0.061007498099146566,bitcoin;litecoin;xrp;stellar;ethereum;neo;bitcoin-cash;cardano
2018-06-14,-0.04311235385801348,bitcoin;litecoin;xrp;stellar;ethereum;neo;bitcoin-cash;cardano
2018-06-15,0.010700874874391293,bitcoin;litecoin;xrp;stellar;ethereum;neo;bitcoin-cash;cardano
2018-06-16,-0.005553764778268524,bitcoin;litecoin;xrp;stellar;ethereum;neo;bitcoin-cash;cardano
2018-06-17,0.03211003434227475,bitcoin;litecoin;xrp;stellar;ethereum;neo;bitcoin-cash;cardano
2018-06-18,0.01573093562190065,bitcoin;litecoin;xrp;stellar;ethereum;neo;bitcoin-cash;cardano
2018-06-19,-0.005668828214071617,bitcoin;litecoin;xrp;stellar;ethereum;neo;bitcoin-cash;cardano
2018-06-20,-0.011341698942335669,bitcoin;litecoin;xrp;stellar;ethereum;neo;bitcoin-cash;cardano
2018-06-21,-0.11069600843878726,bitcoin;litecoin;xrp;stellar;ethereum;neo;bitcoin-cash;cardano
2018-06-22,0.01143083640216541,bitcoin;litecoin;xrp;stellar;ethereum;neo;bitcoin-cash;cardano
2018-06-23,-0.01680612613277367,bitcoin;litecoin;xrp;stellar;ethereum;neo;bitcoin-cash;cardano
2018-06-24,0.010655396758018678,bitcoin;litecoin;xrp;stellar;ethereum;neo;bitcoin-cash;cardano
2018-06-25,-0.044301056835356095,bitcoin;litecoin;xrp;stellar;ethereum;neo;bitcoin-cash;cardano
2018-06-26,0.017191248539535266,bitcoin;litecoin;xrp;stellar;ethereum;neo;bitcoin-cash;cardano
2018-06-27,-0.04857806590799829,bitcoin;litecoin;xrp;stellar;ethereum;neo;bitcoin-cash;cardano
2018-06-28,0.04366985751475906,bitcoin;litecoin;xrp;stellar;ethereum;neo;bitcoin-cash;cardano
2018-06-29,0.03566630582963254,bitcoin;litecoin;xrp;stellar;ethereum;neo;bitcoin-cash;cardano
2018-06-30,-0.0025730120869422567,bitcoin;litecoin;xrp;stellar;ethereum;neo;bitcoin-cash;cardano
2018-07-01,0.045264813495546376,bitcoin;litecoin;xrp;stellar;ethereum;eos;bitcoin-cash;cardano
2018-07-02,-0.015545881965172233,bitcoin;litecoin;xrp;stellar;ethereum;eos;bitcoin-cash;cardano
2018-07-03,0.008772109275179794,bitcoin;litecoin;xrp;stellar;ethereum;eos;bitcoin-cash;cardano
2018-07-04,0.002123049365929692,bitcoin;litecoin;xrp;stellar;ethereum;eos;bitcoin-cash;cardano
2018-07-05,-3.834690264506269e-4,bitcoin;litecoin;xrp;stellar;ethereum;eos;bitcoin-cash;cardano
2018-07-06,0.031108088857583014,bitcoin;litecoin;xrp;stellar;ethereum;eos;bitcoin-cash;cardano
2018-07-07,-0.015605944783095085,bitcoin;litecoin;xrp;stellar;ethereum;eos;bitcoin-cash;cardano
2018-07-08,-0.016547337958028156,bitcoin;litecoin;xrp;stellar;ethereum;eos;bitcoin-cash;cardano
2018-07-09,-0.07071102270876414,bitcoin;litecoin;xrp;stellar;ethereum;eos;bitcoin-cash;cardano
2018-07-10,0.015157956332093428,bitcoin;litecoin;xrp;stellar;ethereum;eos;bitcoin-cash;cardano
2018-07-11,-0.030659665598382638,bitcoin;litecoin;xrp;stellar;ethereum;eos;bitcoin-cash;cardano
2018-07-12,0.009062199988180326,bitcoin;litecoin;xrp;stellar;ethereum;eos;bitcoin-cash;cardano
2018-07-13,0.005309823137606055,bitcoin;litecoin;xrp;stellar;ethereum;eos;bitcoin-cash;cardano
2018-07-14,0.021776339522764657,bitcoin;litecoin;xrp;stellar;ethereum;eos;bitcoin-cash;cardano
2018-07-15,0.06845582993094748,bitcoin;litecoin;xrp;stellar;ethereum;eos;bitcoin-cash;cardano
2018-07-16,0.06686971985888823,bitcoin;litecoin;xrp;stellar;ethereum;eos;bitcoin-cash;cardano
2018-07-17,-0.008276256400513594,bitcoin;litecoin;xrp;stellar;ethereum;eos;bitcoin-cash;cardano
2018-07-18,-0.0015514888802078354,bitcoin;litecoin;xrp;stellar;ethereum;eos;bitcoin-cash;cardano
2018-07-19,-0.036176490012660975,bitcoin;litecoin;xrp;stellar;ethereum;eos;bitcoin-cash;cardano
2018-07-20,0.016860420074717553,bitcoin;litecoin;xrp;stellar;ethereum;eos;bitcoin-cash;cardano
2018-07-21,-0.00366144364694006,bitcoin;litecoin;xrp;stellar;ethereum;eos;bitcoin-cash;cardano
2018-07-22,0.013399266521002316,bitcoin;litecoin;xrp;stellar;ethereum;eos;bitcoin-cash;cardano
2018-07-23,0.07547800803242331,bitcoin;litecoin;xrp;stellar;ethereum;eos;bitcoin-cash;cardano
2018-07-24,-0.019972854795324714,bitcoin;litecoin;xrp;stellar;ethereum;eos;bitcoin-cash;cardano
2018-07-25,-0.026684262722726605,bitcoin;litecoin;xrp;stellar;ethereum;eos;bitcoin-cash;cardano
2018-07-26,0.019101331913087456,bitcoin;litecoin;xrp;stellar;ethereum;eos;bitcoin-cash;cardano
2018-07-27,-7.397554380472229e-4,bitcoin;litecoin;xrp;stellar;ethereum;eos;bitcoin-cash;cardano
2018-07-28,0.0020656218111111796,bitcoin;litecoin;xrp;stellar;ethereum;eos;bitcoin-cash;cardano
2018-07-29,-0.014866120881049825,bitcoin;litecoin;xrp;stellar;ethereum;eos;bitcoin-cash;cardano
2018-07-30,-0.04853490375669376,bitcoin;litecoin;xrp;stellar;ethereum;eos;bitcoin-cash;cardano
2018-07-31,-0.017020438975653,bitcoin;litecoin;xrp;stellar;ethereum;eos;bitcoin-cash;cardano
2018-08-01,-0.01908340549972575,bitcoin;litecoin;xrp;stellar;ethereum;eos;bitcoin-cash;cardano
2018-08-02,-0.003782372663496062,bitcoin;litecoin;xrp;stellar;ethereum;eos;bitcoin-cash;cardano
2018-08-03,-0.04415926209218306,bitcoin;litecoin;xrp;stellar;ethereum;eos;bitcoin-cash;cardano
2018-08-04,0.00869738952480553,bitcoin;litecoin;xrp;stellar;ethereum;eos;bitcoin-cash;cardano
2018-08-05,-0.017819294345222187,bitcoin;litecoin;xrp;stellar;ethereum;eos;bitcoin-cash;cardano
2018-08-06,-0.04697304436460885,bitcoin;litecoin;xrp;stellar;ethereum;eos;bitcoin-cash;cardano
2018-08-07,-0.08417167556247482,bitcoin;litecoin;xrp;stellar;ethereum;eos;bitcoin-cash;cardano
2018-08-08,0.03911357247953438,bitcoin;litecoin;xrp;stellar;ethereum;eos;bitcoin-cash;cardano
2018-08-09,-0.06891777242650646,bitcoin;litecoin;xrp;stellar;ethereum;eos;bitcoin-cash;cardano
2018-08-10,-0.009703349860688559,bitcoin;litecoin;xrp;stellar;ethereum;eos;bitcoin-cash;cardano
2018-08-11,9.121567867418304e-4,bitcoin;litecoin;xrp;stellar;ethereum;eos;bitcoin-cash;cardano
2018-08-12,-0.04360670387225815,bitcoin;litecoin;xrp;stellar;ethereum;eos;bitcoin-cash;cardano
2018-08-13,-0.0223930463624456,bitcoin;litecoin;xrp;stellar;ethereum;eos;bitcoin-cash;cardano
2018-08-14,0.015324438637544483,bitcoin;litecoin;xrp;stellar;ethereum;eos;bitcoin-cash;cardano
2018-08-15,0.00994297091294996,bitcoin;litecoin;xrp;stellar;ethereum;eos;bitcoin-cash;cardano
2018-08-16,0.0870145646492242,bitcoin;litecoin;xrp;stellar;ethereum;eos;bitcoin-cash;cardano
2018-08-17,-0.05095865179371974,bitcoin;litecoin;xrp;stellar;ethereum;eos;bitcoin-cash;cardano
2018-08-18,0.01916558564878938,bitcoin;litecoin;xrp;stellar;ethereum;eos;bitcoin-cash;cardano
2018-08-19,-0.05864967148340287,bitcoin;litecoin;xrp;stellar;ethereum;eos;bitcoin-cash;cardano
2018-08-20,0.03022493564110237,bitcoin;litecoin;xrp;stellar;ethereum;eos;bitcoin-cash;cardano
2018-08-21,-0.0279196517929201,bitcoin;litecoin;xrp;stellar;ethereum;eos;bitcoin-cash;cardano
2018-08-22,0.025483928236844512,bitcoin;litecoin;xrp;stellar;ethereum;eos;bitcoin-cash;cardano
2018-08-23,0.020632549976383193,bitcoin;litecoin;xrp;stellar;ethereum;eos;bitcoin-cash;cardano
2018-08-24,8.991469652331804e-4,bitcoin;litecoin;xrp;stellar;ethereum;eos;bitcoin-cash;cardano
2018-08-25,-0.01240996347249649,bitcoin;litecoin;xrp;stellar;ethereum;eos;bitcoin-cash;cardano
2018-08-26,0.03520351538747492,bitcoin;litecoin;xrp;stellar;ethereum;eos;bitcoin-cash;cardano
2018-08-27,0.03706299380877788,bitcoin;litecoin;xrp;stellar;ethereum;eos;bitcoin-cash;cardano
2018-08-28,-0.012111518946084155,bitcoin;litecoin;xrp;stellar;ethereum;eos;bitcoin-cash;cardano
2018-08-29,-0.015922114138544337,bitcoin;litecoin;xrp;stellar;ethereum;eos;bitcoin-cash;cardano
2018-08-30,0.007132751129258768,bitcoin;litecoin;xrp;stellar;ethereum;eos;bitcoin-cash;cardano
2018-08-31,0.03723325472610945,bitcoin;litecoin;xrp;stellar;ethereum;eos;bitcoin-cash;cardano
2018-09-01,0.005352230000824182,bitcoin;litecoin;xrp;stellar;ethereum;eos;bitcoin-cash;cardano
2018-09-02,-0.009752382159413972,bitcoin;litecoin;xrp;stellar;ethereum;eos;bitcoin-cash;cardano
2018-09-03,0.004825919571453657,bitcoin;litecoin;xrp;stellar;ethereum;eos;bitcoin-cash;cardano
2018-09-04,-0.1312542353522177,bitcoin;litecoin;xrp;stellar;ethereum;eos;bitcoin-cash;cardano
2018-09-05,-0.017138081521297897,bitcoin;litecoin;xrp;stellar;ethereum;eos;bitcoin-cash;cardano
2018-09-06,-0.026537672571169457,bitcoin;litecoin;xrp;stellar;ethereum;eos;bitcoin-cash;cardano
2018-09-07,-0.054399778376802155,bitcoin;litecoin;xrp;stellar;ethereum;eos;bitcoin-cash;cardano
2018-09-08,0.0073626509847832195,bitcoin;litecoin;xrp;stellar;ethereum;eos;bitcoin-cash;cardano
2018-09-09,-0.003543002615666407,bitcoin;litecoin;xrp;stellar;ethereum;eos;bitcoin-cash;cardano
2018-09-10,-0.021990878737502658,bitcoin;litecoin;xrp;stellar;ethereum;eos;bitcoin-cash;cardano
2018-09-11,-7.775983429826333e-4,bitcoin;litecoin;xrp;stellar;ethereum;eos;bitcoin-cash;cardano
2018-09-12,0.059547594103676715,bitcoin;litecoin;xrp;stellar;ethereum;eos;bitcoin-cash;cardano
2018-09-13,-0.004396431305465228,bitcoin;litecoin;xrp;stellar;ethereum;eos;bitcoin-cash;cardano
2018-09-14,0.017155629214576182,bitcoin;litecoin;xrp;stellar;ethereum;eos;bitcoin-cash;cardano
2018-09-15,-0.004197856470828744,bitcoin;litecoin;xrp;stellar;ethereum;eos;bitcoin-cash;cardano
2018-09-16,-0.05933713808446221,bitcoin;litecoin;xrp;stellar;ethereum;eos;bitcoin-cash;cardano
2018-09-17,0.04449507161793285,bitcoin;litecoin;xrp;stellar;ethereum;eos;bitcoin-cash;cardano
2018-09-18,0.004207233596209774,bitcoin;litecoin;xrp;stellar;ethereum;eos;bitcoin-cash;cardano
2018-09-19,0.06968346375727923,bitcoin;litecoin;xrp;stellar;ethereum;eos;bitcoin-cash;cardano
2018-09-20,0.07238370016123191,bitcoin;litecoin;xrp;stellar;ethereum;eos;bitcoin-cash;cardano
2018-09-21,-0.009909994702687684,bitcoin;litecoin;xrp;stellar;ethereum;eos;bitcoin-cash;cardano
2018-09-22,0.008808646506436363,bitcoin;litecoin;xrp;stellar;ethereum;eos;bitcoin-cash;cardano
2018-09-23,-0.04819511556887669,bitcoin;litecoin;xrp;stellar;ethereum;eos;bitcoin-cash;cardano
2018-09-24,-0.0214277869560804,bitcoin;litecoin;xrp;stellar;ethereum;eos;bitcoin-cash;cardano
2018-09-25,0.00937655593665291,bitcoin;litecoin;xrp;stellar;ethereum;eos;bitcoin-cash;cardano
2018-09-26,0.04447892875028144,bitcoin;litecoin;xrp;stellar;ethereum;eos;bitcoin-cash;cardano
2018-09-27,-0.01357198337152481,bitcoin;litecoin;xrp;stellar;ethereum;eos;bitcoin-cash;cardano
2018-09-28,0.010936333581159021,bitcoin;litecoin;xrp;stellar;ethereum;eos;bitcoin-cash;cardano
2018-09-29,0.003909419358558058,bitcoin;litecoin;xrp;stellar;ethereum;eos;bitcoin-cash;cardano
2018-09-30,-0.006030857300126633,bitcoin;litecoin;xrp;stellar;ethereum;eos;bitcoin-cash;cardano
2018-10-01,-0.015692788190547587,bitcoin;xrp;stellar;ethereum;eos;bitcoin-cash
2018-10-02,-0.012228007708305446,bitcoin;xrp;stellar;ethereum;eos;bitcoin-cash
2018-10-03,0.009237287972872259,bitcoin;xrp;stellar;ethereum;eos;bitcoin-cash
2018-10-04,0.00855101988323676,bitcoin;xrp;stellar;ethereum;eos;bitcoin-cash
2018-10-05,-0.012651183836403812,bitcoin;xrp;stellar;ethereum;eos;bitcoin-cash
2018-10-06,0.0027999407084273987,bitcoin;xrp;stellar;ethereum;eos;bitcoin-cash
2018-10-07,0.01089466712850216,bitcoin;xrp;stellar;ethereum;eos;bitcoin-cash
2018-10-08,-0.005336020266114993,bitcoin;xrp;stellar;ethereum;eos;bitcoin-cash
2018-10-09,-0.011179582848710503,bitcoin;xrp;stellar;ethereum;eos;bitcoin-cash
2018-10-10,-0.09722081312716355,bitcoin;xrp;stellar;ethereum;eos;bitcoin-cash
2018-10-11,0.01905584569860053,bitcoin;xrp;stellar;ethereum;eos;bitcoin-cash
2018-10-12,0.0048953255614592765,bitcoin;xrp;stellar;ethereum;eos;bitcoin-cash
2018-10-13,-0.008664726508408268,bitcoin;xrp;stellar;ethereum;eos;bitcoin-cash
2018-10-14,0.056484397283946636,bitcoin;xrp;stellar;ethereum;eos;bitcoin-cash
2018-10-15,0.004663448413136445,bitcoin;xrp;stellar;ethereum;eos;bitcoin-cash
2018-10-16,-0.007968568521742228,bitcoin;xrp;stellar;ethereum;eos;bitcoin-cash
2018-10-17,-0.013427625296136635,bitcoin;xrp;stellar;ethereum;eos;bitcoin-cash
2018-10-18,-8.861765566405142e-4,bitcoin;xrp;stellar;ethereum;eos;bitcoin-cash
2018-10-19,0.0059052400798228115,bitcoin;xrp;stellar;ethereum;eos;bitcoin-cash
2018-10-20,-0.0012580928172979005,bitcoin;xrp;stellar;ethereum;eos;bitcoin-cash
2018-10-21,-0.001416501129535793,bitcoin;xrp;stellar;ethereum;eos;bitcoin-cash
2018-10-22,4.054242806268807e-4,bitcoin;xrp;stellar;ethereum;eos;bitcoin-cash
2018-10-23,-5.6142789417217954e-5,bitcoin;xrp;stellar;ethereum;eos;bitcoin-cash
2018-10-24,-0.003269482403062796,bitcoin;xrp;stellar;ethereum;eos;bitcoin-cash
2018-10-25,3.397231215914923e-4,bitcoin;xrp;stellar;ethereum;eos;bitcoin-cash
2018-10-26,6.940856147869752e-5,bitcoin;xrp;stellar;ethereum;eos;bitcoin-cash
2018-10-27,0.0038300064502254884,bitcoin;xrp;stellar;ethereum;eos;bitcoin-cash
2018-10-28,-0.031969069055780945,bitcoin;xrp;stellar;ethereum;eos;bitcoin-cash
2018-10-29,0.001873197926718255,bitcoin;xrp;stellar;ethereum;eos;bitcoin-cash
2018-10-30,-8.087784353060681e-4,bitcoin;xrp;stellar;ethereum;eos;bitcoin-cash
2018-10-31,0.009224246420341977,bitcoin;xrp;stellar;ethereum;eos;bitcoin-cash
2018-11-01,0.009661632506865168,bitcoin;xrp;stellar;ethereum;eos;bitcoin-cash
2018-11-02,-0.001777843582752281,bitcoin;xrp;stellar;ethereum;eos;bitcoin-cash
2018-11-03,0.01959110343602599,bitcoin;xrp;stellar;ethereum;eos;bitcoin-cash
2018-11-04,0.01210568420543185,bitcoin;xrp;stellar;ethereum;eos;bitcoin-cash
2018-11-05,0.03010368401805215,bitcoin;xrp;stellar;ethereum;eos;bitcoin-cash
2018-11-06,0.001276356139208182,bitcoin;xrp;stellar;ethereum;eos;bitcoin-cash
2018-11-07,-0.02334508971701733,bitcoin;xrp;stellar;ethereum;eos;bitcoin-cash
2018-11-08,-0.011049696528868605,bitcoin;xrp;stellar;ethereum;eos;bitcoin-cash
2018-11-09,0.007396035611328963,bitcoin;xrp;stellar;ethereum;eos;bitcoin-cash
2018-11-10,-0.0021570473619642308,bitcoin;xrp;stellar;ethereum;eos;bitcoin-cash
2018-11-11,-0.005478490606271496,bitcoin;xrp;stellar;ethereum;eos;bitcoin-cash
2018-11-12,-0.007720470356172876,bitcoin;xrp;stellar;ethereum;eos;bitcoin-cash
2018-11-13,-0.10878370286097899,bitcoin;xrp;stellar;ethereum;eos;bitcoin-cash
2018-11-14,-0.01036135192783501,bitcoin;xrp;stellar;ethereum;eos;bitcoin-cash
2018-11-15,-0.021362647017387184,bitcoin;xrp;stellar;ethereum;eos;bitcoin-cash
2018-11-16,4.907530892383071e-4,bitcoin;xrp;stellar;ethereum;eos;bitcoin-cash
2018-11-17,0.01437421639989397,bitcoin;xrp;stellar;ethereum;eos;bitcoin-cash
2018-11-18,-0.13996066718308806,bitcoin;xrp;stellar;ethereum;eos;bitcoin-cash
2018-11-19,-0.1183921042042591,bitcoin;xrp;stellar;ethereum;eos;bitcoin-cash
2018-11-20,0.03692145832114267,bitcoin;xrp;stellar;ethereum;eos;bitcoin-cash
2018-11-21,-0.061042536621821034,bitcoin;xrp;stellar;ethereum;eos;bitcoin-cash
2018-11-22,-0.012924206896852962,bitcoin;xrp;stellar;ethereum;eos;bitcoin-cash
2018-11-23,-0.1073650794261441,bitcoin;xrp;stellar;ethereum;eos;bitcoin-cash
2018-11-24,0.02776575372947836,bitcoin;xrp;stellar;ethereum;eos;bitcoin-cash
2018-11-25,-0.059101267795278384,bitcoin;xrp;stellar;ethereum;eos;bitcoin-cash
2018-11-26,0.00818404511987374,bitcoin;xrp;stellar;ethereum;eos;bitcoin-cash
2018-11-27,0.10226732562904815,bitcoin;xrp;stellar;ethereum;eos;bitcoin-cash
2018-11-28,-0.011539279384672774,bitcoin;xrp;stellar;ethereum;eos;bitcoin-cash
2018-11-29,-0.055023081731546575,bitcoin;xrp;stellar;ethereum;eos;bitcoin-cash
2018-11-30,0.04244061194749421,bitcoin;xrp;stellar;ethereum;eos;bitcoin-cash
2018-12-01,-0.017842301097710404,bitcoin;xrp;stellar;ethereum;eos;bitcoin-cash
2018-12-02,-0.063343958922736,bitcoin;xrp;stellar;ethereum;eos;bitcoin-cash
2018-12-03,0.007226830595890173,bitcoin;xrp;stellar;ethereum;eos;bitcoin-cash
2018-12-04,-0.0625763903405956,bitcoin;xrp;stellar;ethereum;eos;bitcoin-cash
2018-12-05,-0.08597385256227573,bitcoin;xrp;stellar;ethereum;eos;bitcoin-cash
2018-12-06,-0.021026050009408666,bitcoin;xrp;stellar;ethereum;eos;bitcoin-cash
2018-12-07,0.010363083425959171,bitcoin;xrp;stellar;ethereum;eos;bitcoin-cash
2018-12-08,0.038721816460509866,bitcoin;xrp;stellar;ethereum;eos;bitcoin-cash
2018-12-09,-0.03273168718280671,bitcoin;xrp;stellar;ethereum;eos;bitcoin-cash
2018-12-10,-0.02561327416246084,bitcoin;xrp;stellar;ethereum;eos;bitcoin-cash
2018-12-11,0.01880071429491228,bitcoin;xrp;stellar;ethereum;eos;bitcoin-cash
2018-12-12,-0.053119379896330345,bitcoin;xrp;stellar;ethereum;eos;bitcoin-cash
2018-12-13,-0.030332470135611682,bitcoin;xrp;stellar;ethereum;eos;bitcoin-cash
2018-12-14,-0.003209092186840728,bitcoin;xrp;stellar;ethereum;eos;bitcoin-cash
2018-12-15,0.008947649898694053,bitcoin;xrp;stellar;ethereum;eos;bitcoin-cash
2018-12-16,0.10044325921868671,bitcoin;xrp;stellar;ethereum;eos;bitcoin-cash
2018-12-17,0.05491780306578429,bitcoin;xrp;stellar;ethereum;eos;bitcoin-cash
2018-12-18,0.01863579918825645,bitcoin;xrp;stellar;ethereum;eos;bitcoin-cash
2018-12-19,0.12146140915092125,bitcoin;xrp;stellar;ethereum;eos;bitcoin-cash
2018-12-20,-0.055023022406058456,bitcoin;xrp;stellar;ethereum;eos;bitcoin-cash
2018-12-21,0.03228712773729457,bitcoin;xrp;stellar;ethereum;eos;bitcoin-cash
2018-12-22,0.023464162698153074,bitcoin;xrp;stellar;ethereum;eos;bitcoin-cash
2018-12-23,0.02873725690539919,bitcoin;xrp;stellar;ethereum;eos;bitcoin-cash
2018-12-24,-0.0698202808413625,bitcoin;xrp;stellar;ethereum;eos;bitcoin-cash
2018-12-25,0.011375213128475274,bitcoin;xrp;stellar;ethereum;eos;bitcoin-cash
2018-12-26,-0.07914001635045373,bitcoin;xrp;stellar;ethereum;eos;bitcoin-cash
2018-12-27,0.09735346953984457,bitcoin;xrp;stellar;ethereum;eos;bitcoin-cash
2018-12-28,-0.02221651660465046,bitcoin;xrp;stellar;ethereum;eos;bitcoin-cash
2018-12-29,0.010323170575202,bitcoin;xrp;stellar;ethereum;eos;bitcoin-cash
2018-12-30,-0.03957162319532135,bitcoin;xrp;stellar;ethereum;eos;bitcoin-cash
2018-12-31,0.035995949551669085,bitcoin;xrp;stellar;ethereum;eos;bitcoin-cash
2019-01-01,0.03706390582422709,bitcoin;xrp;ethereum;eos;bitcoin-cash
2019-01-02,-0.03319168126332003,bitcoin;xrp;ethereum;eos;bitcoin-cash
2019-01-03,0.007205660573053115,bitcoin;xrp;ethereum;eos;bitcoin-cash
2019-01-04,-0.002361455371679634,bitcoin;xrp;ethereum;eos;bitcoin-cash
2019-01-05,0.04929149144671883,bitcoin;xrp;ethereum;eos;bitcoin-cash
2019-01-06,-0.017409690394892402,bitcoin;xrp;ethereum;eos;bitcoin-cash
2019-01-07,6.338233421474851e-4,bitcoin;xrp;ethereum;eos;bitcoin-cash
2019-01-08,0.0036740957752855494,bitcoin;xrp;ethereum;eos;bitcoin-cash
2019-01-09,-0.10863152737336242,bitcoin;xrp;ethereum;eos;bitcoin-cash
2019-01-10,-6.832616144265476e-4,bitcoin;xrp;ethereum;eos;bitcoin-cash
2019-01-11,-0.006955811158516163,bitcoin;xrp;ethereum;eos;bitcoin-cash
2019-01-12,-0.03862761919008207,bitcoin;xrp;ethereum;eos;bitcoin-cash
2019-01-13,0.05226908832387885,bitcoin;xrp;ethereum;eos;bitcoin-cash
2019-01-14,-0.026130087391159535,bitcoin;xrp;ethereum;eos;bitcoin-cash
2019-01-15,0.007776789503330702,bitcoin;xrp;ethereum;eos;bitcoin-cash
2019-01-16,0.005790239769035649,bitcoin;xrp;ethereum;eos;bitcoin-cash
2019-01-17,-0.00996467871468935,bitcoin;xrp;ethereum;eos;bitcoin-cash
2019-01-18,0.01993119807100196,bitcoin;xrp;ethereum;eos;bitcoin-cash
2019-01-19,-0.03607452501841186,bitcoin;xrp;ethereum;eos;bitcoin-cash
2019-01-20,-0.00785785981724276,bitcoin;xrp;ethereum;eos;bitcoin-cash
2019-01-21,0.00955979736589799,bitcoin;xrp;ethereum;eos;bitcoin-cash
2019-01-22,-0.00505762853021546,bitcoin;xrp;ethereum;eos;bitcoin-cash
2019-01-23,0.0025094029906738147,bitcoin;xrp;ethereum;eos;bitcoin-cash
2019-01-24,-0.001762397975441093,bitcoin;xrp;ethereum;eos;bitcoin-cash
2019-01-25,-0.0011770715525347083,bitcoin;xrp;ethereum;eos;bitcoin-cash
2019-01-26,-0.01093988172804135,bitcoin;xrp;ethereum;eos;bitcoin-cash
2019-01-27,-0.04099006364953473,bitcoin;xrp;ethereum;eos;bitcoin-cash
2019-01-28,-0.008069957177414327,bitcoin;xrp;ethereum;eos;bitcoin-cash
2019-01-29,0.02764643216358136,bitcoin;xrp;ethereum;eos;bitcoin-cash
2019-01-30,-0.01339888654067039,bitcoin;xrp;ethereum;eos;bitcoin-cash
2019-01-31,0.0067729598617731635,bitcoin;xrp;ethereum;eos;bitcoin-cash
2019-02-01,0.013561376871222927,bitcoin;xrp;ethereum;eos;bitcoin-cash
2019-02-02,-0.019683811065620834,bitcoin;xrp;ethereum;eos;bitcoin-cash
2019-02-03,-0.0010805199395595342,bitcoin;xrp;ethereum;eos;bitcoin-cash
2019-02-04,-8.5021328571695e-5,bitcoin;xrp;ethereum;eos;bitcoin-cash
2019-02-05,-0.018329883045702412,bitcoin;xrp;ethereum;eos;bitcoin-cash
2019-02-06,-0.0030277527086753353,bitcoin;xrp;ethereum;eos;bitcoin-cash
2019-02-07,0.08582710159278048,bitcoin;xrp;ethereum;eos;bitcoin-cash
2019-02-08,7.153847641807021e-4,bitcoin;xrp;ethereum;eos;bitcoin-cash
2019-02-09,0.008670962183009131,bitcoin;xrp;ethereum;eos;bitcoin-cash
2019-02-10,-0.016787660783131313,bitcoin;xrp;ethereum;eos;bitcoin-cash
2019-02-11,0.005443233853404013,bitcoin;xrp;ethereum;eos;bitcoin-cash
2019-02-12,-0.005163932608516735,bitcoin;xrp;ethereum;eos;bitcoin-cash
2019-02-13,-0.0067899329187930705,bitcoin;xrp;ethereum;eos;bitcoin-cash
2019-02-14,0.0020170063890449764,bitcoin;xrp;ethereum;eos;bitcoin-cash
2019-02-15,0.0031398632893684525,bitcoin;xrp;ethereum;eos;bitcoin-cash
2019-02-16,0.020416035259944728,bitcoin;xrp;ethereum;eos;bitcoin-cash
2019-02-17,0.07320592742042643,bitcoin;xrp;ethereum;eos;bitcoin-cash
2019-02-18,0.00605836285566449,bitcoin;xrp;ethereum;eos;bitcoin-cash
2019-02-19,0.02011664677808117,bitcoin;xrp;ethereum;eos;bitcoin-cash
2019-02-20,-0.017518959531690158,bitcoin;xrp;ethereum;eos;bitcoin-cash
2019-02-21,0.012770136375613604,bitcoin;xrp;ethereum;eos;bitcoin-cash
2019-02-22,0.03973667538202081,bitcoin;xrp;ethereum;eos;bitcoin-cash
2019-02-23,-0.10039646131594253,bitcoin;xrp;ethereum;eos;bitcoin-cash
2019-02-24,0.029053127755322754,bitcoin;xrp;ethereum;eos;bitcoin-cash
2019-02-25,-0.01149530662919183,bitcoin;xrp;ethereum;eos;bitcoin-cash
2019-02-26,-0.004960272936038047,bitcoin;xrp;ethereum;eos;bitcoin-cash
2019-02-27,0.0019049894959004188,bitcoin;xrp;ethereum;eos;bitcoin-cash
2019-02-28,0.0015245067026212588,bitcoin;xrp;ethereum;eos;bitcoin-cash
2019-03-01,-0.0022153663116278605,bitcoin;xrp;ethereum;eos;bitcoin-cash
2019-03-02,-0.005960649831998224,bitcoin;xrp;ethereum;eos;bitcoin-cash
2019-03-03,-0.027004391983140016,bitcoin;xrp;ethereum;eos;bitcoin-cash
2019-03-04,0.0444157787646405,bitcoin;xrp;ethereum;eos;bitcoin-cash
2019-03-05,0.002559097278243319,bitcoin;xrp;ethereum;eos;bitcoin-cash
2019-03-06,-5.088952593557302e-4,bitcoin;xrp;ethereum;eos;bitcoin-cash
2019-03-07,-0.00840370846214845,bitcoin;xrp;ethereum;eos;bitcoin-cash
2019-03-08,0.017264448371814897,bitcoin;xrp;ethereum;eos;bitcoin-cash
2019-03-09,-0.0039571294602441884,bitcoin;xrp;ethereum;eos;bitcoin-cash
2019-03-10,-0.013454386497384724,bitcoin;xrp;ethereum;eos;bitcoin-cash
2019-03-11,9.964658250611045e-4,bitcoin;xrp;ethereum;eos;bitcoin-cash
2019-03-12,-2.9842544485212183e-4,bitcoin;xrp;ethereum;eos;bitcoin-cash
2019-03-13,0.0045391659444477235,bitcoin;xrp;ethereum;eos;bitcoin-cash
2019-03-14,0.014760287918706087,bitcoin;xrp;ethereum;eos;bitcoin-cash
2019-03-15,0.02592170074922386,bitcoin;xrp;ethereum;eos;bitcoin-cash
2019-03-16,-0.008038846822421454,bitcoin;xrp;ethereum;eos;bitcoin-cash
2019-03-17,0.002122778605348969,bitcoin;xrp;ethereum;eos;bitcoin-cash
2019-03-18,0.008416252798384883,bitcoin;xrp;ethereum;eos;bitcoin-cash
2019-03-19,0.002247899595633188,bitcoin;xrp;ethereum;eos;bitcoin-cash
2019-03-20,-0.018309710392534057,bitcoin;xrp;ethereum;eos;bitcoin-cash
2019-03-21,-2.7292214413820654e-05,bitcoin;xrp;ethereum;eos;bitcoin-cash
2019-03-22,0.0059938477013948485,bitcoin;xrp;ethereum;eos;bitcoin-cash
2019-03-23,-0.005469798477459478,bitcoin;xrp;ethereum;eos;bitcoin-cash
2019-03-24,-0.014847507975152373,bitcoin;xrp;ethereum;eos;bitcoin-cash
2019-03-25,0.005120544361818867,bitcoin;xrp;ethereum;eos;bitcoin-cash
2019-03-26,0.03205061601942957,bitcoin;xrp;ethereum;eos;bitcoin-cash
2019-03-27,-0.006925821632352118,bitcoin;xrp;ethereum;eos;bitcoin-cash
2019-03-28,0.007366879327856844,bitcoin;xrp;ethereum;eos;bitcoin-cash
2019-03-29,6.76758107650039e-4,bitcoin;xrp;ethereum;eos;bitcoin-cash
2019-03-30,-9.251023772280023e-4,bitcoin;xrp;ethereum;eos;bitcoin-cash
2019-03-31,0.010186997403804805,bitcoin;xrp;ethereum;eos;bitcoin-cash
2019-04-01,0.1591676891114826,bitcoin;litecoin;xrp;ethereum;eos;bitcoin-cash
2019-04-02,0.01646632441575128,bitcoin;litecoin;xrp;ethereum;eos;bitcoin-cash
2019-04-03,-0.015001221232105915,bitcoin;litecoin;xrp;ethereum;eos;bitcoin-cash
2019-04-04,0.03520218129036527,bitcoin;litecoin;xrp;ethereum;eos;bitcoin-cash
2019-04-05,0.0029608067236774043,bitcoin;litecoin;xrp;ethereum;eos;bitcoin-cash
2019-04-06,0.028124834254634544,bitcoin;litecoin;xrp;ethereum;eos;bitcoin-cash
2019-04-07,0.014100058352324678,bitcoin;litecoin;xrp;ethereum;eos;bitcoin-cash
2019-04-08,-0.018862293617500206,bitcoin;litecoin;xrp;ethereum;eos;bitcoin-cash
2019-04-09,0.02039800014829112,bitcoin;litecoin;xrp;ethereum;eos;bitcoin-cash
2019-04-10,-0.059163993173323555,bitcoin;litecoin;xrp;ethereum;eos;bitcoin-cash
2019-04-11,0.0016138651218373093,bitcoin;litecoin;xrp;ethereum;eos;bitcoin-cash
2019-04-12,-1.4350939986497978e-4,bitcoin;litecoin;xrp;ethereum;eos;bitcoin-cash
2019-04-13,0.01629674987900145,bitcoin;litecoin;xrp;ethereum;eos;bitcoin-cash
2019-04-14,-0.021301563142130022,bitcoin;litecoin;xrp;ethereum;eos;bitcoin-cash
2019-04-15,0.030902732351369797,bitcoin;litecoin;xrp;ethereum;eos;bitcoin-cash
2019-04-16,0.0030283695568091218,bitcoin;litecoin;xrp;ethereum;eos;bitcoin-cash
2019-04-17,0.012687847322672339,bitcoin;litecoin;xrp;ethereum;eos;bitcoin-cash
2019-04-18,-0.001307693168499702,bitcoin;litecoin;xrp;ethereum;eos;bitcoin-cash
2019-04-19,0.0019465467947502543,bitcoin;litecoin;xrp;ethereum;eos;bitcoin-cash
2019-04-20,-0.011587812699078956,bitcoin;litecoin;xrp;ethereum;eos;bitcoin-cash
2019-04-21,0.01254350385451625,bitcoin;litecoin;xrp;ethereum;eos;bitcoin-cash
2019-04-22,0.0180080697724041,bitcoin;litecoin;xrp;ethereum;eos;bitcoin-cash
2019-04-23,-0.02881739110534906,bitcoin;litecoin;xrp;ethereum;eos;bitcoin-cash
2019-04-24,-0.04964951986290173,bitcoin;litecoin;xrp;ethereum;eos;bitcoin-cash
2019-04-25,0.015599347666650039,bitcoin;litecoin;xrp;ethereum;eos;bitcoin-cash
2019-04-26,-8.835199812832632e-4,bitcoin;litecoin;xrp;ethereum;eos;bitcoin-cash
2019-04-27,-2.3576561559837965e-4,bitcoin;litecoin;xrp;ethereum;eos;bitcoin-cash
2019-04-28,-0.0115936923083634,bitcoin;litecoin;xrp;ethereum;eos;bitcoin-cash
2019-04-29,0.03240425972117278,bitcoin;litecoin;xrp;ethereum;eos;bitcoin-cash
2019-04-30,0.003079414670261007,bitcoin;litecoin;xrp;ethereum;eos;bitcoin-cash
2019-05-01,0.01276422684247551,bitcoin;litecoin;xrp;ethereum;eos;bitcoin-cash
2019-05-02,0.04310020154013088,bitcoin;litecoin;xrp;ethereum;eos;bitcoin-cash
2019-05-03,0.0011118152293160474,bitcoin;litecoin;xrp;ethereum;eos;bitcoin-cash
2019-05-04,-0.006295851464221064,bitcoin;litecoin;xrp;ethereum;eos;bitcoin-cash
2019-05-05,0.0010077832515140684,bitcoin;litecoin;xrp;ethereum;eos;bitcoin-cash
2019-05-06,0.005598446554092446,bitcoin;litecoin;xrp;ethereum;eos;bitcoin-cash
2019-05-07,0.018478700651032246,bitcoin;litecoin;xrp;ethereum;eos;bitcoin-cash
2019-05-08,0.017816612591636246,bitcoin;litecoin;xrp;ethereum;eos;bitcoin-cash
2019-05-09,0.02650845920402559,bitcoin;litecoin;xrp;ethereum;eos;bitcoin-cash
2019-05-10,0.11840870558419492,bitcoin;litecoin;xrp;ethereum;eos;bitcoin-cash
2019-05-11,-0.03505467504376272,bitcoin;litecoin;xrp;ethereum;eos;bitcoin-cash
2019-05-12,0.09224560554036654,bitcoin;litecoin;xrp;ethereum;eos;bitcoin-cash
2019-05-13,0.061353139284489454,bitcoin;litecoin;xrp;ethereum;eos;bitcoin-cash
2019-05-14,0.05424691646763422,bitcoin;litecoin;xrp;ethereum;eos;bitcoin-cash
2019-05-15,-0.02978801101120589,bitcoin;litecoin;xrp;ethereum;eos;bitcoin-cash
2019-05-16,-0.07442310080590678,bitcoin;litecoin;xrp;ethereum;eos;bitcoin-cash
2019-05-17,-0.018090019941662445,bitcoin;litecoin;xrp;ethereum;eos;bitcoin-cash
2019-05-18,0.11726687165430219,bitcoin;litecoin;xrp;ethereum;eos;bitcoin-cash
2019-05-19,-0.03170228562180718,bitcoin;litecoin;xrp;ethereum;eos;bitcoin-cash
2019-05-20,8.820496994655654e-4,bitcoin;litecoin;xrp;ethereum;eos;bitcoin-cash
2019-05-21,-0.040412292691400446,bitcoin;litecoin;xrp;ethereum;eos;bitcoin-cash
2019-05-22,0.02073934199414738,bitcoin;litecoin;xrp;ethereum;eos;bitcoin-cash
2019-05-23,0.016615784830799857,bitcoin;litecoin;xrp;ethereum;eos;bitcoin-cash
2019-05-24,0.007923021291298495,bitcoin;litecoin;xrp;ethereum;eos;bitcoin-cash
2019-05-25,0.06957157984157507,bitcoin;litecoin;xrp;ethereum;eos;bitcoin-cash
2019-05-26,0.02694779224978091,bitcoin;litecoin;xrp;ethereum;eos;bitcoin-cash
2019-05-27,-0.004290329863004173,bitcoin;litecoin;xrp;ethereum;eos;bitcoin-cash
2019-05-28,-0.005741302125612215,bitcoin;litecoin;xrp;ethereum;eos;bitcoin-cash
2019-05-29,-0.045015689831413463,bitcoin;litecoin;xrp;ethereum;eos;bitcoin-cash
2019-05-30,0.03756452323791987,bitcoin;litecoin;xrp;ethereum;eos;bitcoin-cash
2019-05-31,-0.008112776847408736,bitcoin;litecoin;xrp;ethereum;eos;bitcoin-cash
2019-06-01,0.02119969542672967,bitcoin;litecoin;xrp;ethereum;eos;bitcoin-cash
2019-06-02,-0.06361101919290613,bitcoin;litecoin;xrp;ethereum;eos;bitcoin-cash
2019-06-03,-0.06044451296280439,bitcoin;litecoin;xrp;ethereum;eos;bitcoin-cash
2019-06-04,0.01569228740417541,bitcoin;litecoin;xrp;ethereum;eos;bitcoin-cash
2019-06-05,0.007902171191410907,bitcoin;litecoin;xrp;ethereum;eos;bitcoin-cash
2019-06-06,0.023155281918219472,bitcoin;litecoin;xrp;ethereum;eos;bitcoin-cash
2019-06-07,-0.014754931139129075,bitcoin;litecoin;xrp;ethereum;eos;bitcoin-cash
2019-06-08,-0.03995207016889924,bitcoin;litecoin;xrp;ethereum;eos;bitcoin-cash
2019-06-09,0.04326210763017899,bitcoin;litecoin;xrp;ethereum;eos;bitcoin-cash
2019-06-10,-0.008315228394093698,bitcoin;litecoin;xrp;ethereum;eos;bitcoin-cash
2019-06-11,0.02919939785957834,bitcoin;litecoin;xrp;ethereum;eos;bitcoin-cash
2019-06-12,0.004252991481788075,bitcoin;litecoin;xrp;ethereum;eos;bitcoin-cash
2019-06-13,0.04309569354261323,bitcoin;litecoin;xrp;ethereum;eos;bitcoin-cash
2019-06-14,0.017125498056053057,bitcoin;litecoin;xrp;ethereum;eos;bitcoin-cash
2019-06-15,0.01736217116576717,bitcoin;litecoin;xrp;ethereum;eos;bitcoin-cash
2019-06-16,0.03226166078089076,bitcoin;litecoin;xrp;ethereum;eos;bitcoin-cash
2019-06-17,-0.02964345838628521,bitcoin;litecoin;xrp;ethereum;eos;bitcoin-cash
2019-06-18,0.019096535958772053,bitcoin;litecoin;xrp;ethereum;eos;bitcoin-cash
2019-06-19,0.01623339981466615,bitcoin;litecoin;xrp;ethereum;eos;bitcoin-cash
2019-06-20,0.05937986888221964,bitcoin;litecoin;xrp;ethereum;eos;bitcoin-cash
2019-06-21,0.05467896844028783,bitcoin;litecoin;xrp;ethereum;eos;bitcoin-cash
2019-06-22,0.004830585489313488,bitcoin;litecoin;xrp;ethereum;eos;bitcoin-cash
2019-06-23,0.010703969985723235,bitcoin;litecoin;xrp;ethereum;eos;bitcoin-cash
2019-06-24,0.04801402036832638,bitcoin;litecoin;xrp;ethereum;eos;bitcoin-cash
2019-06-25,0.06992901245938939,bitcoin;litecoin;xrp;ethereum;eos;bitcoin-cash
2019-06-26,-0.14666823222452138,bitcoin;litecoin;xrp;ethereum;eos;bitcoin-cash
2019-06-27,0.08582368966481055,bitcoin;litecoin;xrp;ethereum;eos;bitcoin-cash
2019-06-28,-0.015942503294261032,bitcoin;litecoin;xrp;ethereum;eos;bitcoin-cash
2019-06-29,-0.0970392709871799,bitcoin;litecoin;xrp;ethereum;eos;bitcoin-cash
2019-06-30,-0.007353930331089257,bitcoin;litecoin;xrp;ethereum;eos;bitcoin-cash
2019-07-01,0.01061709326626791,bitcoin;litecoin;xrp;ethereum;bitcoin-cash
2019-07-02,0.08191401997584703,bitcoin;litecoin;xrp;ethereum;bitcoin-cash
2019-07-03,-0.061035215101639416,bitcoin;litecoin;xrp;ethereum;bitcoin-cash
2019-07-04,-0.016476208684475777,bitcoin;litecoin;xrp;ethereum;bitcoin-cash
2019-07-05,0.017193170493403225,bitcoin;litecoin;xrp;ethereum;bitcoin-cash
2019-07-06,0.026215612859801354,bitcoin;litecoin;xrp;ethereum;bitcoin-cash
2019-07-07,0.05588955802673186,bitcoin;litecoin;xrp;ethereum;bitcoin-cash
2019-07-08,0.011870159236510207,bitcoin;litecoin;xrp;ethereum;bitcoin-cash
2019-07-09,-0.04472431554257119,bitcoin;litecoin;xrp;ethereum;bitcoin-cash
2019-07-10,-0.07287321841583111,bitcoin;litecoin;xrp;ethereum;bitcoin-cash
2019-07-11,0.03708964386461765,bitcoin;litecoin;xrp;ethereum;bitcoin-cash
2019-07-12,-0.03475734375363035,bitcoin;litecoin;xrp;ethereum;bitcoin-cash
2019-07-13,-0.11493251589418807,bitcoin;litecoin;xrp;ethereum;bitcoin-cash
2019-07-14,0.051150495608645846,bitcoin;litecoin;xrp;ethereum;bitcoin-cash
2019-07-15,-0.13185042118630513,bitcoin;litecoin;xrp;ethereum;bitcoin-cash
2019-07-16,0.03314642728073597,bitcoin;litecoin;xrp;ethereum;bitcoin-cash
2019-07-17,0.08746244266081096,bitcoin;litecoin;xrp;ethereum;bitcoin-cash
2019-07-18,-0.014576297613271668,bitcoin;litecoin;xrp;ethereum;bitcoin-cash
2019-07-19,0.02623066255176654,bitcoin;litecoin;xrp;ethereum;bitcoin-cash
2019-07-20,-0.014424848991816936,bitcoin;litecoin;xrp;ethereum;bitcoin-cash
2019-07-21,-0.02723352997235604,bitcoin;litecoin;xrp;ethereum;bitcoin-cash
2019-07-22,-0.040633913479265656,bitcoin;litecoin;xrp;ethereum;bitcoin-cash
2019-07-23,-3.470084357842094e-4,bitcoin;litecoin;xrp;ethereum;bitcoin-cash
2019-07-24,0.00815867710575166,bitcoin;litecoin;xrp;ethereum;bitcoin-cash
2019-07-25,0.0011611527298355025,bitcoin;litecoin;xrp;ethereum;bitcoin-cash
2019-07-26,-0.043038925914125656,bitcoin;litecoin;xrp;ethereum;bitcoin-cash
2019-07-27,0.009239609331867439,bitcoin;litecoin;xrp;ethereum;bitcoin-cash
2019-07-28,-0.002975319976402764,bitcoin;litecoin;xrp;ethereum;bitcoin-cash
2019-07-29,0.009252259685507962,bitcoin;litecoin;xrp;ethereum;bitcoin-cash
2019-07-30,0.04431201186948282,bitcoin;litecoin;xrp;ethereum;bitcoin-cash
2019-07-31,0.02109110508513895,bitcoin;litecoin;xrp;ethereum;bitcoin-cash
2019-08-01,0.004949956821922007,bitcoin;litecoin;xrp;ethereum;bitcoin-cash
2019-08-02,0.024767622621901964,bitcoin;litecoin;xrp;ethereum;bitcoin-cash
2019-08-03,0.010294243119945997,bitcoin;litecoin;xrp;ethereum;bitcoin-cash
2019-08-04,0.06268602082926977,bitcoin;litecoin;xrp;ethereum;bitcoin-cash
2019-08-05,-0.030761498852881167,bitcoin;litecoin;xrp;ethereum;bitcoin-cash
2019-08-06,0.02857198151376247,bitcoin;litecoin;xrp;ethereum;bitcoin-cash
2019-08-07,-0.003826261896533665,bitcoin;litecoin;xrp;ethereum;bitcoin-cash
2019-08-08,-0.019434379822665878,bitcoin;litecoin;xrp;ethereum;bitcoin-cash
2019-08-09,-0.032978118533892785,bitcoin;litecoin;xrp;ethereum;bitcoin-cash
2019-08-10,0.021090968811397694,bitcoin;litecoin;xrp;ethereum;bitcoin-cash
2019-08-11,-0.014337006856289903,bitcoin;litecoin;xrp;ethereum;bitcoin-cash
2019-08-12,-0.0330552577537965,bitcoin;litecoin;xrp;ethereum;bitcoin-cash
2019-08-13,-0.08941148000172022,bitcoin;litecoin;xrp;ethereum;bitcoin-cash
2019-08-14,0.0205590187101975,bitcoin;litecoin;xrp;ethereum;bitcoin-cash
2019-08-15,1.5527827425207926e-4,bitcoin;litecoin;xrp;ethereum;bitcoin-cash
2019-08-16,-0.009833939174056438,bitcoin;litecoin;xrp;ethereum;bitcoin-cash
2019-08-17,0.0218664946452343,bitcoin;litecoin;xrp;ethereum;bitcoin-cash
2019-08-18,0.04561503895120545,bitcoin;litecoin;xrp;ethereum;bitcoin-cash
2019-08-19,-0.01857141098077545,bitcoin;litecoin;xrp;ethereum;bitcoin-cash
2019-08-20,-0.05490000661152322,bitcoin;litecoin;xrp;ethereum;bitcoin-cash
2019-08-21,0.005291605206755885,bitcoin;litecoin;xrp;ethereum;bitcoin-cash
2019-08-22,0.024753459722519272,bitcoin;litecoin;xrp;ethereum;bitcoin-cash
2019-08-23,-0.022712430206266936,bitcoin;litecoin;xrp;ethereum;bitcoin-cash
2019-08-24,-0.006102566549935865,bitcoin;litecoin;xrp;ethereum;bitcoin-cash
2019-08-25,0.019212608409566234,bitcoin;litecoin;xrp;ethereum;bitcoin-cash
2019-08-26,-0.015064928089437334,bitcoin;litecoin;xrp;ethereum;bitcoin-cash
2019-08-27,-0.0491366375698755,bitcoin;litecoin;xrp;ethereum;bitcoin-cash
2019-08-28,-0.02468117053595163,bitcoin;litecoin;xrp;ethereum;bitcoin-cash
2019-08-29,0.005804289891793138,bitcoin;litecoin;xrp;ethereum;bitcoin-cash
2019-08-30,0.006304934410041783,bitcoin;litecoin;xrp;ethereum;bitcoin-cash
2019-08-31,0.00949116836166111,bitcoin;litecoin;xrp;ethereum;bitcoin-cash
2019-09-01,0.04963943301660844,bitcoin;litecoin;xrp;ethereum;bitcoin-cash
2019-09-02,0.022371955391518684,bitcoin;litecoin;xrp;ethereum;bitcoin-cash
2019-09-03,-0.007142571030430148,bitcoin;litecoin;xrp;ethereum;bitcoin-cash
2019-09-04,-0.005032834649618408,bitcoin;litecoin;xrp;ethereum;bitcoin-cash
2019-09-05,-0.02050005648853635,bitcoin;litecoin;xrp;ethereum;bitcoin-cash
2019-09-06,0.023768885848569107,bitcoin;litecoin;xrp;ethereum;bitcoin-cash
2019-09-07,-7.684546512866673e-4,bitcoin;litecoin;xrp;ethereum;bitcoin-cash
2019-09-08,-0.008987851692168012,bitcoin;litecoin;xrp;ethereum;bitcoin-cash
2019-09-09,-0.016443583844280855,bitcoin;litecoin;xrp;ethereum;bitcoin-cash
2019-09-10,0.001787874982673418,bitcoin;litecoin;xrp;ethereum;bitcoin-cash
2019-09-11,0.01709784493851095,bitcoin;litecoin;xrp;ethereum;bitcoin-cash
2019-09-12,-0.0034681353502357855,bitcoin;litecoin;xrp;ethereum;bitcoin-cash
2019-09-13,0.008110198199508228,bitcoin;litecoin;xrp;ethereum;bitcoin-cash
2019-09-14,4.164001590616218e-4,bitcoin;litecoin;xrp;ethereum;bitcoin-cash
2019-09-15,0.0011873275665578889,bitcoin;litecoin;xrp;ethereum;bitcoin-cash
2019-09-16,0.014565868946726585,bitcoin;litecoin;xrp;ethereum;bitcoin-cash
2019-09-17,0.009246742692109115,bitcoin;litecoin;xrp;ethereum;bitcoin-cash
2019-09-18,0.006977309839888067,bitcoin;litecoin;xrp;ethereum;bitcoin-cash
2019-09-19,-0.01190598016474783,bitcoin;litecoin;xrp;ethereum;bitcoin-cash
2019-09-20,-0.015534211854936503,bitcoin;litecoin;xrp;ethereum;bitcoin-cash
2019-09-21,-0.0028784026514371602,bitcoin;litecoin;xrp;ethereum;bitcoin-cash
2019-09-22,-0.03847742117290309,bitcoin;litecoin;xrp;ethereum;bitcoin-cash
2019-09-23,-0.13752030784132854,bitcoin;litecoin;xrp;ethereum;bitcoin-cash
2019-09-24,-0.0028366871043799795,bitcoin;litecoin;xrp;ethereum;bitcoin-cash
2019-09-25,-0.039192850050678525,bitcoin;litecoin;xrp;ethereum;bitcoin-cash
2019-09-26,0.019250237422001642,bitcoin;litecoin;xrp;ethereum;bitcoin-cash
2019-09-27,-5.627669917513778e-4,bitcoin;litecoin;xrp;ethereum;bitcoin-cash
2019-09-28,-0.018024609109736238,bitcoin;litecoin;xrp;ethereum;bitcoin-cash
2019-09-29,0.03078636590964086,bitcoin;litecoin;xrp;ethereum;bitcoin-cash
2019-09-30,-2.7919224124780504e-4,bitcoin;litecoin;xrp;ethereum;bitcoin-cash
2019-10-01,0.007832162527483566,bitcoin;xrp;ethereum
2019-10-02,-0.017898454287343175,bitcoin;xrp;ethereum
2019-10-03,-0.003084971402136198,bitcoin;xrp;ethereum
2019-10-04,-0.006067281764811223,bitcoin;xrp;ethereum
2019-10-05,-0.01797985777171878,bitcoin;xrp;ethereum
2019-10-06,0.035227501670102815,bitcoin;xrp;ethereum
2019-10-07,-6.707779906645312e-4,bitcoin;xrp;ethereum
2019-10-08,0.04345598371558152,bitcoin;xrp;ethereum
2019-10-09,-0.003759629968777999,bitcoin;xrp;ethereum
2019-10-10,-0.03148965773233284,bitcoin;xrp;ethereum
2019-10-11,9.520339773300396e-4,bitcoin;xrp;ethereum
2019-10-12,9.071038910548651e-5,bitcoin;xrp;ethereum
2019-10-13,0.01187133996553433,bitcoin;xrp;ethereum
2019-10-14,-0.021784644704893105,bitcoin;xrp;ethereum
2019-10-15,-0.020223144920955595,bitcoin;xrp;ethereum
2019-10-16,0.010494840867041036,bitcoin;xrp;ethereum
2019-10-17,-0.01763437271588997,bitcoin;xrp;ethereum
2019-10-18,8.098060077178288e-4,bitcoin;xrp;ethereum
2019-10-19,0.025972605425672778,bitcoin;xrp;ethereum
2019-10-20,0.0016148980356493967,bitcoin;xrp;ethereum
2019-10-21,-0.018854657798225743,bitcoin;xrp;ethereum
2019-10-22,-0.07035861465525337,bitcoin;xrp;ethereum
2019-10-23,-0.0016146502138113502,bitcoin;xrp;ethereum
2019-10-24,0.13708433043087698,bitcoin;xrp;ethereum
2019-10-25,0.053020484683166405,bitcoin;xrp;ethereum
2019-10-26,0.030755696853427893,bitcoin;xrp;ethereum
2019-10-27,-0.027693172786060562,bitcoin;xrp;ethereum
2019-10-28,0.02078829579188137,bitcoin;xrp;ethereum
2019-10-29,-0.024139187477947077,bitcoin;xrp;ethereum
2019-10-30,-0.0010018880367481165,bitcoin;xrp;ethereum
2019-10-31,0.0048753788248794075,bitcoin;xrp;ethereum
2019-11-01,0.006433182094864388,bitcoin;xrp;ethereum
2019-11-02,-0.009907851403920597,bitcoin;xrp;ethereum
2019-11-03,0.019842091245932055,bitcoin;xrp;ethereum
2019-11-04,-0.0044185037662121725,bitcoin;xrp;ethereum
2019-11-05,0.0045410548846943136,bitcoin;xrp;ethereum
2019-11-06,-0.01373927203897388,bitcoin;xrp;ethereum
2019-11-07,-0.04822304021559379,bitcoin;xrp;ethereum
2019-11-08,0.0019524577372878665,bitcoin;xrp;ethereum
2019-11-09,0.025185452314777704,bitcoin;xrp;ethereum
2019-11-10,-0.031323911763353654,bitcoin;xrp;ethereum
2019-11-11,0.005717845009512113,bitcoin;xrp;ethereum
2019-11-12,1.9767824945647952e-4,bitcoin;xrp;ethereum
2019-11-13,-0.011404410543483099,bitcoin;xrp;ethereum
2019-11-14,-0.02606120300146813,bitcoin;xrp;ethereum
2019-11-15,0.007873694444084197,bitcoin;xrp;ethereum
2019-11-16,0.003950987236100165,bitcoin;xrp;ethereum
2019-11-17,-0.03140872544225409,bitcoin;xrp;ethereum
2019-11-18,-0.012078836824130574,bitcoin;xrp;ethereum
2019-11-19,-0.02069708313981298,bitcoin;xrp;ethereum
2019-11-20,-0.051655587771108055,bitcoin;xrp;ethereum
2019-11-21,-0.04924244513870386,bitcoin;xrp;ethereum
2019-11-22,0.014826235449762665,bitcoin;xrp;ethereum
2019-11-23,-0.05127885499546032,bitcoin;xrp;ethereum
2019-11-24,0.013017392382928013,bitcoin;xrp;ethereum
2019-11-25,0.011094034400559274,bitcoin;xrp;ethereum
2019-11-26,0.039191748269042495,bitcoin;xrp;ethereum
2019-11-27,-0.008681842160240176,bitcoin;xrp;ethereum
2019-11-28,0.036728019337855605,bitcoin;xrp;ethereum
2019-11-29,-0.023782770893056235,bitcoin;xrp;ethereum
2019-11-30,-0.017490371649375,bitcoin;xrp;ethereum
2019-12-01,-0.01459414132148112,bitcoin;xrp;ethereum
2019-12-02,-8.963450403374902e-4,bitcoin;xrp;ethereum
2019-12-03,-0.009621800263206633,bitcoin;xrp;ethereum
2019-12-04,0.02588809411909695,bitcoin;xrp;ethereum
2019-12-05,0.011681241433528791,bitcoin;xrp;ethereum
2019-12-06,0.0014796458969202155,bitcoin;xrp;ethereum
2019-12-07,0.0031040447630240613,bitcoin;xrp;ethereum
2019-12-08,-0.02168694354662778,bitcoin;xrp;ethereum
2019-12-09,-0.015709842142392495,bitcoin;xrp;ethereum
2019-12-10,-0.009493426267386028,bitcoin;xrp;ethereum
2019-12-11,0.0038299337801584654,bitcoin;xrp;ethereum
2019-12-12,0.0028425744778137678,bitcoin;xrp;ethereum
2019-12-13,-0.0192961129724572,bitcoin;xrp;ethereum
2019-12-14,0.003755909922411285,bitcoin;xrp;ethereum
2019-12-15,-0.036332723616775676,bitcoin;xrp;ethereum
2019-12-16,-0.051883148763136516,bitcoin;xrp;ethereum
2019-12-17,0.08905479682178205,bitcoin;xrp;ethereum
2019-12-18,-0.013117567524270367,bitcoin;xrp;ethereum
2019-12-19,0.0029975061213275956,bitcoin;xrp;ethereum
2019-12-20,-0.004333906358755199,bitcoin;xrp;ethereum
2019-12-21,0.04081048870186757,bitcoin;xrp;ethereum
2019-12-22,-0.022365164954812257,bitcoin;xrp;ethereum
2019-12-23,-0.0030540578140960902,bitcoin;xrp;ethereum
2019-12-24,-0.007989030348073108,bitcoin;xrp;ethereum
2019-12-25,-0.004362947272667096,bitcoin;xrp;ethereum
2019-12-26,0.006814610996235834,bitcoin;xrp;ethereum
2019-12-27,0.004731696120568555,bitcoin;xrp;ethereum
2019-12-28,0.0180694875219456,bitcoin;xrp;ethereum
2019-12-29,-0.017188443840783864,bitcoin;xrp;ethereum
2019-12-30,-0.01435841642953293,bitcoin;xrp;ethereum
2019-12-31,0.001636931612953286,bitcoin;xrp;ethereum
2020-01-01,-0.029491180798480506,bitcoin;xrp;ethereum
2020-01-02,0.04899113660955515,bitcoin;xrp;ethereum
2020-01-03,0.008397482072821604,bitcoin;xrp;ethereum
2020-01-04,0.001362771294256325,bitcoin;xrp;ethereum
2020-01-05,0.05302801314370783,bitcoin;xrp;ethereum
2020-01-06,0.03865770888906124,bitcoin;xrp;ethereum
2020-01-07,-0.011706472848883917,bitcoin;xrp;ethereum
2020-01-08,-0.023928902784322036,bitcoin;xrp;ethereum
2020-01-09,0.03575534737496576,bitcoin;xrp;ethereum
2020-01-10,-0.014175504271910612,bitcoin;xrp;ethereum
2020-01-11,0.019142626505915857,bitcoin;xrp;ethereum
2020-01-12,-0.006979549988239358,bitcoin;xrp;ethereum
2020-01-13,0.08783902486005614,bitcoin;xrp;ethereum
2020-01-14,-0.0022747506035606883,bitcoin;xrp;ethereum
2020-01-15,-0.010237656117757093,bitcoin;xrp;ethereum
2020-01-16,0.026049381669683284,bitcoin;xrp;ethereum
2020-01-17,0.005164375822496891,bitcoin;xrp;ethereum
2020-01-18,-0.029418931606123955,bitcoin;xrp;ethereum
2020-01-19,-0.00519299186393055,bitcoin;xrp;ethereum
2020-01-20,0.011062830413343726,bitcoin;xrp;ethereum
2020-01-21,-0.0073751410072856955,bitcoin;xrp;ethereum
2020-01-22,-0.03282785647025053,bitcoin;xrp;ethereum
2020-01-23,0.00308491052353476,bitcoin;xrp;ethereum
2020-01-24,-0.009559589837274483,bitcoin;xrp;ethereum
2020-01-25,0.029608521170187595,bitcoin;xrp;ethereum
2020-01-26,0.031739633060677896,bitcoin;xrp;ethereum
2020-01-27,0.046183789332750524,bitcoin;xrp;ethereum
2020-01-28,-0.005247693193936212,bitcoin;xrp;ethereum
2020-01-29,0.02461402127350466,bitcoin;xrp;ethereum
2020-01-30,-0.0177172339903571,bitcoin;xrp;ethereum
2020-01-31,0.006326870671875434,bitcoin;xrp;ethereum
2020-02-01,7.425504286330558e-4,bitcoin;xrp;ethereum
2020-02-02,-0.0029227941524650703,bitcoin;xrp;ethereum
2020-02-03,-0.007596782161016563,bitcoin;xrp;ethereum
2020-02-04,0.04868453728821164,bitcoin;xrp;ethereum
2020-02-05,0.01509203623964794,bitcoin;xrp;ethereum
2020-02-06,0.009893400755014693,bitcoin;xrp;ethereum
2020-02-07,0.005613782843283021,bitcoin;xrp;ethereum
2020-02-08,0.024656076493772924,bitcoin;xrp;ethereum
2020-02-09,-0.02591995176771337,bitcoin;xrp;ethereum
2020-02-10,0.03613647567311363,bitcoin;xrp;ethereum
2020-02-11,0.026838701112148245,bitcoin;xrp;ethereum
2020-02-12,-0.0036395170715780097,bitcoin;xrp;ethereum
2020-02-13,0.015456732027696823,bitcoin;xrp;ethereum
2020-02-14,-0.04779328865013312,bitcoin;xrp;ethereum
2020-02-15,-4.1550698404228494e-4,bitcoin;xrp;ethereum
2020-02-16,-0.020098655702443267,bitcoin;xrp;ethereum
2020-02-17,0.04630690722835502,bitcoin;xrp;ethereum
2020-02-18,-0.05576309086065106,bitcoin;xrp;ethereum
2020-02-19,-0.004060567367005171,bitcoin;xrp;ethereum
2020-02-20,0.010319866465136785,bitcoin;xrp;ethereum
2020-02-21,-0.003056836351081388,bitcoin;xrp;ethereum
2020-02-22,0.028171313786958228,bitcoin;xrp;ethereum
2020-02-23,-0.029381535723949682,bitcoin;xrp;ethereum
2020-02-24,-0.03817713162957425,bitcoin;xrp;ethereum
2020-02-25,-0.06334135813055249,bitcoin;xrp;ethereum
2020-02-26,-0.0012641350695125715,bitcoin;xrp;ethereum
2020-02-27,-0.010935654345871359,bitcoin;xrp;ethereum
2020-02-28,-0.011583772083206632,bitcoin;xrp;ethereum
2020-02-29,-0.004652806191358627,bitcoin;xrp;ethereum
2020-03-01,0.03736764463432373,bitcoin;xrp;ethereum
2020-03-02,-0.01163681095004597,bitcoin;xrp;ethereum
2020-03-03,-0.003041738519640483,bitcoin;xrp;ethereum
2020-03-04,0.03378128357663739,bitcoin;xrp;ethereum
2020-03-05,0.01135136825437932,bitcoin;xrp;ethereum
2020-03-06,-0.023927296305750138,bitcoin;xrp;ethereum
2020-03-07,-0.10464163585372876,bitcoin;xrp;ethereum
2020-03-08,-0.017883833352561863,bitcoin;xrp;ethereum
2020-03-09,-0.001183570935444834,bitcoin;xrp;ethereum
2020-03-10,-0.004098815874997656,bitcoin;xrp;ethereum
2020-03-11,-0.4694255271582713,bitcoin;xrp;ethereum
2020-03-12,0.11978573558663914,bitcoin;xrp;ethereum
2020-03-13,-0.06921970334505817,bitcoin;xrp;ethereum
2020-03-14,0.034586335870325884,bitcoin;xrp;ethereum
2020-03-15,-0.07880497712908285,bitcoin;xrp;ethereum
2020-03-16,0.03900642589559197,bitcoin;xrp;ethereum
2020-03-17,0.002232190563592662,bitcoin;xrp;ethereum
2020-03-18,0.1662268382946081,bitcoin;xrp;ethereum
2020-03-19,-0.005071864525974403,bitcoin;xrp;ethereum
2020-03-20,-0.0012681661162286407,bitcoin;xrp;ethereum
2020-03-21,-0.06016123024525913,bitcoin;xrp;ethereum
2020-03-22,0.09212276671152975,bitcoin;xrp;ethereum
2020-03-23,0.04523358610194169,bitcoin;xrp;ethereum
2020-03-24,-0.00884080091450736,bitcoin;xrp;ethereum
2020-03-25,0.010986929798136128,bitcoin;xrp;ethereum
2020-03-26,-0.03415952210313941,bitcoin;xrp;ethereum
2020-03-27,-0.03234218460547832,bitcoin;xrp;ethereum
2020-03-28,-0.052681728455411324,bitcoin;xrp;ethereum
2020-03-29,0.07761583233161758,bitcoin;xrp;ethereum
2020-03-30,0.0025322824440192826,bitcoin;xrp;ethereum
2020-03-31,0.02335522898286314,bitcoin;xrp;ethereum
2020-04-01,0.02968408036077796,bitcoin;xrp;ethereum;bitcoin-cash
2020-04-02,-0.006488656175519511,bitcoin;xrp;ethereum;bitcoin-cash
2020-04-03,0.019351653888632355,bitcoin;xrp;ethereum;bitcoin-cash
2020-04-04,-0.011867250403070977,bitcoin;xrp;ethereum;bitcoin-cash
2020-04-05,0.08060853803832999,bitcoin;xrp;ethereum;bitcoin-cash
2020-04-06,-0.014683171876756478,bitcoin;xrp;ethereum;bitcoin-cash
2020-04-07,0.026449549475066655,bitcoin;xrp;ethereum;bitcoin-cash
2020-04-08,-0.006413760833666612,bitcoin;xrp;ethereum;bitcoin-cash
2020-04-09,-0.06400270343753942,bitcoin;xrp;ethereum;bitcoin-cash
2020-04-10,-8.579723750875978e-4,bitcoin;xrp;ethereum;bitcoin-cash
2020-04-11,0.01614548665765474,bitcoin;xrp;ethereum;bitcoin-cash
2020-04-12,-0.02033833024846555,bitcoin;xrp;ethereum;bitcoin-cash
2020-04-13,-3.35924108903629e-4,bitcoin;xrp;ethereum;bitcoin-cash
2020-04-14,-0.029094477339005297,bitcoin;xrp;ethereum;bitcoin-cash
2020-04-15,0.07362276887566888,bitcoin;xrp;ethereum;bitcoin-cash
2020-04-16,-0.0029033907507636045,bitcoin;xrp;ethereum;bitcoin-cash
2020-04-17,0.029947881841531916,bitcoin;xrp;ethereum;bitcoin-cash
2020-04-18,-0.013092079144240253,bitcoin;xrp;ethereum;bitcoin-cash
2020-04-19,-0.04473217777625073,bitcoin;xrp;ethereum;bitcoin-cash
2020-04-20,3.5075211204194584e-4,bitcoin;xrp;ethereum;bitcoin-cash
2020-04-21,0.03596840696336017,bitcoin;xrp;ethereum;bitcoin-cash
2020-04-22,0.037623954611398135,bitcoin;xrp;ethereum;bitcoin-cash
2020-04-23,0.016456190625591265,bitcoin;xrp;ethereum;bitcoin-cash
2020-04-24,0.005947172842288291,bitcoin;xrp;ethereum;bitcoin-cash
2020-04-25,0.013944945036320855,bitcoin;xrp;ethereum;bitcoin-cash
2020-04-26,0.011970106112529025,bitcoin;xrp;ethereum;bitcoin-cash
2020-04-27,0.006369757003883623,bitcoin;xrp;ethereum;bitcoin-cash
2020-04-28,0.11106285088084614,bitcoin;xrp;ethereum;bitcoin-cash
2020-04-29,-0.022425773946241945,bitcoin;xrp;ethereum;bitcoin-cash
2020-04-30,0.02490304983479569,bitcoin;xrp;ethereum;bitcoin-cash
2020-05-01,0.013441472234361033,bitcoin;xrp;ethereum;bitcoin-cash
2020-05-02,-0.012669714103723527,bitcoin;xrp;ethereum;bitcoin-cash
2020-05-03,-0.0010342837974272744,bitcoin;xrp;ethereum;bitcoin-cash
2020-05-04,0.006705255652516684,bitcoin;xrp;ethereum;bitcoin-cash
2020-05-05,0.021907133439490373,bitcoin;xrp;ethereum;bitcoin-cash
2020-05-06,0.06346050043418584,bitcoin;xrp;ethereum;bitcoin-cash
2020-05-07,-0.007256912026644832,bitcoin;xrp;ethereum;bitcoin-cash
2020-05-08,-0.021552306808100722,bitcoin;xrp;ethereum;bitcoin-cash
2020-05-09,-0.09516702340187229,bitcoin;xrp;ethereum;bitcoin-cash
2020-05-10,-0.01677527565211303,bitcoin;xrp;ethereum;bitcoin-cash
2020-05-11,0.021504228817267948,bitcoin;xrp;ethereum;bitcoin-cash
2020-05-12,0.04894912289698551,bitcoin;xrp;ethereum;bitcoin-cash
2020-05-13,0.04223872924112113,bitcoin;xrp;ethereum;bitcoin-cash
2020-05-14,-0.04029545414225972,bitcoin;xrp;ethereum;bitcoin-cash
2020-05-15,0.007429749953535997,bitcoin;xrp;ethereum;bitcoin-cash
2020-05-16,0.0292751436568125,bitcoin;xrp;ethereum;bitcoin-cash
2020-05-17,0.010297257081714145,bitcoin;xrp;ethereum;bitcoin-cash
2020-05-18,-8.725880663728035e-4,bitcoin;xrp;ethereum;bitcoin-cash
2020-05-19,-0.020430212055429595,bitcoin;xrp;ethereum;bitcoin-cash
2020-05-20,-0.04684598595852098,bitcoin;xrp;ethereum;bitcoin-cash
2020-05-21,0.014906260880816898,bitcoin;xrp;ethereum;bitcoin-cash
2020-05-22,0.00281120678542898,bitcoin;xrp;ethereum;bitcoin-cash
2020-05-23,-0.04322676576138264,bitcoin;xrp;ethereum;bitcoin-cash
2020-05-24,0.013497467566972642,bitcoin;xrp;ethereum;bitcoin-cash
2020-05-25,-0.009722467053204358,bitcoin;xrp;ethereum;bitcoin-cash
2020-05-26,0.03659854622641349,bitcoin;xrp;ethereum;bitcoin-cash
2020-05-27,0.036829788086971224,bitcoin;xrp;ethereum;bitcoin-cash
2020-05-28,-0.007726317821725974,bitcoin;xrp;ethereum;bitcoin-cash
2020-05-29,0.03593534908508211,bitcoin;xrp;ethereum;bitcoin-cash
2020-05-30,-0.02768648945293303,bitcoin;xrp;ethereum;bitcoin-cash
2020-05-31,0.06923620732426258,bitcoin;xrp;ethereum;bitcoin-cash
2020-06-01,-0.059374312485402266,bitcoin;xrp;ethereum;bitcoin-cash
2020-06-02,0.014429863904595273,bitcoin;xrp;ethereum;bitcoin-cash
2020-06-03,0.012960927948340915,bitcoin;xrp;ethereum;bitcoin-cash
2020-06-04,-0.012867725344538606,bitcoin;xrp;ethereum;bitcoin-cash
2020-06-05,-0.0013396378077497795,bitcoin;xrp;ethereum;bitcoin-cash
2020-06-06,0.010404817776641768,bitcoin;xrp;ethereum;bitcoin-cash
2020-06-07,0.0017282197363062616,bitcoin;xrp;ethereum;bitcoin-cash
2020-06-08,9.458685180690528e-4,bitcoin;xrp;ethereum;bitcoin-cash
2020-06-09,0.007704580391023065,bitcoin;xrp;ethereum;bitcoin-cash
2020-06-10,-0.05933480855575321,bitcoin;xrp;ethereum;bitcoin-cash
2020-06-11,0.018128749497539842,bitcoin;xrp;ethereum;bitcoin-cash
2020-06-12,-1.9512325626889901e-4,bitcoin;xrp;ethereum;bitcoin-cash
2020-06-13,-0.010496779820330867,bitcoin;xrp;ethereum;bitcoin-cash
2020-06-14,0.003601632972213742,bitcoin;xrp;ethereum;bitcoin-cash
2020-06-15,0.009205630209458682,bitcoin;xrp;ethereum;bitcoin-cash
2020-06-16,-0.004589263281839524,bitcoin;xrp;ethereum;bitcoin-cash
2020-06-17,-0.007417102819530711,bitcoin;xrp;ethereum;bitcoin-cash
2020-06-18,-0.014817598570651291,bitcoin;xrp;ethereum;bitcoin-cash
2020-06-19,0.005286687663519087,bitcoin;xrp;ethereum;bitcoin-cash
2020-06-20,-0.0035223096036800777,bitcoin;xrp;ethereum;bitcoin-cash
2020-06-21,0.03780244734668514,bitcoin;xrp;ethereum;bitcoin-cash
2020-06-22,-9.148995230006095e-4,bitcoin;xrp;ethereum;bitcoin-cash
2020-06-23,-0.032987959836405074,bitcoin;xrp;ethereum;bitcoin-cash
2020-06-24,-0.005853268403115673,bitcoin;xrp;ethereum;bitcoin-cash
2020-06-25,-0.011037610976089041,bitcoin;xrp;ethereum;bitcoin-cash
2020-06-26,-0.01696248603788656,bitcoin;xrp;ethereum;bitcoin-cash
2020-06-27,0.010729662721970467,bitcoin;xrp;ethereum;bitcoin-cash
2020-06-28,0.00594961033712911,bitcoin;xrp;ethereum;bitcoin-cash
2020-06-29,-0.006622533624417767,bitcoin;xrp;ethereum;bitcoin-cash
2020-06-30,0.010788930133103175,bitcoin;xrp;ethereum;bitcoin-cash
2020-07-01,-0.009415912837648846,bitcoin;xrp;tether;ethereum
2020-07-02,-0.006062105835908939,bitcoin;xrp;tether;ethereum
2020-07-03,0.0063123848028059076,bitcoin;xrp;tether;ethereum
2020-07-04,-0.006191893259753836,bitcoin;xrp;tether;ethereum
2020-07-05,0.03582309338555763,bitcoin;xrp;tether;ethereum
2020-07-06,-0.01269882187662564,bitcoin;xrp;tether;ethereum
2020-07-07,0.02320096028970659,bitcoin;xrp;tether;ethereum
2020-07-08,-0.014868807901605295,bitcoin;xrp;tether;ethereum
2020-07-09,-0.0019378626919868962,bitcoin;xrp;tether;ethereum
2020-07-10,-0.003467137208661972,bitcoin;xrp;tether;ethereum
2020-07-11,0.004172459641540175,bitcoin;xrp;tether;ethereum
2020-07-12,-0.004448723138653037,bitcoin;xrp;tether;ethereum
2020-07-13,2.8789268803085304e-4,bitcoin;xrp;tether;ethereum
2020-07-14,-0.005601692637850084,bitcoin;xrp;tether;ethereum
2020-07-15,-0.008299574355783632,bitcoin;xrp;tether;ethereum
2020-07-16,0.001291358845154411,bitcoin;xrp;tether;ethereum
2020-07-17,0.0030903458005797405,bitcoin;xrp;tether;ethereum
2020-07-18,0.003738098497620208,bitcoin;xrp;tether;ethereum
2020-07-19,-0.003830470665395893,bitcoin;xrp;tether;ethereum
2020-07-20,0.023271270639217127,bitcoin;xrp;tether;ethereum
2020-07-21,0.021590696546459173,bitcoin;xrp;tether;ethereum
2020-07-22,0.010829872325003528,bitcoin;xrp;tether;ethereum
2020-07-23,-0.002541448183093999,bitcoin;xrp;tether;ethereum
2020-07-24,0.02357621864793156,bitcoin;xrp;tether;ethereum
2020-07-25,0.020990244365337557,bitcoin;xrp;tether;ethereum
2020-07-26,0.08957327054322516,bitcoin;xrp;tether;ethereum
2020-07-27,-0.006210534375123452,bitcoin;xrp;tether;ethereum
2020-07-28,0.01665795674493429,bitcoin;xrp;tether;ethereum
2020-07-29,0.006786908050679092,bitcoin;xrp;tether;ethereum
2020-07-30,0.021312750887706497,bitcoin;xrp;tether;ethereum
2020-07-31,0.047562313864240535,bitcoin;xrp;tether;ethereum
2020-08-01,-0.05442705057508054,bitcoin;xrp;tether;ethereum
2020-08-02,0.0220973744009622,bitcoin;xrp;tether;ethereum
2020-08-03,-0.0032169049522899145,bitcoin;xrp;tether;ethereum
2020-08-04,0.041748679625583394,bitcoin;xrp;tether;ethereum
2020-08-05,2.4270123358628322e-4,bitcoin;xrp;tether;ethereum
2020-08-06,-0.018021151419273476,bitcoin;xrp;tether;ethereum
2020-08-07,0.01458850119549811,bitcoin;xrp;tether;ethereum
2020-08-08,-0.006887405938980742,bitcoin;xrp;tether;ethereum
2020-08-09,0.01599291363646264,bitcoin;xrp;tether;ethereum
2020-08-10,-0.038246045289239826,bitcoin;xrp;tether;ethereum
2020-08-11,0.01580936898264376,bitcoin;xrp;tether;ethereum
2020-08-12,0.01682803616811062,bitcoin;xrp;tether;ethereum
2020-08-13,-0.0014107211371889691,bitcoin;xrp;tether;ethereum
2020-08-14,0.017192118404100717,bitcoin;xrp;tether;ethereum
2020-08-15,0.0026599657641560087,bitcoin;xrp;tether;ethereum
2020-08-16,0.024410478140749654,bitcoin;xrp;tether;ethereum
2020-08-17,-0.020508844683340802,bitcoin;xrp;tether;ethereum
2020-08-18,-0.022437611402840375,bitcoin;xrp;tether;ethereum
2020-08-19,0.011211186762749594,bitcoin;xrp;tether;ethereum
2020-08-20,-0.02899496478658372,bitcoin;xrp;tether;ethereum
2020-08-21,0.008885544336888802,bitcoin;xrp;tether;ethereum
2020-08-22,-0.002590372930100775,bitcoin;xrp;tether;ethereum
2020-08-23,0.012903655485039457,bitcoin;xrp;tether;ethereum
2020-08-24,-0.0370575131622961,bitcoin;xrp;tether;ethereum
2020-08-25,0.009228120879086928,bitcoin;xrp;tether;ethereum
2020-08-26,-0.014822041042971688,bitcoin;xrp;tether;ethereum
2020-08-27,0.020505579052739073,bitcoin;xrp;tether;ethereum
2020-08-28,-8.882406856928916e-4,bitcoin;xrp;tether;ethereum
2020-08-29,0.02332587965491978,bitcoin;xrp;tether;ethereum
2020-08-30,-4.392093023766355e-4,bitcoin;xrp;tether;ethereum
2020-08-31,0.032380465810420936,bitcoin;xrp;tether;ethereum
2020-09-01,-0.05048994770668444,bitcoin;xrp;tether;ethereum
2020-09-02,-0.1066695631796601,bitcoin;xrp;tether;ethereum
2020-09-03,0.02290644714342983,bitcoin;xrp;tether;ethereum
2020-09-04,-0.04678839468415579,bitcoin;xrp;tether;ethereum
2020-09-05,0.015402244640762638,bitcoin;xrp;tether;ethereum
2020-09-06,0.0068765844101055,bitcoin;xrp;tether;ethereum
2020-09-07,-0.024622625790885408,bitcoin;xrp;tether;ethereum
2020-09-08,0.013807041748291829,bitcoin;xrp;tether;ethereum
2020-09-09,0.015525807929862195,bitcoin;xrp;tether;ethereum
2020-09-10,0.0049218063671170225,bitcoin;xrp;tether;ethereum
2020-09-11,0.007742740098986108,bitcoin;xrp;tether;ethereum
2020-09-12,-0.01691144853085026,bitcoin;xrp;tether;ethereum
2020-09-13,0.03179053768721564,bitcoin;xrp;tether;ethereum
2020-09-14,0.004423961071832931,bitcoin;xrp;tether;ethereum
2020-09-15,0.014165300863444688,bitcoin;xrp;tether;ethereum
2020-09-16,0.0058791114741071895,bitcoin;xrp;tether;ethereum
2020-09-17,-0.0020587495303559587,bitcoin;xrp;tether;ethereum
2020-09-18,0.011527982445482535,bitcoin;xrp;tether;ethereum
2020-09-19,-0.01661844209582371,bitcoin;xrp;tether;ethereum
2020-09-20,-0.047780370200610815,bitcoin;xrp;tether;ethereum
2020-09-21,0.0069008158862291485,bitcoin;xrp;tether;ethereum
2020-09-22,-0.03301010056621992,bitcoin;xrp;tether;ethereum
2020-09-23,0.05121026455394866,bitcoin;xrp;tether;ethereum
2020-09-24,-0.0024464558730840826,bitcoin;xrp;tether;ethereum
2020-09-25,0.005471867004167623,bitcoin;xrp;tether;ethereum
2020-09-26,0.0025525174777252533,bitcoin;xrp;tether;ethereum
2020-09-27,-0.005810666127322162,bitcoin;xrp;tether;ethereum
2020-09-28,0.01175362539065934,bitcoin;xrp;tether;ethereum
2020-09-29,-0.004634027664300466,bitcoin;xrp;tether;ethereum
2020-09-30,-0.015211169425035137,bitcoin;xrp;tether;ethereum
2020-10-01,-0.007853124779929496,bitcoin;xrp;tether;ethereum;bitcoin-cash;chainlink
2020-10-02,-0.0019228527155133223,bitcoin;xrp;tether;ethereum;bitcoin-cash;chainlink
2020-10-03,0.013801303095742677,bitcoin;xrp;tether;ethereum;bitcoin-cash;chainlink
2020-10-04,0.00996294294007181,bitcoin;xrp;tether;ethereum;bitcoin-cash;chainlink
2020-10-05,-0.02092631891633247,bitcoin;xrp;tether;ethereum;bitcoin-cash;chainlink
2020-10-06,0.005998751586671861,bitcoin;xrp;tether;ethereum;bitcoin-cash;chainlink
2020-10-07,0.022788821164915728,bitcoin;xrp;tether;ethereum;bitcoin-cash;chainlink
2020-10-08,0.01780823038400327,bitcoin;xrp;tether;ethereum;bitcoin-cash;chainlink
2020-10-09,0.017791887434098666,bitcoin;xrp;tether;ethereum;bitcoin-cash;chainlink
2020-10-10,0.008170013657947235,bitcoin;xrp;tether;ethereum;bitcoin-cash;chainlink
2020-10-11,0.01672972491840767,bitcoin;xrp;tether;ethereum;bitcoin-cash;chainlink
2020-10-12,-0.010411560621755802,bitcoin;xrp;tether;ethereum;bitcoin-cash;chainlink
2020-10-13,-0.001226676048607679,bitcoin;xrp;tether;ethereum;bitcoin-cash;chainlink
2020-10-14,0.0027377889085800134,bitcoin;xrp;tether;ethereum;bitcoin-cash;chainlink
2020-10-15,-0.017432453643861093,bitcoin;xrp;tether;ethereum;bitcoin-cash;chainlink
2020-10-16,0.0032068967272110196,bitcoin;xrp;tether;ethereum;bitcoin-cash;chainlink
2020-10-17,0.012505638515167963,bitcoin;xrp;tether;ethereum;bitcoin-cash;chainlink
2020-10-18,0.017820906080502588,bitcoin;xrp;tether;ethereum;bitcoin-cash;chainlink
2020-10-19,0.004360303105280507,bitcoin;xrp;tether;ethereum;bitcoin-cash;chainlink
2020-10-20,0.06673819474620298,bitcoin;xrp;tether;ethereum;bitcoin-cash;chainlink
2020-10-21,0.018678081699929745,bitcoin;xrp;tether;ethereum;bitcoin-cash;chainlink
2020-10-22,-0.003183218560625809,bitcoin;xrp;tether;ethereum;bitcoin-cash;chainlink
2020-10-23,0.012185061706386457,bitcoin;xrp;tether;ethereum;bitcoin-cash;chainlink
2020-10-24,-0.008001045449873005,bitcoin;xrp;tether;ethereum;bitcoin-cash;chainlink
2020-10-25,-0.0039529820199838825,bitcoin;xrp;tether;ethereum;bitcoin-cash;chainlink
2020-10-26,0.03692785211992092,bitcoin;xrp;tether;ethereum;bitcoin-cash;chainlink
2020-10-27,-0.02814645514353114,bitcoin;xrp;tether;ethereum;bitcoin-cash;chainlink
2020-10-28,0.007546941131266642,bitcoin;xrp;tether;ethereum;bitcoin-cash;chainlink
2020-10-29,0.003400048315007554,bitcoin;xrp;tether;ethereum;bitcoin-cash;chainlink
2020-10-30,0.01431153096944792,bitcoin;xrp;tether;ethereum;bitcoin-cash;chainlink
2020-10-31,0.0020572823438983136,bitcoin;xrp;tether;ethereum;bitcoin-cash;chainlink
2020-11-01,-0.017407465120554032,bitcoin;xrp;tether;ethereum;bitcoin-cash;chainlink
2020-11-02,0.022393060519314917,bitcoin;xrp;tether;ethereum;bitcoin-cash;chainlink
2020-11-03,0.014600973277021654,bitcoin;xrp;tether;ethereum;bitcoin-cash;chainlink
2020-11-04,0.0788163793583847,bitcoin;xrp;tether;ethereum;bitcoin-cash;chainlink
2020-11-05,0.016946626398155116,bitcoin;xrp;tether;ethereum;bitcoin-cash;chainlink
2020-11-06,-0.04387613390117364,bitcoin;xrp;tether;ethereum;bitcoin-cash;chainlink
2020-11-07,0.0401753366933976,bitcoin;xrp;tether;ethereum;bitcoin-cash;chainlink
2020-11-08,-0.011220826423655968,bitcoin;xrp;tether;ethereum;bitcoin-cash;chainlink
2020-11-09,4.2162493808336186e-4,bitcoin;xrp;tether;ethereum;bitcoin-cash;chainlink
2020-11-10,0.02392344602836912,bitcoin;xrp;tether;ethereum;bitcoin-cash;chainlink
2020-11-11,0.025459442059822587,bitcoin;xrp;tether;ethereum;bitcoin-cash;chainlink
2020-11-12,0.008214086608674037,bitcoin;xrp;tether;ethereum;bitcoin-cash;chainlink
2020-11-13,-0.01596580402741984,bitcoin;xrp;tether;ethereum;bitcoin-cash;chainlink
2020-11-14,-0.01054107852855043,bitcoin;xrp;tether;ethereum;bitcoin-cash;chainlink
2020-11-15,0.04188255748867304,bitcoin;xrp;tether;ethereum;bitcoin-cash;chainlink
2020-11-16,0.049738050429324894,bitcoin;xrp;tether;ethereum;bitcoin-cash;chainlink
2020-11-17,0.004978798755545413,bitcoin;xrp;tether;ethereum;bitcoin-cash;chainlink
2020-11-18,-5.360304786612313e-4,bitcoin;xrp;tether;ethereum;bitcoin-cash;chainlink
2020-11-19,0.0483977482846805,bitcoin;xrp;tether;ethereum;bitcoin-cash;chainlink
2020-11-20,0.02950227174272309,bitcoin;xrp;tether;ethereum;bitcoin-cash;chainlink
2020-11-21,-0.011722081430974585,bitcoin;xrp;tether;ethereum;bitcoin-cash;chainlink
2020-11-22,0.028715526312196496,bitcoin;xrp;tether;ethereum;bitcoin-cash;chainlink
2020-11-23,0.034702602442765615,bitcoin;xrp;tether;ethereum;bitcoin-cash;chainlink
2020-11-24,-0.029443326645302734,bitcoin;xrp;tether;ethereum;bitcoin-cash;chainlink
2020-11-25,-0.0905322473687401,bitcoin;xrp;tether;ethereum;bitcoin-cash;chainlink
2020-11-26,-6.848011599366963e-4,bitcoin;xrp;tether;ethereum;bitcoin-cash;chainlink
2020-11-27,0.0375278500475606,bitcoin;xrp;tether;ethereum;bitcoin-cash;chainlink
2020-11-28,0.028226651512369173,bitcoin;xrp;tether;ethereum;bitcoin-cash;chainlink
2020-11-29,0.072708989288778475,bitcoin;xrp;tether;ethereum;bitcoin-cash;chainlink
2020-11-30,-0.044089803042426615,bitcoin;xrp;tether;ethereum;bitcoin-cash;chainlink
2020-12-01,0.020267847656181812,bitcoin;xrp;tether;ethereum;bitcoin-cash;chainlink
2020-12-02,0.013695986340526095,bitcoin;xrp;tether;ethereum;bitcoin-cash;chainlink
2020-12-03,-0.04770566912981315,bitcoin;xrp;tether;ethereum;bitcoin-cash;chainlink
2020-12-04,0.027503903491015325,bitcoin;xrp;tether;ethereum;bitcoin-cash;chainlink
2020-12-05,0.011244985135555483,bitcoin;xrp;tether;ethereum;bitcoin-cash;chainlink
2020-12-06,-0.009685377483863698,bitcoin;xrp;tether;ethereum;bitcoin-cash;chainlink
2020-12-07,-0.04934820632460593,bitcoin;xrp;tether;ethereum;bitcoin-cash;chainlink
2020-12-08,0.016582198797677715,bitcoin;xrp;tether;ethereum;bitcoin-cash;chainlink
2020-12-09,-0.01689476429765755,bitcoin;xrp;tether;ethereum;bitcoin-cash;chainlink
2020-12-10,-0.01474066753158252,bitcoin;xrp;tether;ethereum;bitcoin-cash;chainlink
2020-12-11,0.03381363015561228,bitcoin;xrp;tether;ethereum;bitcoin-cash;chainlink
2020-12-12,0.020170906502557023,bitcoin;xrp;tether;ethereum;bitcoin-cash;chainlink
2020-12-13,0.0019367800146471987,bitcoin;xrp;tether;ethereum;bitcoin-cash;chainlink
2020-12-14,0.005572869549448287,bitcoin;xrp;tether;ethereum;bitcoin-cash;chainlink
2020-12-15,0.08987437133164596,bitcoin;xrp;tether;ethereum;bitcoin-cash;chainlink
2020-12-16,0.05210665409909483,bitcoin;xrp;tether;ethereum;bitcoin-cash;chainlink
2020-12-17,0.01414218486320338,bitcoin;xrp;tether;ethereum;bitcoin-cash;chainlink
2020-12-18,0.023891663734181827,bitcoin;xrp;tether;ethereum;bitcoin-cash;chainlink
2020-12-19,-0.01753338467533843,bitcoin;xrp;tether;ethereum;bitcoin-cash;chainlink
2020-12-20,-0.03376734700142186,bitcoin;xrp;tether;ethereum;bitcoin-cash;chainlink
2020-12-21,0.03201272606498139,bitcoin;xrp;tether;ethereum;bitcoin-cash;chainlink
2020-12-22,-0.0574058146413207,bitcoin;xrp;tether;ethereum;bitcoin-cash;chainlink
2020-12-23,0.03576887563063113,bitcoin;xrp;tether;ethereum;bitcoin-cash;chainlink
2020-12-24,0.03055279466601795,bitcoin;xrp;tether;ethereum;bitcoin-cash;chainlink
2020-12-25,0.04967270337322454,bitcoin;xrp;tether;ethereum;bitcoin-cash;chainlink
2020-12-26,0.006262962482073788,bitcoin;xrp;tether;ethereum;bitcoin-cash;chainlink
2020-12-27,0.028551740650561163,bitcoin;xrp;tether;ethereum;bitcoin-cash;chainlink
2020-12-28,0.0015133300931916098,bitcoin;xrp;tether;ethereum;bitcoin-cash;chainlink
2020-12-29,0.04075202322836942,bitcoin;xrp;tether;ethereum;bitcoin-cash;chainlink
2020-12-30,0.002206288539857868,bitcoin;xrp;tether;ethereum;bitcoin-cash;chainlink
2020-12-31,0.0119025150901999,bitcoin;xrp;tether;ethereum;bitcoin-cash;chainlink
2021-01-01,0.07485515410004244,bitcoin;xrp;tether;ethereum
2021-01-02,0.048504468710790026,bitcoin;xrp;tether;ethereum
2021-01-03,-0.0086039599361288,bitcoin;xrp;tether;ethereum
2021-01-04,0.0536889031384825,bitcoin;xrp;tether;ethereum
2021-01-05,0.07910426095933135,bitcoin;xrp;tether;ethereum
2021-01-06,0.0645879043576233,bitcoin;xrp;tether;ethereum
2021-01-07,0.02709522617422866,bitcoin;xrp;tether;ethereum
2021-01-08,-0.0034955706813819425,bitcoin;xrp;tether;ethereum
2021-01-09,-0.04074612498910183,bitcoin;xrp;tether;ethereum
2021-01-10,-0.08291496139514562,bitcoin;xrp;tether;ethereum
2021-01-11,-0.042374813496297355,bitcoin;xrp;tether;ethereum
2021-01-12,0.08698239870940763,bitcoin;xrp;tether;ethereum
2021-01-13,0.04694795781696951,bitcoin;xrp;tether;ethereum
2021-01-14,-0.05575421187318322,bitcoin;xrp;tether;ethereum
2021-01-15,-0.006640401695691172,bitcoin;xrp;tether;ethereum
2021-01-16,-0.009122238399731496,bitcoin;xrp;tether;ethereum
2021-01-17,0.02209375471791413,bitcoin;xrp;tether;ethereum
2021-01-18,0.002038784689614223,bitcoin;xrp;tether;ethereum
2021-01-19,-0.01050025413777875,bitcoin;xrp;tether;ethereum
2021-01-20,-0.14369364428736645,bitcoin;xrp;tether;ethereum
2021-01-21,0.06725742711352208,bitcoin;xrp;tether;ethereum
2021-01-22,-0.02318296227015391,bitcoin;xrp;tether;ethereum
2021-01-23,0.022696625072203113,bitcoin;xrp;tether;ethereum
2021-01-24,-0.0057592645509467666,bitcoin;xrp;tether;ethereum
2021-01-25,0.008260083891883596,bitcoin;xrp;tether;ethereum
2021-01-26,-0.06635535091952012,bitcoin;xrp;tether;ethereum
2021-01-27,0.08418822491862514,bitcoin;xrp;tether;ethereum
2021-01-28,0.02723535368038197,bitcoin;xrp;tether;ethereum
2021-01-29,0.016351952147954863,bitcoin;xrp;tether;ethereum
2021-01-30,-0.028422770187768006,bitcoin;xrp;tether;ethereum
2021-01-31,0.00403318820312744,bitcoin;xrp;tether;ethereum
2021-02-01,0.05826958987661418,bitcoin;xrp;tether;ethereum
2021-02-02,0.05706519038331228,bitcoin;xrp;tether;ethereum
2021-02-03,-0.01193765433084506,bitcoin;xrp;tether;ethereum
2021-02-04,0.03589512164880935,bitcoin;xrp;tether;ethereum
2021-02-05,0.018198159354005986,bitcoin;xrp;tether;ethereum
2021-02-06,-0.014572777459740867,bitcoin;xrp;tether;ethereum
2021-02-07,0.1471008827104169,bitcoin;xrp;tether;ethereum
2021-02-08,0.008612381982133478,bitcoin;xrp;tether;ethereum
2021-02-09,-0.02583890162781259,bitcoin;xrp;tether;ethereum
2021-02-10,0.054822263638073146,bitcoin;xrp;tether;ethereum
2021-02-11,0.004064415221954654,bitcoin;xrp;tether;ethereum
2021-02-12,-0.007491609925806202,bitcoin;xrp;tether;ethereum
2021-02-13,0.02310817132578649,bitcoin;xrp;tether;ethereum
2021-02-14,-0.01759855757773768,bitcoin;xrp;tether;ethereum
2021-02-15,0.018031084576204302,bitcoin;xrp;tether;ethereum
2021-02-16,0.05147455040910183,bitcoin;xrp;tether;ethereum
2021-02-17,-7.255300414580596e-4,bitcoin;xrp;tether;ethereum
2021-02-18,0.06494066170767389,bitcoin;xrp;tether;ethereum
2021-02-19,-0.0036920414003065536,bitcoin;xrp;tether;ethereum
2021-02-20,0.023209383593002442,bitcoin;xrp;tether;ethereum
2021-02-21,-0.056141362525871916,bitcoin;xrp;tether;ethereum
2021-02-22,-0.10641234139670837,bitcoin;xrp;tether;ethereum
2021-02-23,0.018668543969439826,bitcoin;xrp;tether;ethereum
2021-02-24,-0.058793980880865473,bitcoin;xrp;tether;ethereum
2021-02-25,-0.015983225095063107,bitcoin;xrp;tether;ethereum
2021-02-26,-2.2379342024126794e-4,bitcoin;xrp;tether;ethereum
2021-02-27,-0.02424019930055176,bitcoin;xrp;tether;ethereum
2021-02-28,0.09050496403762824,bitcoin;xrp;tether;ethereum
2021-03-01,-0.027323277220002724,bitcoin;xrp;tether;ethereum
2021-03-02,0.042640920960150354,bitcoin;xrp;tether;ethereum
2021-03-03,-0.03087223278050891,bitcoin;xrp;tether;ethereum
2021-03-04,0.002636473793526001,bitcoin;xrp;tether;ethereum
2021-03-05,0.010953781698642329,bitcoin;xrp;tether;ethereum
2021-03-06,0.04137220634238096,bitcoin;xrp;tether;ethereum
2021-03-07,0.02491516525889099,bitcoin;xrp;tether;ethereum
2021-03-08,0.04093740909865112,bitcoin;xrp;tether;ethereum
2021-03-09,0.00940763821794284,bitcoin;xrp;tether;ethereum
2021-03-10,0.0256788421237075,bitcoin;xrp;tether;ethereum
2021-03-11,-0.011643058453520882,bitcoin;xrp;tether;ethereum
2021-03-12,0.06437617555605979,bitcoin;xrp;tether;ethereum
2021-03-13,-0.03175954521398183,bitcoin;xrp;tether;ethereum
2021-03-14,-0.05094852562380432,bitcoin;xrp;tether;ethereum
2021-03-15,0.015785852068700475,bitcoin;xrp;tether;ethereum
2021-03-16,0.02979775643061049,bitcoin;xrp;tether;ethereum
2021-03-17,-0.016464834464989808,bitcoin;xrp;tether;ethereum
2021-03-18,0.009127074016614882,bitcoin;xrp;tether;ethereum
2021-03-19,0.003698313314333309,bitcoin;xrp;tether;ethereum
2021-03-20,-0.01307216533724777,bitcoin;xrp;tether;ethereum
2021-03-21,-0.046933156011218474,bitcoin;xrp;tether;ethereum
2021-03-22,0.0023935511377676413,bitcoin;xrp;tether;ethereum
2021-03-23,-0.040874470457748315,bitcoin;xrp;tether;ethereum
2021-03-24,-0.013433218536418622,bitcoin;xrp;tether;ethereum
2021-03-25,0.0626818420641457,bitcoin;xrp;tether;ethereum
2021-03-26,0.011560772106121601,bitcoin;xrp;tether;ethereum
2021-03-27,-0.0023447007038350513,bitcoin;xrp;tether;ethereum
2021-03-28,0.03594446657349997,bitcoin;xrp;tether;ethereum
2021-03-29,0.017511927033373,bitcoin;xrp;tether;ethereum
2021-03-30,0.005820429060470691,bitcoin;xrp;tether;ethereum
2021-03-31,0.006936234846346846,bitcoin;xrp;tether;ethereum
2021-04-01,0.017076371487783487,bitcoin;tether;ethereum;bnb;cardano
2021-04-02,-0.033598470967012,bitcoin;tether;ethereum;bnb;cardano
2021-04-03,0.02245219897263449,bitcoin;tether;ethereum;bnb;cardano
2021-04-04,0.006339077849831851,bitcoin;tether;ethereum;bnb;cardano
2021-04-05,-0.007712705780134913,bitcoin;tether;ethereum;bnb;cardano
2021-04-06,-0.043452935240246855,bitcoin;tether;ethereum;bnb;cardano
2021-04-07,0.04297431654322759,bitcoin;tether;ethereum;bnb;cardano
2021-04-08,-8.265653532560666e-4,bitcoin;tether;ethereum;bnb;cardano
2021-04-09,0.026163734430945496,bitcoin;tether;ethereum;bnb;cardano
2021-04-10,0.01010527246715551,bitcoin;tether;ethereum;bnb;cardano
2021-04-11,-0.0017119587466881913,bitcoin;tether;ethereum;bnb;cardano
2021-04-12,0.05615069203582457,bitcoin;tether;ethereum;bnb;cardano
2021-04-13,0.0052171966190715565,bitcoin;tether;ethereum;bnb;cardano
2021-04-14,0.008035221050726378,bitcoin;tether;ethereum;bnb;cardano
2021-04-15,-0.029339186411946605,bitcoin;tether;ethereum;bnb;cardano
2021-04-16,-0.016835518684286517,bitcoin;tether;ethereum;bnb;cardano
2021-04-17,-0.07006899641179859,bitcoin;tether;ethereum;bnb;cardano
2021-04-18,-0.012276669188160557,bitcoin;tether;ethereum;bnb;cardano
2021-04-19,0.026476466891452485,bitcoin;tether;ethereum;bnb;cardano
2021-04-20,-0.035945584944458146,bitcoin;tether;ethereum;bnb;cardano
2021-04-21,-0.03128365996780085,bitcoin;tether;ethereum;bnb;cardano
2021-04-22,-0.011625186766221403,bitcoin;tether;ethereum;bnb;cardano
2021-04-23,-0.028863257581357618,bitcoin;tether;ethereum;bnb;cardano
2021-04-24,-0.008674088508508449,bitcoin;tether;ethereum;bnb;cardano
2021-04-25,0.09328048121085186,bitcoin;tether;ethereum;bnb;cardano
2021-04-26,0.024790786727622884,bitcoin;tether;ethereum;bnb;cardano
2021-04-27,0.0023214109504729676,bitcoin;tether;ethereum;bnb;cardano
2021-04-28,-0.016434467676484103,bitcoin;tether;ethereum;bnb;cardano
2021-04-29,0.06037983869832123,bitcoin;tether;ethereum;bnb;cardano
2021-04-30,0.010593843083254603,bitcoin;tether;ethereum;bnb;cardano
2021-05-01,-0.01604170034569232,bitcoin;tether;ethereum;bnb;cardano
2021-05-02,0.03423020875843915,bitcoin;tether;ethereum;bnb;cardano
2021-05-03,-0.06588038228563625,bitcoin;tether;ethereum;bnb;cardano
2021-05-04,0.0741189985910451,bitcoin;tether;ethereum;bnb;cardano
2021-05-05,-0.013401765778479062,bitcoin;tether;ethereum;bnb;cardano
2021-05-06,0.012398400426463901,bitcoin;tether;ethereum;bnb;cardano
2021-05-07,0.037584553740246995,bitcoin;tether;ethereum;bnb;cardano
2021-05-08,-0.003870782576680819,bitcoin;tether;ethereum;bnb;cardano
2021-05-09,-0.033622959004423476,bitcoin;tether;ethereum;bnb;cardano
2021-05-10,0.0230149059311401,bitcoin;tether;ethereum;bnb;cardano
2021-05-11,-0.13085926565078126,bitcoin;tether;ethereum;bnb;cardano
2021-05-12,0.010043218979056455,bitcoin;tether;ethereum;bnb;cardano
2021-05-13,0.01954285349764018,bitcoin;tether;ethereum;bnb;cardano
2021-05-14,-0.06759019239519991,bitcoin;tether;ethereum;bnb;cardano
2021-05-15,-0.005903090386813512,bitcoin;tether;ethereum;bnb;cardano
2021-05-16,-0.06896561338745233,bitcoin;tether;ethereum;bnb;cardano
2021-05-17,-0.0068865466504956785,bitcoin;tether;ethereum;bnb;cardano
2021-05-18,-0.18011380079081896,bitcoin;tether;ethereum;bnb;cardano
2021-05-19,0.10218009434538673,bitcoin;tether;ethereum;bnb;cardano
2021-05-20,-0.097709471869330225,bitcoin;tether;ethereum;bnb;cardano
2021-05-21,-0.007623568339867229,bitcoin;tether;ethereum;bnb;cardano
2021-05-22,-0.07732837334471504,bitcoin;tether;ethereum;bnb;cardano
2021-05-23,0.12790272374971343,bitcoin;tether;ethereum;bnb;cardano
2021-05-24,-0.002249841849282943,bitcoin;tether;ethereum;bnb;cardano
2021-05-25,0.03330140723325469,bitcoin;tether;ethereum;bnb;cardano
2021-05-26,-0.02813810190332974,bitcoin;tether;ethereum;bnb;cardano
2021-05-27,-0.08072574571581696,bitcoin;tether;ethereum;bnb;cardano
2021-05-28,-0.036527154653797446,bitcoin;tether;ethereum;bnb;cardano
2021-05-29,0.03479728355173206,bitcoin;tether;ethereum;bnb;cardano
2021-05-30,0.059312255867389564,bitcoin;tether;ethereum;bnb;cardano
2021-05-31,-0.01792058297746332,bitcoin;tether;ethereum;bnb;cardano
2021-06-01,0.02518860455657341,bitcoin;tether;ethereum;bnb;cardano
2021-06-02,0.04373075175195135,bitcoin;tether;ethereum;bnb;cardano
2021-06-03,-0.059887016261948166,bitcoin;tether;ethereum;bnb;cardano
2021-06-04,-0.03266400724158557,bitcoin;tether;ethereum;bnb;cardano
2021-06-05,0.012210962320561918,bitcoin;tether;ethereum;bnb;cardano
2021-06-06,-0.06211636305969483,bitcoin;tether;ethereum;bnb;cardano
2021-06-07,-0.006449130559921141,bitcoin;tether;ethereum;bnb;cardano
2021-06-08,0.09141236535629202,bitcoin;tether;ethereum;bnb;cardano
2021-06-09,-0.024689275006280903,bitcoin;tether;ethereum;bnb;cardano
2021-06-10,0.0033922158315192,bitcoin;tether;ethereum;bnb;cardano
2021-06-11,-0.03566003930046476,bitcoin;tether;ethereum;bnb;cardano
2021-06-12,0.08434428554067193,bitcoin;tether;ethereum;bnb;cardano
2021-06-13,0.02393520373533998,bitcoin;tether;ethereum;bnb;cardano
2021-06-14,0.008726886034565097,bitcoin;tether;ethereum;bnb;cardano
2021-06-15,-0.05911697444530775,bitcoin;tether;ethereum;bnb;cardano
2021-06-16,-0.0052277671901160725,bitcoin;tether;ethereum;bnb;cardano
2021-06-17,-0.05888308675838077,bitcoin;tether;ethereum;bnb;cardano
2021-06-18,-0.00803892471015804,bitcoin;tether;ethereum;bnb;cardano
2021-06-19,0.007584262475644808,bitcoin;tether;ethereum;bnb;cardano
2021-06-20,-0.1288416533390061,bitcoin;tether;ethereum;bnb;cardano
2021-06-21,0.01746094363171893,bitcoin;tether;ethereum;bnb;cardano
2021-06-22,0.042149628750295716,bitcoin;tether;ethereum;bnb;cardano
2021-06-23,0.02372410619159709,bitcoin;tether;ethereum;bnb;cardano
2021-06-24,-0.088523901786514,bitcoin;tether;ethereum;bnb;cardano
2021-06-25,0.014352364685183278,bitcoin;tether;ethereum;bnb;cardano
2021-06-26,0.0714850164276444,bitcoin;tether;ethereum;bnb;cardano
2021-06-27,0.0029329628493770677,bitcoin;tether;ethereum;bnb;cardano
2021-06-28,0.038936269343774005,bitcoin;tether;ethereum;bnb;cardano
2021-06-29,-0.009156278679706356,bitcoin;tether;ethereum;bnb;cardano
2021-06-30,-0.04652269382161401,bitcoin;tether;ethereum;bnb;cardano
2021-07-01,0.010270732016286482,bitcoin;litecoin;xrp;dogecoin;tether;ethereum;bnb;cardano;usd-coin;polkadot-new;uniswap
2021-07-02,0.023999035448403084,bitcoin;litecoin;xrp;dogecoin;tether;ethereum;bnb;cardano;usd-coin;polkadot-new;uniswap
2021-07-03,0.02372657083077518,bitcoin;litecoin;xrp;dogecoin;tether;ethereum;bnb;cardano;usd-coin;polkadot-new;uniswap
2021-07-04,-0.04397380531366702,bitcoin;litecoin;xrp;dogecoin;tether;ethereum;bnb;cardano;usd-coin;polkadot-new;uniswap
2021-07-05,0.02559071577356624,bitcoin;litecoin;xrp;dogecoin;tether;ethereum;bnb;cardano;usd-coin;polkadot-new;uniswap
2021-07-06,-0.007928149471891792,bitcoin;litecoin;xrp;dogecoin;tether;ethereum;bnb;cardano;usd-coin;polkadot-new;uniswap
2021-07-07,-0.045246475923496926,bitcoin;litecoin;xrp;dogecoin;tether;ethereum;bnb;cardano;usd-coin;polkadot-new;uniswap
2021-07-08,0.022849645632682297,bitcoin;litecoin;xrp;dogecoin;tether;ethereum;bnb;cardano;usd-coin;polkadot-new;uniswap
2021-07-09,-0.010635804589996679,bitcoin;litecoin;xrp;dogecoin;tether;ethereum;bnb;cardano;usd-coin;polkadot-new;uniswap
2021-07-10,0.017279196048048305,bitcoin;litecoin;xrp;dogecoin;tether;ethereum;bnb;cardano;usd-coin;polkadot-new;uniswap
2021-07-11,-0.032638701677633636,bitcoin;litecoin;xrp;dogecoin;tether;ethereum;bnb;cardano;usd-coin;polkadot-new;uniswap
2021-07-12,-0.023303052351530094,bitcoin;litecoin;xrp;dogecoin;tether;ethereum;bnb;cardano;usd-coin;polkadot-new;uniswap
2021-07-13,0.0064575132761366455,bitcoin;litecoin;xrp;dogecoin;tether;ethereum;bnb;cardano;usd-coin;polkadot-new;uniswap
2021-07-14,-0.032230346811314814,bitcoin;litecoin;xrp;dogecoin;tether;ethereum;bnb;cardano;usd-coin;polkadot-new;uniswap
2021-07-15,-0.0173747069159837,bitcoin;litecoin;xrp;dogecoin;tether;ethereum;bnb;cardano;usd-coin;polkadot-new;uniswap
2021-07-16,0.005286322084514326,bitcoin;litecoin;xrp;dogecoin;tether;ethereum;bnb;cardano;usd-coin;polkadot-new;uniswap
2021-07-17,0.005499166944150272,bitcoin;litecoin;xrp;dogecoin;tether;ethereum;bnb;cardano;usd-coin;polkadot-new;uniswap
2021-07-18,-0.037672541675990254,bitcoin;litecoin;xrp;dogecoin;tether;ethereum;bnb;cardano;usd-coin;polkadot-new;uniswap
2021-07-19,-0.03105289652267919,bitcoin;litecoin;xrp;dogecoin;tether;ethereum;bnb;cardano;usd-coin;polkadot-new;uniswap
2021-07-20,0.08187362858635515,bitcoin;litecoin;xrp;dogecoin;tether;ethereum;bnb;cardano;usd-coin;polkadot-new;uniswap
2021-07-21,0.01120294883895202,bitcoin;litecoin;xrp;dogecoin;tether;ethereum;bnb;cardano;usd-coin;polkadot-new;uniswap
2021-07-22,0.03578939272702129,bitcoin;litecoin;xrp;dogecoin;tether;ethereum;bnb;cardano;usd-coin;polkadot-new;uniswap
2021-07-23,0.02005883395178693,bitcoin;litecoin;xrp;dogecoin;tether;ethereum;bnb;cardano;usd-coin;polkadot-new;uniswap
2021-07-24,0.017418852954233732,bitcoin;litecoin;xrp;dogecoin;tether;ethereum;bnb;cardano;usd-coin;polkadot-new;uniswap
2021-07-25,0.0390258040813581,bitcoin;litecoin;xrp;dogecoin;tether;ethereum;bnb;cardano;usd-coin;polkadot-new;uniswap
2021-07-26,0.04075057677203409,bitcoin;litecoin;xrp;dogecoin;tether;ethereum;bnb;cardano;usd-coin;polkadot-new;uniswap
2021-07-27,0.013041044383646219,bitcoin;litecoin;xrp;dogecoin;tether;ethereum;bnb;cardano;usd-coin;polkadot-new;uniswap
2021-07-28,0.010116575516619404,bitcoin;litecoin;xrp;dogecoin;tether;ethereum;bnb;cardano;usd-coin;polkadot-new;uniswap
2021-07-29,0.0422261912775704,bitcoin;litecoin;xrp;dogecoin;tether;ethereum;bnb;cardano;usd-coin;polkadot-new;uniswap
2021-07-30,2.3144235615519388e-4,bitcoin;litecoin;xrp;dogecoin;tether;ethereum;bnb;cardano;usd-coin;polkadot-new;uniswap
2021-07-31,-0.02137970549635246,bitcoin;litecoin;xrp;dogecoin;tether;ethereum;bnb;cardano;usd-coin;polkadot-new;uniswap
2021-08-01,-0.007654122095124771,bitcoin;litecoin;xrp;dogecoin;tether;ethereum;bnb;cardano;usd-coin;polkadot-new;uniswap
2021-08-02,-0.02768397069345973,bitcoin;litecoin;xrp;dogecoin;tether;ethereum;bnb;cardano;usd-coin;polkadot-new;uniswap
2021-08-03,0.04733695138873782,bitcoin;litecoin;xrp;dogecoin;tether;ethereum;bnb;cardano;usd-coin;polkadot-new;uniswap
2021-08-04,0.024927176996826766,bitcoin;litecoin;xrp;dogecoin;tether;ethereum;bnb;cardano;usd-coin;polkadot-new;uniswap
2021-08-05,0.03503992039400016,bitcoin;litecoin;xrp;dogecoin;tether;ethereum;bnb;cardano;usd-coin;polkadot-new;uniswap
2021-08-06,0.05515177606423378,bitcoin;litecoin;xrp;dogecoin;tether;ethereum;bnb;cardano;usd-coin;polkadot-new;uniswap
2021-08-07,-0.027810451679421717,bitcoin;litecoin;xrp;dogecoin;tether;ethereum;bnb;cardano;usd-coin;polkadot-new;uniswap
2021-08-08,0.05155808669262033,bitcoin;litecoin;xrp;dogecoin;tether;ethereum;bnb;cardano;usd-coin;polkadot-new;uniswap
2021-08-09,-0.004017833710964184,bitcoin;litecoin;xrp;dogecoin;tether;ethereum;bnb;cardano;usd-coin;polkadot-new;uniswap
2021-08-10,0.01393383239909612,bitcoin;litecoin;xrp;dogecoin;tether;ethereum;bnb;cardano;usd-coin;polkadot-new;uniswap
2021-08-11,-0.02596785033466776,bitcoin;litecoin;xrp;dogecoin;tether;ethereum;bnb;cardano;usd-coin;polkadot-new;uniswap
2021-08-12,0.07728908425808574,bitcoin;litecoin;xrp;dogecoin;tether;ethereum;bnb;cardano;usd-coin;polkadot-new;uniswap
2021-08-13,-0.005327479322279843,bitcoin;litecoin;xrp;dogecoin;tether;ethereum;bnb;cardano;usd-coin;polkadot-new;uniswap
2021-08-14,0.007178861595851487,bitcoin;litecoin;xrp;dogecoin;tether;ethereum;bnb;cardano;usd-coin;polkadot-new;uniswap
2021-08-15,-0.027396784272392578,bitcoin;litecoin;xrp;dogecoin;tether;ethereum;bnb;cardano;usd-coin;polkadot-new;uniswap
2021-08-16,-0.0368982305124361,bitcoin;litecoin;xrp;dogecoin;tether;ethereum;bnb;cardano;usd-coin;polkadot-new;uniswap
2021-08-17,0.006251745326847228,bitcoin;litecoin;xrp;dogecoin;tether;ethereum;bnb;cardano;usd-coin;polkadot-new;uniswap
2021-08-18,0.04907537868804041,bitcoin;litecoin;xrp;dogecoin;tether;ethereum;bnb;cardano;usd-coin;polkadot-new;uniswap
2021-08-19,0.04427337338222905,bitcoin;litecoin;xrp;dogecoin;tether;ethereum;bnb;cardano;usd-coin;polkadot-new;uniswap
2021-08-20,-0.012500178617970849,bitcoin;litecoin;xrp;dogecoin;tether;ethereum;bnb;cardano;usd-coin;polkadot-new;uniswap
2021-08-21,0.009741089787533666,bitcoin;litecoin;xrp;dogecoin;tether;ethereum;bnb;cardano;usd-coin;polkadot-new;uniswap
2021-08-22,0.015475050190381012,bitcoin;litecoin;xrp;dogecoin;tether;ethereum;bnb;cardano;usd-coin;polkadot-new;uniswap
2021-08-23,-0.044911995525140094,bitcoin;litecoin;xrp;dogecoin;tether;ethereum;bnb;cardano;usd-coin;polkadot-new;uniswap
2021-08-24,0.023646644310674737,bitcoin;litecoin;xrp;dogecoin;tether;ethereum;bnb;cardano;usd-coin;polkadot-new;uniswap
2021-08-25,-0.04444795685624848,bitcoin;litecoin;xrp;dogecoin;tether;ethereum;bnb;cardano;usd-coin;polkadot-new;uniswap
2021-08-26,0.051083293658229764,bitcoin;litecoin;xrp;dogecoin;tether;ethereum;bnb;cardano;usd-coin;polkadot-new;uniswap
2021-08-27,-0.007979235181133078,bitcoin;litecoin;xrp;dogecoin;tether;ethereum;bnb;cardano;usd-coin;polkadot-new;uniswap
2021-08-28,-0.003144687367342019,bitcoin;litecoin;xrp;dogecoin;tether;ethereum;bnb;cardano;usd-coin;polkadot-new;uniswap
2021-08-29,-0.027111868528915704,bitcoin;litecoin;xrp;dogecoin;tether;ethereum;bnb;cardano;usd-coin;polkadot-new;uniswap
2021-08-30,0.022858767783821655,bitcoin;litecoin;xrp;dogecoin;tether;ethereum;bnb;cardano;usd-coin;polkadot-new;uniswap
2021-08-31,0.050719924171572714,bitcoin;litecoin;xrp;dogecoin;tether;ethereum;bnb;cardano;usd-coin;polkadot-new;uniswap
2021-09-01,0.003391041832319598,bitcoin;litecoin;xrp;dogecoin;tether;ethereum;bnb;cardano;usd-coin;polkadot-new;uniswap
2021-09-02,0.019319720665046992,bitcoin;litecoin;xrp;dogecoin;tether;ethereum;bnb;cardano;usd-coin;polkadot-new;uniswap
2021-09-03,-0.0056362554257532475,bitcoin;litecoin;xrp;dogecoin;tether;ethereum;bnb;cardano;usd-coin;polkadot-new;uniswap
2021-09-04,0.030048010179396952,bitcoin;litecoin;xrp;dogecoin;tether;ethereum;bnb;cardano;usd-coin;polkadot-new;uniswap
2021-09-05,0.007670871151670942,bitcoin;litecoin;xrp;dogecoin;tether;ethereum;bnb;cardano;usd-coin;polkadot-new;uniswap
2021-09-06,-0.12663181006665758,bitcoin;litecoin;xrp;dogecoin;tether;ethereum;bnb;cardano;usd-coin;polkadot-new;uniswap
2021-09-07,-0.0062666391157012065,bitcoin;litecoin;xrp;dogecoin;tether;ethereum;bnb;cardano;usd-coin;polkadot-new;uniswap
2021-09-08,0.0015345135487621908,bitcoin;litecoin;xrp;dogecoin;tether;ethereum;bnb;cardano;usd-coin;polkadot-new;uniswap
2021-09-09,-0.03943033828922374,bitcoin;litecoin;xrp;dogecoin;tether;ethereum;bnb;cardano;usd-coin;polkadot-new;uniswap
2021-09-10,0.01403896905819633,bitcoin;litecoin;xrp;dogecoin;tether;ethereum;bnb;cardano;usd-coin;polkadot-new;uniswap
2021-09-11,0.025024306482513827,bitcoin;litecoin;xrp;dogecoin;tether;ethereum;bnb;cardano;usd-coin;polkadot-new;uniswap
2021-09-12,-0.03008897155281841,bitcoin;litecoin;xrp;dogecoin;tether;ethereum;bnb;cardano;usd-coin;polkadot-new;uniswap
2021-09-13,0.04121512144942254,bitcoin;litecoin;xrp;dogecoin;tether;ethereum;bnb;cardano;usd-coin;polkadot-new;uniswap
2021-09-14,0.028952281535664114,bitcoin;litecoin;xrp;dogecoin;tether;ethereum;bnb;cardano;usd-coin;polkadot-new;uniswap
2021-09-15,-0.011516987400217211,bitcoin;litecoin;xrp;dogecoin;tether;ethereum;bnb;cardano;usd-coin;polkadot-new;uniswap
2021-09-16,-0.022773383310889336,bitcoin;litecoin;xrp;dogecoin;tether;ethereum;bnb;cardano;usd-coin;polkadot-new;uniswap
2021-09-17,0.016608311728859914,bitcoin;litecoin;xrp;dogecoin;tether;ethereum;bnb;cardano;usd-coin;polkadot-new;uniswap
2021-09-18,-0.022701393257837155,bitcoin;litecoin;xrp;dogecoin;tether;ethereum;bnb;cardano;usd-coin;polkadot-new;uniswap
2021-09-19,-0.10250072413045014,bitcoin;litecoin;xrp;dogecoin;tether;ethereum;bnb;cardano;usd-coin;polkadot-new;uniswap
2021-09-20,-0.05160324210800155,bitcoin;litecoin;xrp;dogecoin;tether;ethereum;bnb;cardano;usd-coin;polkadot-new;uniswap
2021-09-21,0.08252763317877926,bitcoin;litecoin;xrp;dogecoin;tether;ethereum;bnb;cardano;usd-coin;polkadot-new;uniswap
2021-09-22,0.024709898565404523,bitcoin;litecoin;xrp;dogecoin;tether;ethereum;bnb;cardano;usd-coin;polkadot-new;uniswap
2021-09-23,-0.052936353089507115,bitcoin;litecoin;xrp;dogecoin;tether;ethereum;bnb;cardano;usd-coin;polkadot-new;uniswap
2021-09-24,-0.003532494332903418,bitcoin;litecoin;xrp;dogecoin;tether;ethereum;bnb;cardano;usd-coin;polkadot-new;uniswap
2021-09-25,0.014855653178318782,bitcoin;litecoin;xrp;dogecoin;tether;ethereum;bnb;cardano;usd-coin;polkadot-new;uniswap
2021-09-26,-0.026924001945394706,bitcoin;litecoin;xrp;dogecoin;tether;ethereum;bnb;cardano;usd-coin;polkadot-new;uniswap
2021-09-27,-0.029940724096830306,bitcoin;litecoin;xrp;dogecoin;tether;ethereum;bnb;cardano;usd-coin;polkadot-new;uniswap
2021-09-28,0.018041151788026982,bitcoin;litecoin;xrp;dogecoin;tether;ethereum;bnb;cardano;usd-coin;polkadot-new;uniswap
2021-09-29,0.04639045261082685,bitcoin;litecoin;xrp;dogecoin;tether;ethereum;bnb;cardano;usd-coin;polkadot-new;uniswap
2021-09-30,0.08873126484981207,bitcoin;litecoin;xrp;dogecoin;tether;ethereum;bnb;cardano;usd-coin;polkadot-new;uniswap
2021-10-01,-5.032576658828244e-4,bitcoin;xrp;dogecoin;tether;ethereum;bnb;cardano;usd-coin;hex;solana;polkadot-new
2021-10-02,0.00840454884648093,bitcoin;xrp;dogecoin;tether;ethereum;bnb;cardano;usd-coin;hex;solana;polkadot-new
2021-10-03,0.005543063673140884,bitcoin;xrp;dogecoin;tether;ethereum;bnb;cardano;usd-coin;hex;solana;polkadot-new
2021-10-04,0.036826991736080686,bitcoin;xrp;dogecoin;tether;ethereum;bnb;cardano;usd-coin;hex;solana;polkadot-new
2021-10-05,0.03963340663171662,bitcoin;xrp;dogecoin;tether;ethereum;bnb;cardano;usd-coin;hex;solana;polkadot-new
2021-10-06,-0.013103606476577741,bitcoin;xrp;dogecoin;tether;ethereum;bnb;cardano;usd-coin;hex;solana;polkadot-new
2021-10-07,-8.847740318251785e-4,bitcoin;xrp;dogecoin;tether;ethereum;bnb;cardano;usd-coin;hex;solana;polkadot-new
2021-10-08,0.016381328761733732,bitcoin;xrp;dogecoin;tether;ethereum;bnb;cardano;usd-coin;hex;solana;polkadot-new
2021-10-09,-0.018358802603592878,bitcoin;xrp;dogecoin;tether;ethereum;bnb;cardano;usd-coin;hex;solana;polkadot-new
2021-10-10,0.031832670107979764,bitcoin;xrp;dogecoin;tether;ethereum;bnb;cardano;usd-coin;hex;solana;polkadot-new
2021-10-11,-0.01648779490642515,bitcoin;xrp;dogecoin;tether;ethereum;bnb;cardano;usd-coin;hex;solana;polkadot-new
2021-10-12,0.025753731738131752,bitcoin;xrp;dogecoin;tether;ethereum;bnb;cardano;usd-coin;hex;solana;polkadot-new
2021-10-13,0.00992438763590299,bitcoin;xrp;dogecoin;tether;ethereum;bnb;cardano;usd-coin;hex;solana;polkadot-new
2021-10-14,0.042623251215747233,bitcoin;xrp;dogecoin;tether;ethereum;bnb;cardano;usd-coin;hex;solana;polkadot-new
2021-10-15,-0.013080786370553096,bitcoin;xrp;dogecoin;tether;ethereum;bnb;cardano;usd-coin;hex;solana;polkadot-new
2021-10-16,0.005172993587168806,bitcoin;xrp;dogecoin;tether;ethereum;bnb;cardano;usd-coin;hex;solana;polkadot-new
2021-10-17,-0.0027019658204125597,bitcoin;xrp;dogecoin;tether;ethereum;bnb;cardano;usd-coin;hex;solana;polkadot-new
2021-10-18,0.030969428311088464,bitcoin;xrp;dogecoin;tether;ethereum;bnb;cardano;usd-coin;hex;solana;polkadot-new
2021-10-19,0.0350191535349022,bitcoin;xrp;dogecoin;tether;ethereum;bnb;cardano;usd-coin;hex;solana;polkadot-new
2021-10-20,-0.04326660275362628,bitcoin;xrp;dogecoin;tether;ethereum;bnb;cardano;usd-coin;hex;solana;polkadot-new
2021-10-21,-0.013011530217978852,bitcoin;xrp;dogecoin;tether;ethereum;bnb;cardano;usd-coin;hex;solana;polkadot-new
2021-10-22,0.020663818081881214,bitcoin;xrp;dogecoin;tether;ethereum;bnb;cardano;usd-coin;hex;solana;polkadot-new
2021-10-23,-0.009220663544482803,bitcoin;xrp;dogecoin;tether;ethereum;bnb;cardano;usd-coin;hex;solana;polkadot-new
2021-10-24,0.02441868707422984,bitcoin;xrp;dogecoin;tether;ethereum;bnb;cardano;usd-coin;hex;solana;polkadot-new
2021-10-25,-0.031017113509472585,bitcoin;xrp;dogecoin;tether;ethereum;bnb;cardano;usd-coin;hex;solana;polkadot-new
2021-10-26,-0.045096368323226936,bitcoin;xrp;dogecoin;tether;ethereum;bnb;cardano;usd-coin;hex;solana;polkadot-new
2021-10-27,0.05142471160706859,bitcoin;xrp;dogecoin;tether;ethereum;bnb;cardano;usd-coin;hex;solana;polkadot-new
2021-10-28,0.021688661450467932,bitcoin;xrp;dogecoin;tether;ethereum;bnb;cardano;usd-coin;hex;solana;polkadot-new
2021-10-29,-0.011891666754019604,bitcoin;xrp;dogecoin;tether;ethereum;bnb;cardano;usd-coin;hex;solana;polkadot-new
2021-10-30,-0.002710751602135186,bitcoin;xrp;dogecoin;tether;ethereum;bnb;cardano;usd-coin;hex;solana;polkadot-new
2021-10-31,9.508054668382064e-4,bitcoin;xrp;dogecoin;tether;ethereum;bnb;cardano;usd-coin;hex;solana;polkadot-new
2021-11-01,0.0361987080410056,bitcoin;xrp;dogecoin;tether;ethereum;bnb;cardano;usd-coin;hex;solana;polkadot-new
2021-11-02,0.004878477276419236,bitcoin;xrp;dogecoin;tether;ethereum;bnb;cardano;usd-coin;hex;solana;polkadot-new
2021-11-03,-0.020866626600810026,bitcoin;xrp;dogecoin;tether;ethereum;bnb;cardano;usd-coin;hex;solana;polkadot-new
2021-11-04,-0.0037108374346120697,bitcoin;xrp;dogecoin;tether;ethereum;bnb;cardano;usd-coin;hex;solana;polkadot-new
2021-11-05,0.006503325907389808,bitcoin;xrp;dogecoin;tether;ethereum;bnb;cardano;usd-coin;hex;solana;polkadot-new
2021-11-06,0.020030981420659705,bitcoin;xrp;dogecoin;tether;ethereum;bnb;cardano;usd-coin;hex;solana;polkadot-new
2021-11-07,0.04711274196650403,bitcoin;xrp;dogecoin;tether;ethereum;bnb;cardano;usd-coin;hex;solana;polkadot-new
2021-11-08,-0.005652927218679558,bitcoin;xrp;dogecoin;tether;ethereum;bnb;cardano;usd-coin;hex;solana;polkadot-new
2021-11-09,-0.03086616345112914,bitcoin;xrp;dogecoin;tether;ethereum;bnb;cardano;usd-coin;hex;solana;polkadot-new
2021-11-10,0.013502721282162492,bitcoin;xrp;dogecoin;tether;ethereum;bnb;cardano;usd-coin;hex;solana;polkadot-new
2021-11-11,-0.009394740285947443,bitcoin;xrp;dogecoin;tether;ethereum;bnb;cardano;usd-coin;hex;solana;polkadot-new
2021-11-12,0.003317512513859863,bitcoin;xrp;dogecoin;tether;ethereum;bnb;cardano;usd-coin;hex;solana;polkadot-new
2021-11-13,0.005595564929203633,bitcoin;xrp;dogecoin;tether;ethereum;bnb;cardano;usd-coin;hex;solana;polkadot-new
2021-11-14,-0.023414579780103483,bitcoin;xrp;dogecoin;tether;ethereum;bnb;cardano;usd-coin;hex;solana;polkadot-new
2021-11-15,-0.06145183297286947,bitcoin;xrp;dogecoin;tether;ethereum;bnb;cardano;usd-coin;hex;solana;polkadot-new
2021-11-16,0.004965407849105578,bitcoin;xrp;dogecoin;tether;ethereum;bnb;cardano;usd-coin;hex;solana;polkadot-new
2021-11-17,-0.05599117294105597,bitcoin;xrp;dogecoin;tether;ethereum;bnb;cardano;usd-coin;hex;solana;polkadot-new
2021-11-18,0.03520120214605257,bitcoin;xrp;dogecoin;tether;ethereum;bnb;cardano;usd-coin;hex;solana;polkadot-new
2021-11-19,0.02435975446866452,bitcoin;xrp;dogecoin;tether;ethereum;bnb;cardano;usd-coin;hex;solana;polkadot-new
2021-11-20,-0.022108831727535947,bitcoin;xrp;dogecoin;tether;ethereum;bnb;cardano;usd-coin;hex;solana;polkadot-new
2021-11-21,-0.03932375470023505,bitcoin;xrp;dogecoin;tether;ethereum;bnb;cardano;usd-coin;hex;solana;polkadot-new
2021-11-22,0.028459291748882908,bitcoin;xrp;dogecoin;tether;ethereum;bnb;cardano;usd-coin;hex;solana;polkadot-new
2021-11-23,-0.02193804216030312,bitcoin;xrp;dogecoin;tether;ethereum;bnb;cardano;usd-coin;hex;solana;polkadot-new
2021-11-24,0.010215253476844568,bitcoin;xrp;dogecoin;tether;ethereum;bnb;cardano;usd-coin;hex;solana;polkadot-new
2021-11-25,-0.05836039076931163,bitcoin;xrp;dogecoin;tether;ethereum;bnb;cardano;usd-coin;hex;solana;polkadot-new
2021-11-26,0.017220924460468547,bitcoin;xrp;dogecoin;tether;ethereum;bnb;cardano;usd-coin;hex;solana;polkadot-new
2021-11-27,0.0355752216412176,bitcoin;xrp;dogecoin;tether;ethereum;bnb;cardano;usd-coin;hex;solana;polkadot-new
2021-11-28,0.017643983061825227,bitcoin;xrp;dogecoin;tether;ethereum;bnb;cardano;usd-coin;hex;solana;polkadot-new
2021-11-29,-5.789918527162537e-4,bitcoin;xrp;dogecoin;tether;ethereum;bnb;cardano;usd-coin;hex;solana;polkadot-new
2021-11-30,0.0017247311587988644,bitcoin;xrp;dogecoin;tether;ethereum;bnb;cardano;usd-coin;hex;solana;polkadot-new
2021-12-01,-0.007615910808978172,bitcoin;xrp;dogecoin;tether;ethereum;bnb;cardano;usd-coin;hex;solana;polkadot-new
2021-12-02,-0.05432129079992289,bitcoin;xrp;dogecoin;tether;ethereum;bnb;cardano;usd-coin;hex;solana;polkadot-new
2021-12-03,-0.06469660202073058,bitcoin;xrp;dogecoin;tether;ethereum;bnb;cardano;usd-coin;hex;solana;polkadot-new
2021-12-04,-0.0013743877775013306,bitcoin;xrp;dogecoin;tether;ethereum;bnb;cardano;usd-coin;hex;solana;polkadot-new
2021-12-05,0.024112642657721315,bitcoin;xrp;dogecoin;tether;ethereum;bnb;cardano;usd-coin;hex;solana;polkadot-new
2021-12-06,-0.0037627252433129698,bitcoin;xrp;dogecoin;tether;ethereum;bnb;cardano;usd-coin;hex;solana;polkadot-new
2021-12-07,0.007590847788033919,bitcoin;xrp;dogecoin;tether;ethereum;bnb;cardano;usd-coin;hex;solana;polkadot-new
2021-12-08,-0.05480702788779537,bitcoin;xrp;dogecoin;tether;ethereum;bnb;cardano;usd-coin;hex;solana;polkadot-new
2021-12-09,-0.02559547838210529,bitcoin;xrp;dogecoin;tether;ethereum;bnb;cardano;usd-coin;hex;solana;polkadot-new
2021-12-10,0.04579787164611132,bitcoin;xrp;dogecoin;tether;ethereum;bnb;cardano;usd-coin;hex;solana;polkadot-new
2021-12-11,0.010927412739161894,bitcoin;xrp;dogecoin;tether;ethereum;bnb;cardano;usd-coin;hex;solana;polkadot-new
2021-12-12,-0.07001315681111009,bitcoin;xrp;dogecoin;tether;ethereum;bnb;cardano;usd-coin;hex;solana;polkadot-new
2021-12-13,0.0045783017784201034,bitcoin;xrp;dogecoin;tether;ethereum;bnb;cardano;usd-coin;hex;solana;polkadot-new
2021-12-14,0.05236964871954121,bitcoin;xrp;dogecoin;tether;ethereum;bnb;cardano;usd-coin;hex;solana;polkadot-new
2021-12-15,-0.021066123050346938,bitcoin;xrp;dogecoin;tether;ethereum;bnb;cardano;usd-coin;hex;solana;polkadot-new
2021-12-16,-0.027689129782052062,bitcoin;xrp;dogecoin;tether;ethereum;bnb;cardano;usd-coin;hex;solana;polkadot-new
2021-12-17,0.01906802866582539,bitcoin;xrp;dogecoin;tether;ethereum;bnb;cardano;usd-coin;hex;solana;polkadot-new
2021-12-18,-0.002300284856915576,bitcoin;xrp;dogecoin;tether;ethereum;bnb;cardano;usd-coin;hex;solana;polkadot-new
2021-12-19,0.004999911210566782,bitcoin;xrp;dogecoin;tether;ethereum;bnb;cardano;usd-coin;hex;solana;polkadot-new
2021-12-20,0.035530004488275514,bitcoin;xrp;dogecoin;tether;ethereum;bnb;cardano;usd-coin;hex;solana;polkadot-new
2021-12-21,-0.004064155972888837,bitcoin;xrp;dogecoin;tether;ethereum;bnb;cardano;usd-coin;hex;solana;polkadot-new
2021-12-22,0.041451805900023335,bitcoin;xrp;dogecoin;tether;ethereum;bnb;cardano;usd-coin;hex;solana;polkadot-new
2021-12-23,-0.007195574593804399,bitcoin;xrp;dogecoin;tether;ethereum;bnb;cardano;usd-coin;hex;solana;polkadot-new
2021-12-24,0.001471561953920693,bitcoin;xrp;dogecoin;tether;ethereum;bnb;cardano;usd-coin;hex;solana;polkadot-new
2021-12-25,0.0026895016156274097,bitcoin;xrp;dogecoin;tether;ethereum;bnb;cardano;usd-coin;hex;solana;polkadot-new
2021-12-26,-1.41971673699521e-4,bitcoin;xrp;dogecoin;tether;ethereum;bnb;cardano;usd-coin;hex;solana;polkadot-new
2021-12-27,-0.059092512281918023,bitcoin;xrp;dogecoin;tether;ethereum;bnb;cardano;usd-coin;hex;solana;polkadot-new
2021-12-28,-0.026696384682993502,bitcoin;xrp;dogecoin;tether;ethereum;bnb;cardano;usd-coin;hex;solana;polkadot-new
2021-12-29,0.015260764010507268,bitcoin;xrp;dogecoin;tether;ethereum;bnb;cardano;usd-coin;hex;solana;polkadot-new
2021-12-30,-0.017604250245487726,bitcoin;xrp;dogecoin;tether;ethereum;bnb;cardano;usd-coin;hex;solana;polkadot-new
2021-12-31,0.022964707270979982,bitcoin;xrp;dogecoin;tether;ethereum;bnb;cardano;usd-coin;hex;solana;polkadot-new
2022-01-01,-0.0019806847734706074,bitcoin;xrp;dogecoin;tether;ethereum;bnb;cardano;usd-coin;terra-luna;hex;solana;shiba-inu;polkadot-new
2022-01-02,-0.01648362299781153,bitcoin;xrp;dogecoin;tether;ethereum;bnb;cardano;usd-coin;terra-luna;hex;solana;shiba-inu;polkadot-new
2022-01-03,-0.006819872759067968,bitcoin;xrp;dogecoin;tether;ethereum;bnb;cardano;usd-coin;terra-luna;hex;solana;shiba-inu;polkadot-new
2022-01-04,-0.05829028095097561,bitcoin;xrp;dogecoin;tether;ethereum;bnb;cardano;usd-coin;terra-luna;hex;solana;shiba-inu;polkadot-new
2022-01-05,-0.012375035048000617,bitcoin;xrp;dogecoin;tether;ethereum;bnb;cardano;usd-coin;terra-luna;hex;solana;shiba-inu;polkadot-new
2022-01-06,-0.045711154817188245,bitcoin;xrp;dogecoin;tether;ethereum;bnb;cardano;usd-coin;terra-luna;hex;solana;shiba-inu;polkadot-new
2022-01-07,-0.0066241200330870295,bitcoin;xrp;dogecoin;tether;ethereum;bnb;cardano;usd-coin;terra-luna;hex;solana;shiba-inu;polkadot-new
2022-01-08,0.00914141014247269,bitcoin;xrp;dogecoin;tether;ethereum;bnb;cardano;usd-coin;terra-luna;hex;solana;shiba-inu;polkadot-new
2022-01-09,-0.01442829406845125,bitcoin;xrp;dogecoin;tether;ethereum;bnb;cardano;usd-coin;terra-luna;hex;solana;shiba-inu;polkadot-new
2022-01-10,0.03240530977915458,bitcoin;xrp;dogecoin;tether;ethereum;bnb;cardano;usd-coin;terra-luna;hex;solana;shiba-inu;polkadot-new
2022-01-11,0.03639416259354499,bitcoin;xrp;dogecoin;tether;ethereum;bnb;cardano;usd-coin;terra-luna;hex;solana;shiba-inu;polkadot-new
2022-01-12,-0.02967585394207351,bitcoin;xrp;dogecoin;tether;ethereum;bnb;cardano;usd-coin;terra-luna;hex;solana;shiba-inu;polkadot-new
2022-01-13,0.016502200411557984,bitcoin;xrp;dogecoin;tether;ethereum;bnb;cardano;usd-coin;terra-luna;hex;solana;shiba-inu;polkadot-new
2022-01-14,0.004683933211301596,bitcoin;xrp;dogecoin;tether;ethereum;bnb;cardano;usd-coin;terra-luna;hex;solana;shiba-inu;polkadot-new
2022-01-15,0.001875002813728831,bitcoin;xrp;dogecoin;tether;ethereum;bnb;cardano;usd-coin;terra-luna;hex;solana;shiba-inu;polkadot-new
2022-01-16,-0.027336627071803368,bitcoin;xrp;dogecoin;tether;ethereum;bnb;cardano;usd-coin;terra-luna;hex;solana;shiba-inu;polkadot-new
2022-01-17,-0.0060708010524303975,bitcoin;xrp;dogecoin;tether;ethereum;bnb;cardano;usd-coin;terra-luna;hex;solana;shiba-inu;polkadot-new
2022-01-18,-0.018462523165683722,bitcoin;xrp;dogecoin;tether;ethereum;bnb;cardano;usd-coin;terra-luna;hex;solana;shiba-inu;polkadot-new
2022-01-19,-0.029149039892445563,bitcoin;xrp;dogecoin;tether;ethereum;bnb;cardano;usd-coin;terra-luna;hex;solana;shiba-inu;polkadot-new
2022-01-20,-0.120659659227214,bitcoin;xrp;dogecoin;tether;ethereum;bnb;cardano;usd-coin;terra-luna;hex;solana;shiba-inu;polkadot-new
2022-01-21,-0.049824370309629655,bitcoin;xrp;dogecoin;tether;ethereum;bnb;cardano;usd-coin;terra-luna;hex;solana;shiba-inu;polkadot-new
2022-01-22,0.042963122353221486,bitcoin;xrp;dogecoin;tether;ethereum;bnb;cardano;usd-coin;terra-luna;hex;solana;shiba-inu;polkadot-new
2022-01-23,-0.013105789004603897,bitcoin;xrp;dogecoin;tether;ethereum;bnb;cardano;usd-coin;terra-luna;hex;solana;shiba-inu;polkadot-new
2022-01-24,0.009170700282278592,bitcoin;xrp;dogecoin;tether;ethereum;bnb;cardano;usd-coin;terra-luna;hex;solana;shiba-inu;polkadot-new
2022-01-25,-0.0023995971633219777,bitcoin;xrp;dogecoin;tether;ethereum;bnb;cardano;usd-coin;terra-luna;hex;solana;shiba-inu;polkadot-new
2022-01-26,-0.0023397585855175697,bitcoin;xrp;dogecoin;tether;ethereum;bnb;cardano;usd-coin;terra-luna;hex;solana;shiba-inu;polkadot-new
2022-01-27,0.02030768948222406,bitcoin;xrp;dogecoin;tether;ethereum;bnb;cardano;usd-coin;terra-luna;hex;solana;shiba-inu;polkadot-new
2022-01-28,0.011934748108010885,bitcoin;xrp;dogecoin;tether;ethereum;bnb;cardano;usd-coin;terra-luna;hex;solana;shiba-inu;polkadot-new
2022-01-29,-0.006928966795984153,bitcoin;xrp;dogecoin;tether;ethereum;bnb;cardano;usd-coin;terra-luna;hex;solana;shiba-inu;polkadot-new
2022-01-30,0.019732284546213327,bitcoin;xrp;dogecoin;tether;ethereum;bnb;cardano;usd-coin;terra-luna;hex;solana;shiba-inu;polkadot-new
2022-01-31,0.01822897325285383,bitcoin;xrp;dogecoin;tether;ethereum;bnb;cardano;usd-coin;terra-luna;hex;solana;shiba-inu;polkadot-new
2022-02-01,-0.0430489500287847,bitcoin;xrp;dogecoin;tether;ethereum;bnb;cardano;usd-coin;terra-luna;hex;solana;shiba-inu;polkadot-new
2022-02-02,0.004846591328670383,bitcoin;xrp;dogecoin;tether;ethereum;bnb;cardano;usd-coin;terra-luna;hex;solana;shiba-inu;polkadot-new
2022-02-03,0.0968242149356724,bitcoin;xrp;dogecoin;tether;ethereum;bnb;cardano;usd-coin;terra-luna;hex;solana;shiba-inu;polkadot-new
2022-02-04,0.006365207206835975,bitcoin;xrp;dogecoin;tether;ethereum;bnb;cardano;usd-coin;terra-luna;hex;solana;shiba-inu;polkadot-new
2022-02-05,0.020866768602202056,bitcoin;xrp;dogecoin;tether;ethereum;bnb;cardano;usd-coin;terra-luna;hex;solana;shiba-inu;polkadot-new
2022-02-06,0.03525870275778155,bitcoin;xrp;dogecoin;tether;ethereum;bnb;cardano;usd-coin;terra-luna;hex;solana;shiba-inu;polkadot-new
2022-02-07,-0.0037625340605663407,bitcoin;xrp;dogecoin;tether;ethereum;bnb;cardano;usd-coin;terra-luna;hex;solana;shiba-inu;polkadot-new
2022-02-08,0.013333464952225472,bitcoin;xrp;dogecoin;tether;ethereum;bnb;cardano;usd-coin;terra-luna;hex;solana;shiba-inu;polkadot-new
2022-02-09,-0.028681754106006443,bitcoin;xrp;dogecoin;tether;ethereum;bnb;cardano;usd-coin;terra-luna;hex;solana;shiba-inu;polkadot-new
2022-02-10,-0.03775603656969773,bitcoin;xrp;dogecoin;tether;ethereum;bnb;cardano;usd-coin;terra-luna;hex;solana;shiba-inu;polkadot-new
2022-02-11,-8.594054653573998e-4,bitcoin;xrp;dogecoin;tether;ethereum;bnb;cardano;usd-coin;terra-luna;hex;solana;shiba-inu;polkadot-new
2022-02-12,-0.005072145533704928,bitcoin;xrp;dogecoin;tether;ethereum;bnb;cardano;usd-coin;terra-luna;hex;solana;shiba-inu;polkadot-new
2022-02-13,0.009682771160609404,bitcoin;xrp;dogecoin;tether;ethereum;bnb;cardano;usd-coin;terra-luna;hex;solana;shiba-inu;polkadot-new
2022-02-14,0.05403186556722881,bitcoin;xrp;dogecoin;tether;ethereum;bnb;cardano;usd-coin;terra-luna;hex;solana;shiba-inu;polkadot-new
2022-02-15,-0.014395556266795596,bitcoin;xrp;dogecoin;tether;ethereum;bnb;cardano;usd-coin;terra-luna;hex;solana;shiba-inu;polkadot-new
2022-02-16,-0.07570779559962845,bitcoin;xrp;dogecoin;tether;ethereum;bnb;cardano;usd-coin;terra-luna;hex;solana;shiba-inu;polkadot-new
2022-02-17,-0.017250581477338545,bitcoin;xrp;dogecoin;tether;ethereum;bnb;cardano;usd-coin;terra-luna;hex;solana;shiba-inu;polkadot-new
2022-02-18,0.0010234591698016536,bitcoin;xrp;dogecoin;tether;ethereum;bnb;cardano;usd-coin;terra-luna;hex;solana;shiba-inu;polkadot-new
2022-02-19,-0.04452263633750723,bitcoin;xrp;dogecoin;tether;ethereum;bnb;cardano;usd-coin;terra-luna;hex;solana;shiba-inu;polkadot-new
2022-02-20,-0.03511887042547377,bitcoin;xrp;dogecoin;tether;ethereum;bnb;cardano;usd-coin;terra-luna;hex;solana;shiba-inu;polkadot-new
2022-02-21,0.02738266508942398,bitcoin;xrp;dogecoin;tether;ethereum;bnb;cardano;usd-coin;terra-luna;hex;solana;shiba-inu;polkadot-new
2022-02-22,-0.020248363925954617,bitcoin;xrp;dogecoin;tether;ethereum;bnb;cardano;usd-coin;terra-luna;hex;solana;shiba-inu;polkadot-new
2022-02-23,0.013090817639898496,bitcoin;xrp;dogecoin;tether;ethereum;bnb;cardano;usd-coin;terra-luna;hex;solana;shiba-inu;polkadot-new
2022-02-24,0.038698333282255575,bitcoin;xrp;dogecoin;tether;ethereum;bnb;cardano;usd-coin;terra-luna;hex;solana;shiba-inu;polkadot-new
2022-02-25,-5.465628634619169e-4,bitcoin;xrp;dogecoin;tether;ethereum;bnb;cardano;usd-coin;terra-luna;hex;solana;shiba-inu;polkadot-new
2022-02-26,-0.04210847840758716,bitcoin;xrp;dogecoin;tether;ethereum;bnb;cardano;usd-coin;terra-luna;hex;solana;shiba-inu;polkadot-new
2022-02-27,0.11486639932654015,bitcoin;xrp;dogecoin;tether;ethereum;bnb;cardano;usd-coin;terra-luna;hex;solana;shiba-inu;polkadot-new
2022-02-28,0.019083939733014546,bitcoin;xrp;dogecoin;tether;ethereum;bnb;cardano;usd-coin;terra-luna;hex;solana;shiba-inu;polkadot-new
2022-03-01,-0.00997638333224452,bitcoin;xrp;dogecoin;tether;ethereum;bnb;cardano;usd-coin;terra-luna;hex;solana;shiba-inu;polkadot-new
2022-03-02,-0.03245482322414891,bitcoin;xrp;dogecoin;tether;ethereum;bnb;cardano;usd-coin;terra-luna;hex;solana;shiba-inu;polkadot-new
2022-03-03,-0.07432854042484342,bitcoin;xrp;dogecoin;tether;ethereum;bnb;cardano;usd-coin;terra-luna;hex;solana;shiba-inu;polkadot-new
2022-03-04,0.012709518269335463,bitcoin;xrp;dogecoin;tether;ethereum;bnb;cardano;usd-coin;terra-luna;hex;solana;shiba-inu;polkadot-new
2022-03-05,-0.029984468388238112,bitcoin;xrp;dogecoin;tether;ethereum;bnb;cardano;usd-coin;terra-luna;hex;solana;shiba-inu;polkadot-new
2022-03-06,-0.013466530472058242,bitcoin;xrp;dogecoin;tether;ethereum;bnb;cardano;usd-coin;terra-luna;hex;solana;shiba-inu;polkadot-new
2022-03-07,0.017544152345419433,bitcoin;xrp;dogecoin;tether;ethereum;bnb;cardano;usd-coin;terra-luna;hex;solana;shiba-inu;polkadot-new
2022-03-08,0.06949131898527461,bitcoin;xrp;dogecoin;tether;ethereum;bnb;cardano;usd-coin;terra-luna;hex;solana;shiba-inu;polkadot-new
2022-03-09,-0.05086947136822066,bitcoin;xrp;dogecoin;tether;ethereum;bnb;cardano;usd-coin;terra-luna;hex;solana;shiba-inu;polkadot-new
2022-03-10,-0.015978578537499278,bitcoin;xrp;dogecoin;tether;ethereum;bnb;cardano;usd-coin;terra-luna;hex;solana;shiba-inu;polkadot-new
2022-03-11,0.003782599158779998,bitcoin;xrp;dogecoin;tether;ethereum;bnb;cardano;usd-coin;terra-luna;hex;solana;shiba-inu;polkadot-new
2022-03-12,-0.024948739878999548,bitcoin;xrp;dogecoin;tether;ethereum;bnb;cardano;usd-coin;terra-luna;hex;solana;shiba-inu;polkadot-new
2022-03-13,0.03406923038445216,bitcoin;xrp;dogecoin;tether;ethereum;bnb;cardano;usd-coin;terra-luna;hex;solana;shiba-inu;polkadot-new
2022-03-14,-0.0033157950738457163,bitcoin;xrp;dogecoin;tether;ethereum;bnb;cardano;usd-coin;terra-luna;hex;solana;shiba-inu;polkadot-new
2022-03-15,0.045399233032077206,bitcoin;xrp;dogecoin;tether;ethereum;bnb;cardano;usd-coin;terra-luna;hex;solana;shiba-inu;polkadot-new
2022-03-16,0.0012128660153937678,bitcoin;xrp;dogecoin;tether;ethereum;bnb;cardano;usd-coin;terra-luna;hex;solana;shiba-inu;polkadot-new
2022-03-17,0.024122690266809646,bitcoin;xrp;dogecoin;tether;ethereum;bnb;cardano;usd-coin;terra-luna;hex;solana;shiba-inu;polkadot-new
2022-03-18,0.010677003304427755,bitcoin;xrp;dogecoin;tether;ethereum;bnb;cardano;usd-coin;terra-luna;hex;solana;shiba-inu;polkadot-new
2022-03-19,-0.024399117010416384,bitcoin;xrp;dogecoin;tether;ethereum;bnb;cardano;usd-coin;terra-luna;hex;solana;shiba-inu;polkadot-new
2022-03-20,0.004718728485603168,bitcoin;xrp;dogecoin;tether;ethereum;bnb;cardano;usd-coin;terra-luna;hex;solana;shiba-inu;polkadot-new
2022-03-21,0.026229169561647284,bitcoin;xrp;dogecoin;tether;ethereum;bnb;cardano;usd-coin;terra-luna;hex;solana;shiba-inu;polkadot-new
2022-03-22,0.01935044888983264,bitcoin;xrp;dogecoin;tether;ethereum;bnb;cardano;usd-coin;terra-luna;hex;solana;shiba-inu;polkadot-new
2022-03-23,0.025488224056344554,bitcoin;xrp;dogecoin;tether;ethereum;bnb;cardano;usd-coin;terra-luna;hex;solana;shiba-inu;polkadot-new
2022-03-24,3.964028788264095e-4,bitcoin;xrp;dogecoin;tether;ethereum;bnb;cardano;usd-coin;terra-luna;hex;solana;shiba-inu;polkadot-new
2022-03-25,0.009680511175301533,bitcoin;xrp;dogecoin;tether;ethereum;bnb;cardano;usd-coin;terra-luna;hex;solana;shiba-inu;polkadot-new
2022-03-26,0.04555945022541736,bitcoin;xrp;dogecoin;tether;ethereum;bnb;cardano;usd-coin;terra-luna;hex;solana;shiba-inu;polkadot-new
2022-03-27,0.00677083735917887,bitcoin;xrp;dogecoin;tether;ethereum;bnb;cardano;usd-coin;terra-luna;hex;solana;shiba-inu;polkadot-new
2022-03-28,0.010946039468634369,bitcoin;xrp;dogecoin;tether;ethereum;bnb;cardano;usd-coin;terra-luna;hex;solana;shiba-inu;polkadot-new
2022-03-29,-0.00154182438078082,bitcoin;xrp;dogecoin;tether;ethereum;bnb;cardano;usd-coin;terra-luna;hex;solana;shiba-inu;polkadot-new
2022-03-30,-0.03037147474643704,bitcoin;xrp;dogecoin;tether;ethereum;bnb;cardano;usd-coin;terra-luna;hex;solana;shiba-inu;polkadot-new
2022-03-31,0.026535867313997867,bitcoin;xrp;dogecoin;tether;ethereum;bnb;cardano;usd-coin;terra-luna;hex;solana;shiba-inu;polkadot-new
2022-04-01,-0.004406153875592979,bitcoin;xrp;dogecoin;tether;ethereum;bnb;cardano;usd-coin;terra-luna;binance-usd;hex;solana;avalanche;polkadot-new
2022-04-02,0.015635492090420925,bitcoin;xrp;dogecoin;tether;ethereum;bnb;cardano;usd-coin;terra-luna;binance-usd;hex;solana;avalanche;polkadot-new
2022-04-03,-1.954828092160623e-4,bitcoin;xrp;dogecoin;tether;ethereum;bnb;cardano;usd-coin;terra-luna;binance-usd;hex;solana;avalanche;polkadot-new
2022-04-04,-0.02071360555527661,bitcoin;xrp;dogecoin;tether;ethereum;bnb;cardano;usd-coin;terra-luna;binance-usd;hex;solana;avalanche;polkadot-new
2022-04-05,-0.059685238256861284,bitcoin;xrp;dogecoin;tether;ethereum;bnb;cardano;usd-coin;terra-luna;binance-usd;hex;solana;avalanche;polkadot-new
2022-04-06,0.013264079773683764,bitcoin;xrp;dogecoin;tether;ethereum;bnb;cardano;usd-coin;terra-luna;binance-usd;hex;solana;avalanche;polkadot-new
2022-04-07,-0.026408267125677926,bitcoin;xrp;dogecoin;tether;ethereum;bnb;cardano;usd-coin;terra-luna;binance-usd;hex;solana;avalanche;polkadot-new
2022-04-08,0.014341062500030442,bitcoin;xrp;dogecoin;tether;ethereum;bnb;cardano;usd-coin;terra-luna;binance-usd;hex;solana;avalanche;polkadot-new
2022-04-09,-0.013556356391816194,bitcoin;xrp;dogecoin;tether;ethereum;bnb;cardano;usd-coin;terra-luna;binance-usd;hex;solana;avalanche;polkadot-new
2022-04-10,-0.06725603732404888,bitcoin;xrp;dogecoin;tether;ethereum;bnb;cardano;usd-coin;terra-luna;binance-usd;hex;solana;avalanche;polkadot-new
2022-04-11,0.01707203873575886,bitcoin;xrp;dogecoin;tether;ethereum;bnb;cardano;usd-coin;terra-luna;binance-usd;hex;solana;avalanche;polkadot-new
2022-04-12,0.022992802391587977,bitcoin;xrp;dogecoin;tether;ethereum;bnb;cardano;usd-coin;terra-luna;binance-usd;hex;solana;avalanche;polkadot-new
2022-04-13,-0.026430761239541644,bitcoin;xrp;dogecoin;tether;ethereum;bnb;cardano;usd-coin;terra-luna;binance-usd;hex;solana;avalanche;polkadot-new
2022-04-14,0.014312434575179793,bitcoin;xrp;dogecoin;tether;ethereum;bnb;cardano;usd-coin;terra-luna;binance-usd;hex;solana;avalanche;polkadot-new
2022-04-15,4.7772166661228486e-4,bitcoin;xrp;dogecoin;tether;ethereum;bnb;cardano;usd-coin;terra-luna;binance-usd;hex;solana;avalanche;polkadot-new
2022-04-16,-0.020209904747591267,bitcoin;xrp;dogecoin;tether;ethereum;bnb;cardano;usd-coin;terra-luna;binance-usd;hex;solana;avalanche;polkadot-new
2022-04-17,0.023120002555360605,bitcoin;xrp;dogecoin;tether;ethereum;bnb;cardano;usd-coin;terra-luna;binance-usd;hex;solana;avalanche;polkadot-new
2022-04-18,0.01622319334259729,bitcoin;xrp;dogecoin;tether;ethereum;bnb;cardano;usd-coin;terra-luna;binance-usd;hex;solana;avalanche;polkadot-new
2022-04-19,-0.0048806711083455735,bitcoin;xrp;dogecoin;tether;ethereum;bnb;cardano;usd-coin;terra-luna;binance-usd;hex;solana;avalanche;polkadot-new
2022-04-20,-0.022720625913320837,bitcoin;xrp;dogecoin;tether;ethereum;bnb;cardano;usd-coin;terra-luna;binance-usd;hex;solana;avalanche;polkadot-new
2022-04-21,-0.01195533214768274,bitcoin;xrp;dogecoin;tether;ethereum;bnb;cardano;usd-coin;terra-luna;binance-usd;hex;solana;avalanche;polkadot-new
2022-04-22,-0.007095333250027786,bitcoin;xrp;dogecoin;tether;ethereum;bnb;cardano;usd-coin;terra-luna;binance-usd;hex;solana;avalanche;polkadot-new
2022-04-23,-0.0027661108362189266,bitcoin;xrp;dogecoin;tether;ethereum;bnb;cardano;usd-coin;terra-luna;binance-usd;hex;solana;avalanche;polkadot-new
2022-04-24,0.022974085454539377,bitcoin;xrp;dogecoin;tether;ethereum;bnb;cardano;usd-coin;terra-luna;binance-usd;hex;solana;avalanche;polkadot-new
2022-04-25,-0.05683800157593513,bitcoin;xrp;dogecoin;tether;ethereum;bnb;cardano;usd-coin;terra-luna;binance-usd;hex;solana;avalanche;polkadot-new
2022-04-26,0.025561099087848187,bitcoin;xrp;dogecoin;tether;ethereum;bnb;cardano;usd-coin;terra-luna;binance-usd;hex;solana;avalanche;polkadot-new
2022-04-27,0.011885132633030303,bitcoin;xrp;dogecoin;tether;ethereum;bnb;cardano;usd-coin;terra-luna;binance-usd;hex;solana;avalanche;polkadot-new
2022-04-28,-0.028429327879434932,bitcoin;xrp;dogecoin;tether;ethereum;bnb;cardano;usd-coin;terra-luna;binance-usd;hex;solana;avalanche;polkadot-new
2022-04-29,-0.030311122100554488,bitcoin;xrp;dogecoin;tether;ethereum;bnb;cardano;usd-coin;terra-luna;binance-usd;hex;solana;avalanche;polkadot-new
2022-04-30,0.023817817552013298,bitcoin;xrp;dogecoin;tether;ethereum;bnb;cardano;usd-coin;terra-luna;binance-usd;hex;solana;avalanche;polkadot-new
2022-05-01,0.0041752418355166295,bitcoin;xrp;dogecoin;tether;ethereum;bnb;cardano;usd-coin;terra-luna;binance-usd;hex;solana;avalanche;polkadot-new
2022-05-02,-0.01828534685497027,bitcoin;xrp;dogecoin;tether;ethereum;bnb;cardano;usd-coin;terra-luna;binance-usd;hex;solana;avalanche;polkadot-new
2022-05-03,0.052301576762565596,bitcoin;xrp;dogecoin;tether;ethereum;bnb;cardano;usd-coin;terra-luna;binance-usd;hex;solana;avalanche;polkadot-new
2022-05-04,-0.07185715776015099,bitcoin;xrp;dogecoin;tether;ethereum;bnb;cardano;usd-coin;terra-luna;binance-usd;hex;solana;avalanche;polkadot-new
2022-05-05,-0.013616392277145058,bitcoin;xrp;dogecoin;tether;ethereum;bnb;cardano;usd-coin;terra-luna;binance-usd;hex;solana;avalanche;polkadot-new
2022-05-06,-0.019514456108588447,bitcoin;xrp;dogecoin;tether;ethereum;bnb;cardano;usd-coin;terra-luna;binance-usd;hex;solana;avalanche;polkadot-new
2022-05-07,-0.038468294867707795,bitcoin;xrp;dogecoin;tether;ethereum;bnb;cardano;usd-coin;terra-luna;binance-usd;hex;solana;avalanche;polkadot-new
2022-05-08,-0.12571762571943995,bitcoin;xrp;dogecoin;tether;ethereum;bnb;cardano;usd-coin;terra-luna;binance-usd;hex;solana;avalanche;polkadot-new
2022-05-09,0.019965106658292,bitcoin;xrp;dogecoin;tether;ethereum;bnb;cardano;usd-coin;terra-luna;binance-usd;hex;solana;avalanche;polkadot-new
2022-05-10,-0.14906395573114697,bitcoin;xrp;dogecoin;tether;ethereum;bnb;cardano;usd-coin;terra-luna;binance-usd;hex;solana;avalanche;polkadot-new
2022-05-11,-0.11646783433674343,bitcoin;xrp;dogecoin;tether;ethereum;bnb;cardano;usd-coin;terra-luna;binance-usd;hex;solana;avalanche;polkadot-new
2022-05-12,-0.04184697440753182,bitcoin;xrp;dogecoin;tether;ethereum;bnb;cardano;usd-coin;terra-luna;binance-usd;hex;solana;avalanche;polkadot-new
2022-05-13,0.050895340540256274,bitcoin;xrp;dogecoin;tether;ethereum;bnb;cardano;usd-coin;terra-luna;binance-usd;hex;solana;avalanche;polkadot-new
2022-05-14,0.027177935273220252,bitcoin;xrp;dogecoin;tether;ethereum;bnb;cardano;usd-coin;terra-luna;binance-usd;hex;solana;avalanche;polkadot-new
2022-05-15,-0.052979532458748965,bitcoin;xrp;dogecoin;tether;ethereum;bnb;cardano;usd-coin;terra-luna;binance-usd;hex;solana;avalanche;polkadot-new
2022-05-16,0.022243623278490814,bitcoin;xrp;dogecoin;tether;ethereum;bnb;cardano;usd-coin;terra-luna;binance-usd;hex;solana;avalanche;polkadot-new
2022-05-17,-0.06927706773562176,bitcoin;xrp;dogecoin;tether;ethereum;bnb;cardano;usd-coin;terra-luna;binance-usd;hex;solana;avalanche;polkadot-new
2022-05-18,0.04383371781775892,bitcoin;xrp;dogecoin;tether;ethereum;bnb;cardano;usd-coin;terra-luna;binance-usd;hex;solana;avalanche;polkadot-new
2022-05-19,-0.031152443007755076,bitcoin;xrp;dogecoin;tether;ethereum;bnb;cardano;usd-coin;terra-luna;binance-usd;hex;solana;avalanche;polkadot-new
2022-05-20,0.009062284327578152,bitcoin;xrp;dogecoin;tether;ethereum;bnb;cardano;usd-coin;terra-luna;binance-usd;hex;solana;avalanche;polkadot-new
2022-05-21,0.032656101462951115,bitcoin;xrp;dogecoin;tether;ethereum;bnb;cardano;usd-coin;terra-luna;binance-usd;hex;solana;avalanche;polkadot-new
2022-05-22,-0.04128236052407404,bitcoin;xrp;dogecoin;tether;ethereum;bnb;cardano;usd-coin;terra-luna;binance-usd;hex;solana;avalanche;polkadot-new
2022-05-23,0.014575622005413581,bitcoin;xrp;dogecoin;tether;ethereum;bnb;cardano;usd-coin;terra-luna;binance-usd;hex;solana;avalanche;polkadot-new
2022-05-24,-0.008738970184081193,bitcoin;xrp;dogecoin;tether;ethereum;bnb;cardano;usd-coin;terra-luna;binance-usd;hex;solana;avalanche;polkadot-new
2022-05-25,-0.040141325764236555,bitcoin;xrp;dogecoin;tether;ethereum;bnb;cardano;usd-coin;terra-luna;binance-usd;hex;solana;avalanche;polkadot-new
2022-05-26,-0.02917095256659699,bitcoin;xrp;dogecoin;tether;ethereum;bnb;cardano;usd-coin;terra-luna;binance-usd;hex;solana;avalanche;polkadot-new
2022-05-27,0.022100622961250687,bitcoin;xrp;dogecoin;tether;ethereum;bnb;cardano;usd-coin;terra-luna;binance-usd;hex;solana;avalanche;polkadot-new
2022-05-28,0.010233484649346062,bitcoin;xrp;dogecoin;tether;ethereum;bnb;cardano;usd-coin;terra-luna;binance-usd;hex;solana;avalanche;polkadot-new
2022-05-29,0.07676160582162775,bitcoin;xrp;dogecoin;tether;ethereum;bnb;cardano;usd-coin;terra-luna;binance-usd;hex;solana;avalanche;polkadot-new
2022-05-30,-0.006993726686174019,bitcoin;xrp;dogecoin;tether;ethereum;bnb;cardano;usd-coin;terra-luna;binance-usd;hex;solana;avalanche;polkadot-new
2022-05-31,-0.0653726733739971,bitcoin;xrp;dogecoin;tether;ethereum;bnb;cardano;usd-coin;terra-luna;binance-usd;hex;solana;avalanche;polkadot-new
2022-06-01,0.01752526487647688,bitcoin;xrp;dogecoin;tether;ethereum;bnb;cardano;usd-coin;terra-luna;binance-usd;hex;solana;avalanche;polkadot-new
2022-06-02,-0.031235301460044607,bitcoin;xrp;dogecoin;tether;ethereum;bnb;cardano;usd-coin;terra-luna;binance-usd;hex;solana;avalanche;polkadot-new
2022-06-03,0.007284523920282328,bitcoin;xrp;dogecoin;tether;ethereum;bnb;cardano;usd-coin;terra-luna;binance-usd;hex;solana;avalanche;polkadot-new
2022-06-04,-0.004286939429572423,bitcoin;xrp;dogecoin;tether;ethereum;bnb;cardano;usd-coin;terra-luna;binance-usd;hex;solana;avalanche;polkadot-new
2022-06-05,0.037488521708328885,bitcoin;xrp;dogecoin;tether;ethereum;bnb;cardano;usd-coin;terra-luna;binance-usd;hex;solana;avalanche;polkadot-new
2022-06-06,-0.014766100049345117,bitcoin;xrp;dogecoin;tether;ethereum;bnb;cardano;usd-coin;terra-luna;binance-usd;hex;solana;avalanche;polkadot-new
2022-06-07,-0.02509569222470004,bitcoin;xrp;dogecoin;tether;ethereum;bnb;cardano;usd-coin;terra-luna;binance-usd;hex;solana;avalanche;polkadot-new
2022-06-08,0.005994892203190579,bitcoin;xrp;dogecoin;tether;ethereum;bnb;cardano;usd-coin;terra-luna;binance-usd;hex;solana;avalanche;polkadot-new
2022-06-09,-0.044530085640919946,bitcoin;xrp;dogecoin;tether;ethereum;bnb;cardano;usd-coin;terra-luna;binance-usd;hex;solana;avalanche;polkadot-new
2022-06-10,-0.04509367213120356,bitcoin;xrp;dogecoin;tether;ethereum;bnb;cardano;usd-coin;terra-luna;binance-usd;hex;solana;avalanche;polkadot-new
2022-06-11,-0.05447908762285201,bitcoin;xrp;dogecoin;tether;ethereum;bnb;cardano;usd-coin;terra-luna;binance-usd;hex;solana;avalanche;polkadot-new
2022-06-12,-0.14944716808433522,bitcoin;xrp;dogecoin;tether;ethereum;bnb;cardano;usd-coin;terra-luna;binance-usd;hex;solana;avalanche;polkadot-new
2022-06-13,0.0012224757831590005,bitcoin;xrp;dogecoin;tether;ethereum;bnb;cardano;usd-coin;terra-luna;binance-usd;hex;solana;avalanche;polkadot-new
2022-06-14,0.028129939686137435,bitcoin;xrp;dogecoin;tether;ethereum;bnb;cardano;usd-coin;terra-luna;binance-usd;hex;solana;avalanche;polkadot-new
2022-06-15,-0.10584920211858209,bitcoin;xrp;dogecoin;tether;ethereum;bnb;cardano;usd-coin;terra-luna;binance-usd;hex;solana;avalanche;polkadot-new
2022-06-16,0.010302066667265306,bitcoin;xrp;dogecoin;tether;ethereum;bnb;cardano;usd-coin;terra-luna;binance-usd;hex;solana;avalanche;polkadot-new
2022-06-17,-0.06619473449487577,bitcoin;xrp;dogecoin;tether;ethereum;bnb;cardano;usd-coin;terra-luna;binance-usd;hex;solana;avalanche;polkadot-new
2022-06-18,0.08162749760628174,bitcoin;xrp;dogecoin;tether;ethereum;bnb;cardano;usd-coin;terra-luna;binance-usd;hex;solana;avalanche;polkadot-new
2022-06-19,0.005346314091492205,bitcoin;xrp;dogecoin;tether;ethereum;bnb;cardano;usd-coin;terra-luna;binance-usd;hex;solana;avalanche;polkadot-new
2022-06-20,0.004773292428072413,bitcoin;xrp;dogecoin;tether;ethereum;bnb;cardano;usd-coin;terra-luna;binance-usd;hex;solana;avalanche;polkadot-new
2022-06-21,-0.03943772514987157,bitcoin;xrp;dogecoin;tether;ethereum;bnb;cardano;usd-coin;terra-luna;binance-usd;hex;solana;avalanche;polkadot-new
2022-06-22,0.05778161242937013,bitcoin;xrp;dogecoin;tether;ethereum;bnb;cardano;usd-coin;terra-luna;binance-usd;hex;solana;avalanche;polkadot-new
2022-06-23,0.03110014169611416,bitcoin;xrp;dogecoin;tether;ethereum;bnb;cardano;usd-coin;terra-luna;binance-usd;hex;solana;avalanche;polkadot-new
2022-06-24,0.012418188389342612,bitcoin;xrp;dogecoin;tether;ethereum;bnb;cardano;usd-coin;terra-luna;binance-usd;hex;solana;avalanche;polkadot-new
2022-06-25,-0.02489008628247109,bitcoin;xrp;dogecoin;tether;ethereum;bnb;cardano;usd-coin;terra-luna;binance-usd;hex;solana;avalanche;polkadot-new
2022-06-26,-0.006051529768906807,bitcoin;xrp;dogecoin;tether;ethereum;bnb;cardano;usd-coin;terra-luna;binance-usd;hex;solana;avalanche;polkadot-new
2022-06-27,-0.027110586908707147,bitcoin;xrp;dogecoin;tether;ethereum;bnb;cardano;usd-coin;terra-luna;binance-usd;hex;solana;avalanche;polkadot-new
2022-06-28,-0.009829571309380048,bitcoin;xrp;dogecoin;tether;ethereum;bnb;cardano;usd-coin;terra-luna;binance-usd;hex;solana;avalanche;polkadot-new
2022-06-29,-0.022782049435482076,bitcoin;xrp;dogecoin;tether;ethereum;bnb;cardano;usd-coin;terra-luna;binance-usd;hex;solana;avalanche;polkadot-new
2022-06-30,-0.014696346309646913,bitcoin;xrp;dogecoin;tether;ethereum;bnb;cardano;usd-coin;terra-luna;binance-usd;hex;solana;avalanche;polkadot-new
2022-07-01,4.4900684559257524e-4,bitcoin;xrp;dogecoin;tether;ethereum;bnb;cardano;usd-coin;terra-luna;binance-usd;hex;solana
2022-07-02,0.003228544724401889,bitcoin;xrp;dogecoin;tether;ethereum;bnb;cardano;usd-coin;terra-luna;binance-usd;hex;solana
2022-07-03,0.04675802449691725,bitcoin;xrp;dogecoin;tether;ethereum;bnb;cardano;usd-coin;terra-luna;binance-usd;hex;solana
2022-07-04,-0.008359092050968013,bitcoin;xrp;dogecoin;tether;ethereum;bnb;cardano;usd-coin;terra-luna;binance-usd;hex;solana
2022-07-05,0.022743180199181486,bitcoin;xrp;dogecoin;tether;ethereum;bnb;cardano;usd-coin;terra-luna;binance-usd;hex;solana
2022-07-06,0.039305788562172636,bitcoin;xrp;dogecoin;tether;ethereum;bnb;cardano;usd-coin;terra-luna;binance-usd;hex;solana
2022-07-07,-0.002426729559721651,bitcoin;xrp;dogecoin;tether;ethereum;bnb;cardano;usd-coin;terra-luna;binance-usd;hex;solana
2022-07-08,-0.00292266448785205,bitcoin;xrp;dogecoin;tether;ethereum;bnb;cardano;usd-coin;terra-luna;binance-usd;hex;solana
2022-07-09,-0.031560846189677305,bitcoin;xrp;dogecoin;tether;ethereum;bnb;cardano;usd-coin;terra-luna;binance-usd;hex;solana
2022-07-10,-0.04398222044508239,bitcoin;xrp;dogecoin;tether;ethereum;bnb;cardano;usd-coin;terra-luna;binance-usd;hex;solana
2022-07-11,-0.03403807300931791,bitcoin;xrp;dogecoin;tether;ethereum;bnb;cardano;usd-coin;terra-luna;binance-usd;hex;solana
2022-07-12,0.045158721432248326,bitcoin;xrp;dogecoin;tether;ethereum;bnb;cardano;usd-coin;terra-luna;binance-usd;hex;solana
2022-07-13,0.027544774724868642,bitcoin;xrp;dogecoin;tether;ethereum;bnb;cardano;usd-coin;terra-luna;binance-usd;hex;solana
2022-07-14,0.016627346221126316,bitcoin;xrp;dogecoin;tether;ethereum;bnb;cardano;usd-coin;terra-luna;binance-usd;hex;solana
2022-07-15,0.03463505530630386,bitcoin;xrp;dogecoin;tether;ethereum;bnb;cardano;usd-coin;terra-luna;binance-usd;hex;solana
2022-07-16,-0.015160457099586128,bitcoin;xrp;dogecoin;tether;ethereum;bnb;cardano;usd-coin;terra-luna;binance-usd;hex;solana
2022-07-17,0.08766558991322779,bitcoin;xrp;dogecoin;tether;ethereum;bnb;cardano;usd-coin;terra-luna;binance-usd;hex;solana
2022-07-18,0.019297154540528043,bitcoin;xrp;dogecoin;tether;ethereum;bnb;cardano;usd-coin;terra-luna;binance-usd;hex;solana
2022-07-19,-0.012727302684648197,bitcoin;xrp;dogecoin;tether;ethereum;bnb;cardano;usd-coin;terra-luna;binance-usd;hex;solana
2022-07-20,0.009405733463465422,bitcoin;xrp;dogecoin;tether;ethereum;bnb;cardano;usd-coin;terra-luna;binance-usd;hex;solana
2022-07-21,-0.01915300161204313,bitcoin;xrp;dogecoin;tether;ethereum;bnb;cardano;usd-coin;terra-luna;binance-usd;hex;solana
2022-07-22,-0.0035640072513306448,bitcoin;xrp;dogecoin;tether;ethereum;bnb;cardano;usd-coin;terra-luna;binance-usd;hex;solana
2022-07-23,0.01115687209003043,bitcoin;xrp;dogecoin;tether;ethereum;bnb;cardano;usd-coin;terra-luna;binance-usd;hex;solana
2022-07-24,-0.06120184582716592,bitcoin;xrp;dogecoin;tether;ethereum;bnb;cardano;usd-coin;terra-luna;binance-usd;hex;solana
2022-07-25,-0.002556524615950914,bitcoin;xrp;dogecoin;tether;ethereum;bnb;cardano;usd-coin;terra-luna;binance-usd;hex;solana
2022-07-26,0.07895159315223664,bitcoin;xrp;dogecoin;tether;ethereum;bnb;cardano;usd-coin;terra-luna;binance-usd;hex;solana
2022-07-27,0.03537701866364049,bitcoin;xrp;dogecoin;tether;ethereum;bnb;cardano;usd-coin;terra-luna;binance-usd;hex;solana
2022-07-28,0.0019765610780192303,bitcoin;xrp;dogecoin;tether;ethereum;bnb;cardano;usd-coin;terra-luna;binance-usd;hex;solana
2022-07-29,-0.0053358957374878245,bitcoin;xrp;dogecoin;tether;ethereum;bnb;cardano;usd-coin;terra-luna;binance-usd;hex;solana
2022-07-30,-0.011954435228793229,bitcoin;xrp;dogecoin;tether;ethereum;bnb;cardano;usd-coin;terra-luna;binance-usd;hex;solana
2022-07-31,-0.006732244205144059,bitcoin;xrp;dogecoin;tether;ethereum;bnb;cardano;usd-coin;terra-luna;binance-usd;hex;solana
2022-08-01,-0.011515921706164257,bitcoin;xrp;dogecoin;tether;ethereum;bnb;cardano;usd-coin;terra-luna;binance-usd;hex;solana
2022-08-02,-0.002470131567381364,bitcoin;xrp;dogecoin;tether;ethereum;bnb;cardano;usd-coin;terra-luna;binance-usd;hex;solana
2022-08-03,-0.004311900422935431,bitcoin;xrp;dogecoin;tether;ethereum;bnb;cardano;usd-coin;terra-luna;binance-usd;hex;solana
2022-08-04,0.03498298965842567,bitcoin;xrp;dogecoin;tether;ethereum;bnb;cardano;usd-coin;terra-luna;binance-usd;hex;solana
2022-08-05,-0.013278319930619545,bitcoin;xrp;dogecoin;tether;ethereum;bnb;cardano;usd-coin;terra-luna;binance-usd;hex;solana
2022-08-06,0.007812665657026919,bitcoin;xrp;dogecoin;tether;ethereum;bnb;cardano;usd-coin;terra-luna;binance-usd;hex;solana
2022-08-07,0.025868434040392595,bitcoin;xrp;dogecoin;tether;ethereum;bnb;cardano;usd-coin;terra-luna;binance-usd;hex;solana
2022-08-08,-0.025455676711790956,bitcoin;xrp;dogecoin;tether;ethereum;bnb;cardano;usd-coin;terra-luna;binance-usd;hex;solana
2022-08-09,0.04030136703595661,bitcoin;xrp;dogecoin;tether;ethereum;bnb;cardano;usd-coin;terra-luna;binance-usd;hex;solana
2022-08-10,0.003078368440278665,bitcoin;xrp;dogecoin;tether;ethereum;bnb;cardano;usd-coin;terra-luna;binance-usd;hex;solana
2022-08-11,0.021041560326695668,bitcoin;xrp;dogecoin;tether;ethereum;bnb;cardano;usd-coin;terra-luna;binance-usd;hex;solana
2022-08-12,0.004628841227989686,bitcoin;xrp;dogecoin;tether;ethereum;bnb;cardano;usd-coin;terra-luna;binance-usd;hex;solana
2022-08-13,-0.00653856799939289,bitcoin;xrp;dogecoin;tether;ethereum;bnb;cardano;usd-coin;terra-luna;binance-usd;hex;solana
2022-08-14,-0.010624389433666913,bitcoin;xrp;dogecoin;tether;ethereum;bnb;cardano;usd-coin;terra-luna;binance-usd;hex;solana
2022-08-15,-0.008446460846885143,bitcoin;xrp;dogecoin;tether;ethereum;bnb;cardano;usd-coin;terra-luna;binance-usd;hex;solana
2022-08-16,-0.021944870429961003,bitcoin;xrp;dogecoin;tether;ethereum;bnb;cardano;usd-coin;terra-luna;binance-usd;hex;solana
2022-08-17,-0.006512543635277032,bitcoin;xrp;dogecoin;tether;ethereum;bnb;cardano;usd-coin;terra-luna;binance-usd;hex;solana
2022-08-18,-0.09977983254806726,bitcoin;xrp;dogecoin;tether;ethereum;bnb;cardano;usd-coin;terra-luna;binance-usd;hex;solana
2022-08-19,0.003610077613265539,bitcoin;xrp;dogecoin;tether;ethereum;bnb;cardano;usd-coin;terra-luna;binance-usd;hex;solana
2022-08-20,0.021666964568636357,bitcoin;xrp;dogecoin;tether;ethereum;bnb;cardano;usd-coin;terra-luna;binance-usd;hex;solana
2022-08-21,-0.003892058048213798,bitcoin;xrp;dogecoin;tether;ethereum;bnb;cardano;usd-coin;terra-luna;binance-usd;hex;solana
2022-08-22,0.010791207085290586,bitcoin;xrp;dogecoin;tether;ethereum;bnb;cardano;usd-coin;terra-luna;binance-usd;hex;solana
2022-08-23,-0.005439123923331447,bitcoin;xrp;dogecoin;tether;ethereum;bnb;cardano;usd-coin;terra-luna;binance-usd;hex;solana
2022-08-24,0.01505856530352332,bitcoin;xrp;dogecoin;tether;ethereum;bnb;cardano;usd-coin;terra-luna;binance-usd;hex;solana
2022-08-25,-0.07021224393201395,bitcoin;xrp;dogecoin;tether;ethereum;bnb;cardano;usd-coin;terra-luna;binance-usd;hex;solana
2022-08-26,-0.008017778938907111,bitcoin;xrp;dogecoin;tether;ethereum;bnb;cardano;usd-coin;terra-luna;binance-usd;hex;solana
2022-08-27,-0.024617635360318548,bitcoin;xrp;dogecoin;tether;ethereum;bnb;cardano;usd-coin;terra-luna;binance-usd;hex;solana
2022-08-28,0.04172472722041422,bitcoin;xrp;dogecoin;tether;ethereum;bnb;cardano;usd-coin;terra-luna;binance-usd;hex;solana
2022-08-29,-0.01753241986324878,bitcoin;xrp;dogecoin;tether;ethereum;bnb;cardano;usd-coin;terra-luna;binance-usd;hex;solana
2022-08-30,0.01399451554994762,bitcoin;xrp;dogecoin;tether;ethereum;bnb;cardano;usd-coin;terra-luna;binance-usd;hex;solana
2022-08-31,0.009826284054652233,bitcoin;xrp;dogecoin;tether;ethereum;bnb;cardano;usd-coin;terra-luna;binance-usd;hex;solana
2022-09-01,-0.006816432390303332,bitcoin;xrp;dogecoin;tether;ethereum;bnb;cardano;usd-coin;terra-luna;binance-usd;hex;solana
2022-09-02,-0.004304473157916071,bitcoin;xrp;dogecoin;tether;ethereum;bnb;cardano;usd-coin;terra-luna;binance-usd;hex;solana
2022-09-03,0.008576485571437024,bitcoin;xrp;dogecoin;tether;ethereum;bnb;cardano;usd-coin;terra-luna;binance-usd;hex;solana
2022-09-04,0.005476375990551854,bitcoin;xrp;dogecoin;tether;ethereum;bnb;cardano;usd-coin;terra-luna;binance-usd;hex;solana
2022-09-05,-0.04091153657021549,bitcoin;xrp;dogecoin;tether;ethereum;bnb;cardano;usd-coin;terra-luna;binance-usd;hex;solana
2022-09-06,0.029183483244465475,bitcoin;xrp;dogecoin;tether;ethereum;bnb;cardano;usd-coin;terra-luna;binance-usd;hex;solana
2022-09-07,0.004134451371278486,bitcoin;xrp;dogecoin;tether;ethereum;bnb;cardano;usd-coin;terra-luna;binance-usd;hex;solana
2022-09-08,0.06644983416897793,bitcoin;xrp;dogecoin;tether;ethereum;bnb;cardano;usd-coin;terra-luna;binance-usd;hex;solana
2022-09-09,0.015629212786886722,bitcoin;xrp;dogecoin;tether;ethereum;bnb;cardano;usd-coin;terra-luna;binance-usd;hex;solana
2022-09-10,-0.0010077738636373593,bitcoin;xrp;dogecoin;tether;ethereum;bnb;cardano;usd-coin;terra-luna;binance-usd;hex;solana
2022-09-11,0.005095336318253957,bitcoin;xrp;dogecoin;tether;ethereum;bnb;cardano;usd-coin;terra-luna;binance-usd;hex;solana
2022-09-12,-0.07510149615230663,bitcoin;xrp;dogecoin;tether;ethereum;bnb;cardano;usd-coin;terra-luna;binance-usd;hex;solana
2022-09-13,0.005703256548838498,bitcoin;xrp;dogecoin;tether;ethereum;bnb;cardano;usd-coin;terra-luna;binance-usd;hex;solana
2022-09-14,-0.043786669953225825,bitcoin;xrp;dogecoin;tether;ethereum;bnb;cardano;usd-coin;terra-luna;binance-usd;hex;solana
2022-09-15,3.245137603903332e-4,bitcoin;xrp;dogecoin;tether;ethereum;bnb;cardano;usd-coin;terra-luna;binance-usd;hex;solana
2022-09-16,0.018795952219221278,bitcoin;xrp;dogecoin;tether;ethereum;bnb;cardano;usd-coin;terra-luna;binance-usd;hex;solana
2022-09-17,-0.04922764760713451,bitcoin;xrp;dogecoin;tether;ethereum;bnb;cardano;usd-coin;terra-luna;binance-usd;hex;solana
2022-09-18,0.015157285906851965,bitcoin;xrp;dogecoin;tether;ethereum;bnb;cardano;usd-coin;terra-luna;binance-usd;hex;solana
2022-09-19,-0.02784499238106278,bitcoin;xrp;dogecoin;tether;ethereum;bnb;cardano;usd-coin;terra-luna;binance-usd;hex;solana
2022-09-20,-0.024192423931234847,bitcoin;xrp;dogecoin;tether;ethereum;bnb;cardano;usd-coin;terra-luna;binance-usd;hex;solana
2022-09-21,0.044247463949327576,bitcoin;xrp;dogecoin;tether;ethereum;bnb;cardano;usd-coin;terra-luna;binance-usd;hex;solana
2022-09-22,-9.653320585476309e-4,bitcoin;xrp;dogecoin;tether;ethereum;bnb;cardano;usd-coin;terra-luna;binance-usd;hex;solana
2022-09-23,-0.014001052649815052,bitcoin;xrp;dogecoin;tether;ethereum;bnb;cardano;usd-coin;terra-luna;binance-usd;hex;solana
2022-09-24,-0.01028491144089662,bitcoin;xrp;dogecoin;tether;ethereum;bnb;cardano;usd-coin;terra-luna;binance-usd;hex;solana
2022-09-25,0.023468427153169113,bitcoin;xrp;dogecoin;tether;ethereum;bnb;cardano;usd-coin;terra-luna;binance-usd;hex;solana
2022-09-26,-0.007515685814450531,bitcoin;xrp;dogecoin;tether;ethereum;bnb;cardano;usd-coin;terra-luna;binance-usd;hex;solana
2022-09-27,0.011658154364030828,bitcoin;xrp;dogecoin;tether;ethereum;bnb;cardano;usd-coin;terra-luna;binance-usd;hex;solana
2022-09-28,0.006109944116824541,bitcoin;xrp;dogecoin;tether;ethereum;bnb;cardano;usd-coin;terra-luna;binance-usd;hex;solana
2022-09-29,-0.004700167344437541,bitcoin;xrp;dogecoin;tether;ethereum;bnb;cardano;usd-coin;terra-luna;binance-usd;hex;solana
2022-09-30,-0.006491098447934519,bitcoin;xrp;dogecoin;tether;ethereum;bnb;cardano;usd-coin;terra-luna;binance-usd;hex;solana
2022-10-01,-0.014857738607574607,bitcoin;xrp;dogecoin;tether;ethereum;bnb;cardano;usd-coin;binance-usd;solana;polkadot-new
2022-10-02,0.02504781331926741,bitcoin;xrp;dogecoin;tether;ethereum;bnb;cardano;usd-coin;binance-usd;solana;polkadot-new
2022-10-03,0.028122194659812843,bitcoin;xrp;dogecoin;tether;ethereum;bnb;cardano;usd-coin;binance-usd;solana;polkadot-new
2022-10-04,-0.006216923330394474,bitcoin;xrp;dogecoin;tether;ethereum;bnb;cardano;usd-coin;binance-usd;solana;polkadot-new
2022-10-05,-0.007166557115024331,bitcoin;xrp;dogecoin;tether;ethereum;bnb;cardano;usd-coin;binance-usd;solana;polkadot-new
2022-10-06,-0.013293866204787787,bitcoin;xrp;dogecoin;tether;ethereum;bnb;cardano;usd-coin;binance-usd;solana;polkadot-new
2022-10-07,-0.007884988904363488,bitcoin;xrp;dogecoin;tether;ethereum;bnb;cardano;usd-coin;binance-usd;solana;polkadot-new
2022-10-08,0.0035148597866476905,bitcoin;xrp;dogecoin;tether;ethereum;bnb;cardano;usd-coin;binance-usd;solana;polkadot-new
2022-10-09,-0.017953314506304358,bitcoin;xrp;dogecoin;tether;ethereum;bnb;cardano;usd-coin;binance-usd;solana;polkadot-new
2022-10-10,-0.006039847042317987,bitcoin;xrp;dogecoin;tether;ethereum;bnb;cardano;usd-coin;binance-usd;solana;polkadot-new
2022-10-11,0.005039123262810503,bitcoin;xrp;dogecoin;tether;ethereum;bnb;cardano;usd-coin;binance-usd;solana;polkadot-new
2022-10-12,0.0037252520262917193,bitcoin;xrp;dogecoin;tether;ethereum;bnb;cardano;usd-coin;binance-usd;solana;polkadot-new
2022-10-13,-0.004574345329495753,bitcoin;xrp;dogecoin;tether;ethereum;bnb;cardano;usd-coin;binance-usd;solana;polkadot-new
2022-10-14,-0.007809989631118996,bitcoin;xrp;dogecoin;tether;ethereum;bnb;cardano;usd-coin;binance-usd;solana;polkadot-new
2022-10-15,0.01197117360297974,bitcoin;xrp;dogecoin;tether;ethereum;bnb;cardano;usd-coin;binance-usd;solana;polkadot-new
2022-10-16,0.012923050230297675,bitcoin;xrp;dogecoin;tether;ethereum;bnb;cardano;usd-coin;binance-usd;solana;polkadot-new
2022-10-17,-0.011257504638983288,bitcoin;xrp;dogecoin;tether;ethereum;bnb;cardano;usd-coin;binance-usd;solana;polkadot-new
2022-10-18,-0.011619342284520212,bitcoin;xrp;dogecoin;tether;ethereum;bnb;cardano;usd-coin;binance-usd;solana;polkadot-new
2022-10-19,-0.00450003807317423,bitcoin;xrp;dogecoin;tether;ethereum;bnb;cardano;usd-coin;binance-usd;solana;polkadot-new
2022-10-20,0.007051236462543832,bitcoin;xrp;dogecoin;tether;ethereum;bnb;cardano;usd-coin;binance-usd;solana;polkadot-new
2022-10-21,0.00377187094221477,bitcoin;xrp;dogecoin;tether;ethereum;bnb;cardano;usd-coin;binance-usd;solana;polkadot-new
2022-10-22,0.01986976285561193,bitcoin;xrp;dogecoin;tether;ethereum;bnb;cardano;usd-coin;binance-usd;solana;polkadot-new
2022-10-23,-0.010591048571617493,bitcoin;xrp;dogecoin;tether;ethereum;bnb;cardano;usd-coin;binance-usd;solana;polkadot-new
2022-10-24,0.0441669479256903,bitcoin;xrp;dogecoin;tether;ethereum;bnb;cardano;usd-coin;binance-usd;solana;polkadot-new
2022-10-25,0.0345677736718564,bitcoin;xrp;dogecoin;tether;ethereum;bnb;cardano;usd-coin;binance-usd;solana;polkadot-new
2022-10-26,-0.020566144544168205,bitcoin;xrp;dogecoin;tether;ethereum;bnb;cardano;usd-coin;binance-usd;solana;polkadot-new
2022-10-27,0.018475229574459923,bitcoin;xrp;dogecoin;tether;ethereum;bnb;cardano;usd-coin;binance-usd;solana;polkadot-new
2022-10-28,0.020209332160674946,bitcoin;xrp;dogecoin;tether;ethereum;bnb;cardano;usd-coin;binance-usd;solana;polkadot-new
2022-10-29,-0.008055206788644898,bitcoin;xrp;dogecoin;tether;ethereum;bnb;cardano;usd-coin;binance-usd;solana;polkadot-new
2022-10-30,-0.002776991848820988,bitcoin;xrp;dogecoin;tether;ethereum;bnb;cardano;usd-coin;binance-usd;solana;polkadot-new
2022-10-31,9.320150747627303e-4,bitcoin;xrp;dogecoin;tether;ethereum;bnb;cardano;usd-coin;binance-usd;solana;polkadot-new
2022-11-01,-0.020611022716137028,bitcoin;xrp;dogecoin;tether;ethereum;bnb;cardano;usd-coin;binance-usd;solana;polkadot-new
2022-11-02,0.004731417530239717,bitcoin;xrp;dogecoin;tether;ethereum;bnb;cardano;usd-coin;binance-usd;solana;polkadot-new
2022-11-03,0.04793752296132795,bitcoin;xrp;dogecoin;tether;ethereum;bnb;cardano;usd-coin;binance-usd;solana;polkadot-new
2022-11-04,8.244152954049958e-4,bitcoin;xrp;dogecoin;tether;ethereum;bnb;cardano;usd-coin;binance-usd;solana;polkadot-new
2022-11-05,-0.022436118081009936,bitcoin;xrp;dogecoin;tether;ethereum;bnb;cardano;usd-coin;binance-usd;solana;polkadot-new
2022-11-06,-0.009981297580382159,bitcoin;xrp;dogecoin;tether;ethereum;bnb;cardano;usd-coin;binance-usd;solana;polkadot-new
2022-11-07,-0.09977522239020052,bitcoin;xrp;dogecoin;tether;ethereum;bnb;cardano;usd-coin;binance-usd;solana;polkadot-new
2022-11-08,-0.14735899949815828,bitcoin;xrp;dogecoin;tether;ethereum;bnb;cardano;usd-coin;binance-usd;solana;polkadot-new
2022-11-09,0.10623162676034646,bitcoin;xrp;dogecoin;tether;ethereum;bnb;cardano;usd-coin;binance-usd;solana;polkadot-new
2022-11-10,-0.02364089685236841,bitcoin;xrp;dogecoin;tether;ethereum;bnb;cardano;usd-coin;binance-usd;solana;polkadot-new
2022-11-11,-0.017085064080729462,bitcoin;xrp;dogecoin;tether;ethereum;bnb;cardano;usd-coin;binance-usd;solana;polkadot-new
2022-11-12,-0.023948468781417414,bitcoin;xrp;dogecoin;tether;ethereum;bnb;cardano;usd-coin;binance-usd;solana;polkadot-new
2022-11-13,0.0152467414766503,bitcoin;xrp;dogecoin;tether;ethereum;bnb;cardano;usd-coin;binance-usd;solana;polkadot-new
2022-11-14,0.010688478724117382,bitcoin;xrp;dogecoin;tether;ethereum;bnb;cardano;usd-coin;binance-usd;solana;polkadot-new
2022-11-15,-0.015082126727767174,bitcoin;xrp;dogecoin;tether;ethereum;bnb;cardano;usd-coin;binance-usd;solana;polkadot-new
2022-11-16,-0.003964024309745794,bitcoin;xrp;dogecoin;tether;ethereum;bnb;cardano;usd-coin;binance-usd;solana;polkadot-new
2022-11-17,0.0032014049161145823,bitcoin;xrp;dogecoin;tether;ethereum;bnb;cardano;usd-coin;binance-usd;solana;polkadot-new
2022-11-18,8.744686826315422e-4,bitcoin;xrp;dogecoin;tether;ethereum;bnb;cardano;usd-coin;binance-usd;solana;polkadot-new
2022-11-19,-0.032661874419310816,bitcoin;xrp;dogecoin;tether;ethereum;bnb;cardano;usd-coin;binance-usd;solana;polkadot-new
2022-11-20,-0.0253590171350965,bitcoin;xrp;dogecoin;tether;ethereum;bnb;cardano;usd-coin;binance-usd;solana;polkadot-new
2022-11-21,0.017226162630199042,bitcoin;xrp;dogecoin;tether;ethereum;bnb;cardano;usd-coin;binance-usd;solana;polkadot-new
2022-11-22,0.03643956786181758,bitcoin;xrp;dogecoin;tether;ethereum;bnb;cardano;usd-coin;binance-usd;solana;polkadot-new
2022-11-23,0.005273323257456043,bitcoin;xrp;dogecoin;tether;ethereum;bnb;cardano;usd-coin;binance-usd;solana;polkadot-new
2022-11-24,-0.0028807251141597127,bitcoin;xrp;dogecoin;tether;ethereum;bnb;cardano;usd-coin;binance-usd;solana;polkadot-new
2022-11-25,8.833861375712725e-4,bitcoin;xrp;dogecoin;tether;ethereum;bnb;cardano;usd-coin;binance-usd;solana;polkadot-new
2022-11-26,-0.002281358610412416,bitcoin;xrp;dogecoin;tether;ethereum;bnb;cardano;usd-coin;binance-usd;solana;polkadot-new
2022-11-27,-0.01605884374634404,bitcoin;xrp;dogecoin;tether;ethereum;bnb;cardano;usd-coin;binance-usd;solana;polkadot-new
2022-11-28,0.017358467427529365,bitcoin;xrp;dogecoin;tether;ethereum;bnb;cardano;usd-coin;binance-usd;solana;polkadot-new
2022-11-29,0.0384189174764359,bitcoin;xrp;dogecoin;tether;ethereum;bnb;cardano;usd-coin;binance-usd;solana;polkadot-new
2022-11-30,-0.012892620592859642,bitcoin;xrp;dogecoin;tether;ethereum;bnb;cardano;usd-coin;binance-usd;solana;polkadot-new
2022-12-01,0.007835016792975215,bitcoin;xrp;dogecoin;tether;ethereum;bnb;cardano;usd-coin;binance-usd;solana;polkadot-new
2022-12-02,-0.01591822202801842,bitcoin;xrp;dogecoin;tether;ethereum;bnb;cardano;usd-coin;binance-usd;solana;polkadot-new
2022-12-03,0.014518400797981558,bitcoin;xrp;dogecoin;tether;ethereum;bnb;cardano;usd-coin;binance-usd;solana;polkadot-new
2022-12-04,-0.00930348755483957,bitcoin;xrp;dogecoin;tether;ethereum;bnb;cardano;usd-coin;binance-usd;solana;polkadot-new
2022-12-05,0.006175143692650225,bitcoin;xrp;dogecoin;tether;ethereum;bnb;cardano;usd-coin;binance-usd;solana;polkadot-new
2022-12-06,-0.017589030651808113,bitcoin;xrp;dogecoin;tether;ethereum;bnb;cardano;usd-coin;binance-usd;solana;polkadot-new
2022-12-07,0.022274749327012407,bitcoin;xrp;dogecoin;tether;ethereum;bnb;cardano;usd-coin;binance-usd;solana;polkadot-new
2022-12-08,-0.00763559951884421,bitcoin;xrp;dogecoin;tether;ethereum;bnb;cardano;usd-coin;binance-usd;solana;polkadot-new
2022-12-09,4.8522709315444577e-4,bitcoin;xrp;dogecoin;tether;ethereum;bnb;cardano;usd-coin;binance-usd;solana;polkadot-new
2022-12-10,-0.0031730091957363183,bitcoin;xrp;dogecoin;tether;ethereum;bnb;cardano;usd-coin;binance-usd;solana;polkadot-new
2022-12-11,0.0030672157326284777,bitcoin;xrp;dogecoin;tether;ethereum;bnb;cardano;usd-coin;binance-usd;solana;polkadot-new
2022-12-12,0.024537099286351432,bitcoin;xrp;dogecoin;tether;ethereum;bnb;cardano;usd-coin;binance-usd;solana;polkadot-new
2022-12-13,-0.012888653954929134,bitcoin;xrp;dogecoin;tether;ethereum;bnb;cardano;usd-coin;binance-usd;solana;polkadot-new
2022-12-14,-0.01297012811797274,bitcoin;xrp;dogecoin;tether;ethereum;bnb;cardano;usd-coin;binance-usd;solana;polkadot-new
2022-12-15,-0.05244316145007656,bitcoin;xrp;dogecoin;tether;ethereum;bnb;cardano;usd-coin;binance-usd;solana;polkadot-new
2022-12-16,0.011772034879546575,bitcoin;xrp;dogecoin;tether;ethereum;bnb;cardano;usd-coin;binance-usd;solana;polkadot-new
2022-12-17,-4.5400613467813975e-4,bitcoin;xrp;dogecoin;tether;ethereum;bnb;cardano;usd-coin;binance-usd;solana;polkadot-new
2022-12-18,-0.01846778404649875,bitcoin;xrp;dogecoin;tether;ethereum;bnb;cardano;usd-coin;binance-usd;solana;polkadot-new
2022-12-19,0.02756492915830095,bitcoin;xrp;dogecoin;tether;ethereum;bnb;cardano;usd-coin;binance-usd;solana;polkadot-new
2022-12-20,-0.005815103386593012,bitcoin;xrp;dogecoin;tether;ethereum;bnb;cardano;usd-coin;binance-usd;solana;polkadot-new
2022-12-21,0.0017905872307145455,bitcoin;xrp;dogecoin;tether;ethereum;bnb;cardano;usd-coin;binance-usd;solana;polkadot-new
2022-12-22,-1.6790858012300305e-4,bitcoin;xrp;dogecoin;tether;ethereum;bnb;cardano;usd-coin;binance-usd;solana;polkadot-new
2022-12-23,7.672873588628839e-4,bitcoin;xrp;dogecoin;tether;ethereum;bnb;cardano;usd-coin;binance-usd;solana;polkadot-new
2022-12-24,-0.00147542739092809,bitcoin;xrp;dogecoin;tether;ethereum;bnb;cardano;usd-coin;binance-usd;solana;polkadot-new
2022-12-25,0.0055597991979429145,bitcoin;xrp;dogecoin;tether;ethereum;bnb;cardano;usd-coin;binance-usd;solana;polkadot-new
2022-12-26,-0.008895297378612865,bitcoin;xrp;dogecoin;tether;ethereum;bnb;cardano;usd-coin;binance-usd;solana;polkadot-new
2022-12-27,-0.013989646505282722,bitcoin;xrp;dogecoin;tether;ethereum;bnb;cardano;usd-coin;binance-usd;solana;polkadot-new
2022-12-28,0.004107241933096112,bitcoin;xrp;dogecoin;tether;ethereum;bnb;cardano;usd-coin;binance-usd;solana;polkadot-new
2022-12-29,-0.0015275972338304798,bitcoin;xrp;dogecoin;tether;ethereum;bnb;cardano;usd-coin;binance-usd;solana;polkadot-new
2022-12-30,-0.0017995865078644687,bitcoin;xrp;dogecoin;tether;ethereum;bnb;cardano;usd-coin;binance-usd;solana;polkadot-new
2022-12-31,0.0028874325393954767,bitcoin;xrp;dogecoin;tether;ethereum;bnb;cardano;usd-coin;binance-usd;solana;polkadot-new
2023-01-01,0.0071547848851439,bitcoin;xrp;dogecoin;tether;ethereum;bnb;cardano;usd-coin;binance-usd;solana
2023-01-02,9.780131822381686e-4,bitcoin;xrp;dogecoin;tether;ethereum;bnb;cardano;usd-coin;binance-usd;solana
2023-01-03,0.017512319453680463,bitcoin;xrp;dogecoin;tether;ethereum;bnb;cardano;usd-coin;binance-usd;solana
2023-01-04,-0.0035346734051665465,bitcoin;xrp;dogecoin;tether;ethereum;bnb;cardano;usd-coin;binance-usd;solana
2023-01-05,0.008680385859967573,bitcoin;xrp;dogecoin;tether;ethereum;bnb;cardano;usd-coin;binance-usd;solana
2023-01-06,-9.414245881417968e-4,bitcoin;xrp;dogecoin;tether;ethereum;bnb;cardano;usd-coin;binance-usd;solana
2023-01-07,0.013014264034889388,bitcoin;xrp;dogecoin;tether;ethereum;bnb;cardano;usd-coin;binance-usd;solana
2023-01-08,0.011370900789566072,bitcoin;xrp;dogecoin;tether;ethereum;bnb;cardano;usd-coin;binance-usd;solana
2023-01-09,0.011038472872206587,bitcoin;xrp;dogecoin;tether;ethereum;bnb;cardano;usd-coin;binance-usd;solana
2023-01-10,0.025124197274666422,bitcoin;xrp;dogecoin;tether;ethereum;bnb;cardano;usd-coin;binance-usd;solana
2023-01-11,0.029973096528706902,bitcoin;xrp;dogecoin;tether;ethereum;bnb;cardano;usd-coin;binance-usd;solana
2023-01-12,0.034953600651082835,bitcoin;xrp;dogecoin;tether;ethereum;bnb;cardano;usd-coin;binance-usd;solana
2023-01-13,0.04565933949196382,bitcoin;xrp;dogecoin;tether;ethereum;bnb;cardano;usd-coin;binance-usd;solana
2023-01-14,-0.004210992470911668,bitcoin;xrp;dogecoin;tether;ethereum;bnb;cardano;usd-coin;binance-usd;solana
2023-01-15,0.00919296699016872,bitcoin;xrp;dogecoin;tether;ethereum;bnb;cardano;usd-coin;binance-usd;solana
2023-01-16,-0.0017818151787742371,bitcoin;xrp;dogecoin;tether;ethereum;bnb;cardano;usd-coin;binance-usd;solana
2023-01-17,-0.023686428963070157,bitcoin;xrp;dogecoin;tether;ethereum;bnb;cardano;usd-coin;binance-usd;solana
2023-01-18,0.018089249193511528,bitcoin;xrp;dogecoin;tether;ethereum;bnb;cardano;usd-coin;binance-usd;solana
2023-01-19,0.056017946393410394,bitcoin;xrp;dogecoin;tether;ethereum;bnb;cardano;usd-coin;binance-usd;solana
2023-01-20,-0.004529322232711524,bitcoin;xrp;dogecoin;tether;ethereum;bnb;cardano;usd-coin;binance-usd;solana
2023-01-21,3.784385705095873e-4,bitcoin;xrp;dogecoin;tether;ethereum;bnb;cardano;usd-coin;binance-usd;solana
2023-01-22,0.006580364056740443,bitcoin;xrp;dogecoin;tether;ethereum;bnb;cardano;usd-coin;binance-usd;solana
2023-01-23,-0.020274889473074334,bitcoin;xrp;dogecoin;tether;ethereum;bnb;cardano;usd-coin;binance-usd;solana
2023-01-24,0.021369498756383526,bitcoin;xrp;dogecoin;tether;ethereum;bnb;cardano;usd-coin;binance-usd;solana
2023-01-25,-0.0037758944764522823,bitcoin;xrp;dogecoin;tether;ethereum;bnb;cardano;usd-coin;binance-usd;solana
2023-01-26,0.0016402150415735775,bitcoin;xrp;dogecoin;tether;ethereum;bnb;cardano;usd-coin;binance-usd;solana
2023-01-27,-0.005519384972837018,bitcoin;xrp;dogecoin;tether;ethereum;bnb;cardano;usd-coin;binance-usd;solana
2023-01-28,0.029333628648870173,bitcoin;xrp;dogecoin;tether;ethereum;bnb;cardano;usd-coin;binance-usd;solana
2023-01-29,-0.035099851383882115,bitcoin;xrp;dogecoin;tether;ethereum;bnb;cardano;usd-coin;binance-usd;solana
2023-01-30,0.012709262456454646,bitcoin;xrp;dogecoin;tether;ethereum;bnb;cardano;usd-coin;binance-usd;solana
2023-01-31,0.021079148565135104,bitcoin;xrp;dogecoin;tether;ethereum;bnb;cardano;usd-coin;binance-usd;solana
2023-02-01,-0.004820058362002309,bitcoin;xrp;dogecoin;tether;ethereum;bnb;cardano;usd-coin;binance-usd;solana
2023-02-02,0.004978699424751603,bitcoin;xrp;dogecoin;tether;ethereum;bnb;cardano;usd-coin;binance-usd;solana
2023-02-03,-0.002354806582053137,bitcoin;xrp;dogecoin;tether;ethereum;bnb;cardano;usd-coin;binance-usd;solana
2023-02-04,-0.014919587919963628,bitcoin;xrp;dogecoin;tether;ethereum;bnb;cardano;usd-coin;binance-usd;solana
2023-02-05,-0.008320979392179836,bitcoin;xrp;dogecoin;tether;ethereum;bnb;cardano;usd-coin;binance-usd;solana
2023-02-06,0.021766907457592855,bitcoin;xrp;dogecoin;tether;ethereum;bnb;cardano;usd-coin;binance-usd;solana
2023-02-07,-0.011662716068039487,bitcoin;xrp;dogecoin;tether;ethereum;bnb;cardano;usd-coin;binance-usd;solana
2023-02-08,-0.047305023033828816,bitcoin;xrp;dogecoin;tether;ethereum;bnb;cardano;usd-coin;binance-usd;solana
2023-02-09,-0.00850900210058155,bitcoin;xrp;dogecoin;tether;ethereum;bnb;cardano;usd-coin;binance-usd;solana
2023-02-10,0.010387932976620724,bitcoin;xrp;dogecoin;tether;ethereum;bnb;cardano;usd-coin;binance-usd;solana
2023-02-11,-0.005446832818414906,bitcoin;xrp;dogecoin;tether;ethereum;bnb;cardano;usd-coin;binance-usd;solana
2023-02-12,-0.005186168488040147,bitcoin;xrp;dogecoin;tether;ethereum;bnb;cardano;usd-coin;binance-usd;solana
2023-02-13,0.018878610531917903,bitcoin;xrp;dogecoin;tether;ethereum;bnb;cardano;usd-coin;binance-usd;solana
2023-02-14,0.06680335932862981,bitcoin;xrp;dogecoin;tether;ethereum;bnb;cardano;usd-coin;binance-usd;solana
2023-02-15,-0.024146367075982052,bitcoin;xrp;dogecoin;tether;ethereum;bnb;cardano;usd-coin;binance-usd;solana
2023-02-16,0.02955493170170571,bitcoin;xrp;dogecoin;tether;ethereum;bnb;cardano;usd-coin;binance-usd;solana
2023-02-17,0.0020788468559623276,bitcoin;xrp;dogecoin;tether;ethereum;bnb;cardano;usd-coin;binance-usd;solana
2023-02-18,-0.008914940137241653,bitcoin;xrp;dogecoin;tether;ethereum;bnb;cardano;usd-coin;binance-usd;solana
2023-02-19,0.014820102541113189,bitcoin;xrp;dogecoin;tether;ethereum;bnb;cardano;usd-coin;binance-usd;solana
2023-02-20,-0.015967006143673246,bitcoin;xrp;dogecoin;tether;ethereum;bnb;cardano;usd-coin;binance-usd;solana
2023-02-21,-0.0066634711857107886,bitcoin;xrp;dogecoin;tether;ethereum;bnb;cardano;usd-coin;binance-usd;solana
2023-02-22,-0.005586771895199197,bitcoin;xrp;dogecoin;tether;ethereum;bnb;cardano;usd-coin;binance-usd;solana
2023-02-23,-0.024494966325361866,bitcoin;xrp;dogecoin;tether;ethereum;bnb;cardano;usd-coin;binance-usd;solana
2023-02-24,-0.0026406773089793227,bitcoin;xrp;dogecoin;tether;ethereum;bnb;cardano;usd-coin;binance-usd;solana
2023-02-25,0.016135398520074125,bitcoin;xrp;dogecoin;tether;ethereum;bnb;cardano;usd-coin;binance-usd;solana
2023-02-26,-0.0029462480629411044,bitcoin;xrp;dogecoin;tether;ethereum;bnb;cardano;usd-coin;binance-usd;solana
2023-02-27,-0.013268004392920734,bitcoin;xrp;dogecoin;tether;ethereum;bnb;cardano;usd-coin;binance-usd;solana
2023-02-28,0.019359573894868573,bitcoin;xrp;dogecoin;tether;ethereum;bnb;cardano;usd-coin;binance-usd;solana
2023-03-01,-0.007566552419936288,bitcoin;xrp;dogecoin;tether;ethereum;bnb;cardano;usd-coin;binance-usd;solana
2023-03-02,-0.036799889966277914,bitcoin;xrp;dogecoin;tether;ethereum;bnb;cardano;usd-coin;binance-usd;solana
2023-03-03,-0.0019044454500860286,bitcoin;xrp;dogecoin;tether;ethereum;bnb;cardano;usd-coin;binance-usd;solana
2023-03-04,7.937650382207296e-4,bitcoin;xrp;dogecoin;tether;ethereum;bnb;cardano;usd-coin;binance-usd;solana
2023-03-05,-7.221168226802031e-5,bitcoin;xrp;dogecoin;tether;ethereum;bnb;cardano;usd-coin;binance-usd;solana
2023-03-06,-0.004510179743554578,bitcoin;xrp;dogecoin;tether;ethereum;bnb;cardano;usd-coin;binance-usd;solana
2023-03-07,-0.016776484940941572,bitcoin;xrp;dogecoin;tether;ethereum;bnb;cardano;usd-coin;binance-usd;solana
2023-03-08,-0.049842667397854215,bitcoin;xrp;dogecoin;tether;ethereum;bnb;cardano;usd-coin;binance-usd;solana
2023-03-09,-0.004624899347117563,bitcoin;xrp;dogecoin;tether;ethereum;bnb;cardano;usd-coin;binance-usd;solana
2023-03-10,0.016602024515547185,bitcoin;xrp;dogecoin;tether;ethereum;bnb;cardano;usd-coin;binance-usd;solana
2023-03-11,0.056584489564740784,bitcoin;xrp;dogecoin;tether;ethereum;bnb;cardano;usd-coin;binance-usd;solana
2023-03-12,0.058501818250355844,bitcoin;xrp;dogecoin;tether;ethereum;bnb;cardano;usd-coin;binance-usd;solana
2023-03-13,0.014194018506061907,bitcoin;xrp;dogecoin;tether;ethereum;bnb;cardano;usd-coin;binance-usd;solana
2023-03-14,-0.017361550762497374,bitcoin;xrp;dogecoin;tether;ethereum;bnb;cardano;usd-coin;binance-usd;solana
2023-03-15,0.021149376928260476,bitcoin;xrp;dogecoin;tether;ethereum;bnb;cardano;usd-coin;binance-usd;solana
2023-03-16,0.06280291692911295,bitcoin;xrp;dogecoin;tether;ethereum;bnb;cardano;usd-coin;binance-usd;solana
2023-03-17,-0.015104378174630154,bitcoin;xrp;dogecoin;tether;ethereum;bnb;cardano;usd-coin;binance-usd;solana
2023-03-18,0.024557470464347562,bitcoin;xrp;dogecoin;tether;ethereum;bnb;cardano;usd-coin;binance-usd;solana
2023-03-19,-0.013988361715486132,bitcoin;xrp;dogecoin;tether;ethereum;bnb;cardano;usd-coin;binance-usd;solana
2023-03-20,0.02556033835875493,bitcoin;xrp;dogecoin;tether;ethereum;bnb;cardano;usd-coin;binance-usd;solana
2023-03-21,-0.030226006945768952,bitcoin;xrp;dogecoin;tether;ethereum;bnb;cardano;usd-coin;binance-usd;solana
2023-03-22,0.031397740161272295,bitcoin;xrp;dogecoin;tether;ethereum;bnb;cardano;usd-coin;binance-usd;solana
2023-03-23,-0.026371973795023283,bitcoin;xrp;dogecoin;tether;ethereum;bnb;cardano;usd-coin;binance-usd;solana
2023-03-24,-3.726921620652982e-4,bitcoin;xrp;dogecoin;tether;ethereum;bnb;cardano;usd-coin;binance-usd;solana
2023-03-25,0.014409665156647234,bitcoin;xrp;dogecoin;tether;ethereum;bnb;cardano;usd-coin;binance-usd;solana
2023-03-26,-0.025039928524207035,bitcoin;xrp;dogecoin;tether;ethereum;bnb;cardano;usd-coin;binance-usd;solana
2023-03-27,0.01330974556567057,bitcoin;xrp;dogecoin;tether;ethereum;bnb;cardano;usd-coin;binance-usd;solana
2023-03-28,0.023642401718981642,bitcoin;xrp;dogecoin;tether;ethereum;bnb;cardano;usd-coin;binance-usd;solana
2023-03-29,-0.006012113532484031,bitcoin;xrp;dogecoin;tether;ethereum;bnb;cardano;usd-coin;binance-usd;solana
2023-03-30,0.013030483934442928,bitcoin;xrp;dogecoin;tether;ethereum;bnb;cardano;usd-coin;binance-usd;solana
2023-03-31,-0.0030576955579536304,bitcoin;xrp;dogecoin;tether;ethereum;bnb;cardano;usd-coin;binance-usd;solana
2023-04-01,-0.006739008702411476,bitcoin;xrp;dogecoin;tether;ethereum;bnb;cardano;usd-coin;binance-usd;hex
2023-04-02,-0.005515154110113067,bitcoin;xrp;dogecoin;tether;ethereum;bnb;cardano;usd-coin;binance-usd;hex
2023-04-03,0.01511535727043609,bitcoin;xrp;dogecoin;tether;ethereum;bnb;cardano;usd-coin;binance-usd;hex
2023-04-04,0.0056733725792383755,bitcoin;xrp;dogecoin;tether;ethereum;bnb;cardano;usd-coin;binance-usd;hex
2023-04-05,-0.010237945583545625,bitcoin;xrp;dogecoin;tether;ethereum;bnb;cardano;usd-coin;binance-usd;hex
2023-04-06,-0.0031176624369918257,bitcoin;xrp;dogecoin;tether;ethereum;bnb;cardano;usd-coin;binance-usd;hex
2023-04-07,-0.00230780349307083,bitcoin;xrp;dogecoin;tether;ethereum;bnb;cardano;usd-coin;binance-usd;hex
2023-04-08,0.009761184092791766,bitcoin;xrp;dogecoin;tether;ethereum;bnb;cardano;usd-coin;binance-usd;hex
2023-04-09,0.03226002778854553,bitcoin;xrp;dogecoin;tether;ethereum;bnb;cardano;usd-coin;binance-usd;hex
2023-04-10,0.007798463818094825,bitcoin;xrp;dogecoin;tether;ethereum;bnb;cardano;usd-coin;binance-usd;hex
2023-04-11,7.763223342314844e-4,bitcoin;xrp;dogecoin;tether;ethereum;bnb;cardano;usd-coin;binance-usd;hex
2023-04-12,0.017801869209395436,bitcoin;xrp;dogecoin;tether;ethereum;bnb;cardano;usd-coin;binance-usd;hex
2023-04-13,0.012850470212391236,bitcoin;xrp;dogecoin;tether;ethereum;bnb;cardano;usd-coin;binance-usd;hex
2023-04-14,-0.0021152643262576072,bitcoin;xrp;dogecoin;tether;ethereum;bnb;cardano;usd-coin;binance-usd;hex
2023-04-15,0.005243551213348657,bitcoin;xrp;dogecoin;tether;ethereum;bnb;cardano;usd-coin;binance-usd;hex
2023-04-16,-0.022916553080008315,bitcoin;xrp;dogecoin;tether;ethereum;bnb;cardano;usd-coin;binance-usd;hex
2023-04-17,0.021200789759736348,bitcoin;xrp;dogecoin;tether;ethereum;bnb;cardano;usd-coin;binance-usd;hex
2023-04-18,-0.05291381079658163,bitcoin;xrp;dogecoin;tether;ethereum;bnb;cardano;usd-coin;binance-usd;hex
2023-04-19,-0.013215973717837708,bitcoin;xrp;dogecoin;tether;ethereum;bnb;cardano;usd-coin;binance-usd;hex
2023-04-20,-0.031717344392328,bitcoin;xrp;dogecoin;tether;ethereum;bnb;cardano;usd-coin;binance-usd;hex
2023-04-21,0.01697796222371805,bitcoin;xrp;dogecoin;tether;ethereum;bnb;cardano;usd-coin;binance-usd;hex
2023-04-22,-0.006451161836995751,bitcoin;xrp;dogecoin;tether;ethereum;bnb;cardano;usd-coin;binance-usd;hex
2023-04-23,-0.004776685710583281,bitcoin;xrp;dogecoin;tether;ethereum;bnb;cardano;usd-coin;binance-usd;hex
2023-04-24,0.01994112422996832,bitcoin;xrp;dogecoin;tether;ethereum;bnb;cardano;usd-coin;binance-usd;hex
2023-04-25,-1.5837848625488177e-4,bitcoin;xrp;dogecoin;tether;ethereum;bnb;cardano;usd-coin;binance-usd;hex
2023-04-26,0.02390503300115304,bitcoin;xrp;dogecoin;tether;ethereum;bnb;cardano;usd-coin;binance-usd;hex
2023-04-27,-0.004213848776913814,bitcoin;xrp;dogecoin;tether;ethereum;bnb;cardano;usd-coin;binance-usd;hex
2023-04-28,-0.001345481282866658,bitcoin;xrp;dogecoin;tether;ethereum;bnb;cardano;usd-coin;binance-usd;hex
2023-04-29,-0.0014927512711602805,bitcoin;xrp;dogecoin;tether;ethereum;bnb;cardano;usd-coin;binance-usd;hex
2023-04-30,-0.02917871621627434,bitcoin;xrp;dogecoin;tether;ethereum;bnb;cardano;usd-coin;binance-usd;hex
2023-05-01,0.015741726942888515,bitcoin;xrp;dogecoin;tether;ethereum;bnb;cardano;usd-coin;binance-usd;hex
2023-05-02,0.01161397677187663,bitcoin;xrp;dogecoin;tether;ethereum;bnb;cardano;usd-coin;binance-usd;hex
2023-05-03,-0.006668037652227974,bitcoin;xrp;dogecoin;tether;ethereum;bnb;cardano;usd-coin;binance-usd;hex
2023-05-04,0.027472031589309696,bitcoin;xrp;dogecoin;tether;ethereum;bnb;cardano;usd-coin;binance-usd;hex
2023-05-05,-0.0252566877011763,bitcoin;xrp;dogecoin;tether;ethereum;bnb;cardano;usd-coin;binance-usd;hex
2023-05-06,-0.01120667309791007,bitcoin;xrp;dogecoin;tether;ethereum;bnb;cardano;usd-coin;binance-usd;hex
2023-05-07,-0.02141867649940529,bitcoin;xrp;dogecoin;tether;ethereum;bnb;cardano;usd-coin;binance-usd;hex
2023-05-08,-0.0010310651718921356,bitcoin;xrp;dogecoin;tether;ethereum;bnb;cardano;usd-coin;binance-usd;hex
2023-05-09,4.0684154910763335e-4,bitcoin;xrp;dogecoin;tether;ethereum;bnb;cardano;usd-coin;binance-usd;hex
2023-05-10,-0.020621544515604266,bitcoin;xrp;dogecoin;tether;ethereum;bnb;cardano;usd-coin;binance-usd;hex
2023-05-11,-0.0020872990786604427,bitcoin;xrp;dogecoin;tether;ethereum;bnb;cardano;usd-coin;binance-usd;hex
2023-05-12,-0.0072444348156773105,bitcoin;xrp;dogecoin;tether;ethereum;bnb;cardano;usd-coin;binance-usd;hex
2023-05-13,0.001970545594611483,bitcoin;xrp;dogecoin;tether;ethereum;bnb;cardano;usd-coin;binance-usd;hex
2023-05-14,0.008195124003156893,bitcoin;xrp;dogecoin;tether;ethereum;bnb;cardano;usd-coin;binance-usd;hex
2023-05-15,-0.0013459841786608582,bitcoin;xrp;dogecoin;tether;ethereum;bnb;cardano;usd-coin;binance-usd;hex
2023-05-16,0.006916719929312143,bitcoin;xrp;dogecoin;tether;ethereum;bnb;cardano;usd-coin;binance-usd;hex
2023-05-17,-0.013181694668648656,bitcoin;xrp;dogecoin;tether;ethereum;bnb;cardano;usd-coin;binance-usd;hex
2023-05-18,0.004087729810962057,bitcoin;xrp;dogecoin;tether;ethereum;bnb;cardano;usd-coin;binance-usd;hex
2023-05-19,0.0059313442695484355,bitcoin;xrp;dogecoin;tether;ethereum;bnb;cardano;usd-coin;binance-usd;hex
2023-05-20,-0.013161724957734044,bitcoin;xrp;dogecoin;tether;ethereum;bnb;cardano;usd-coin;binance-usd;hex
2023-05-21,0.0025304844573920066,bitcoin;xrp;dogecoin;tether;ethereum;bnb;cardano;usd-coin;binance-usd;hex
2023-05-22,0.012251143774539404,bitcoin;xrp;dogecoin;tether;ethereum;bnb;cardano;usd-coin;binance-usd;hex
2023-05-23,-0.027814162330615618,bitcoin;xrp;dogecoin;tether;ethereum;bnb;cardano;usd-coin;binance-usd;hex
2023-05-24,3.6397790732152935e-4,bitcoin;xrp;dogecoin;tether;ethereum;bnb;cardano;usd-coin;binance-usd;hex
2023-05-25,0.009424830567043819,bitcoin;xrp;dogecoin;tether;ethereum;bnb;cardano;usd-coin;binance-usd;hex
2023-05-26,0.0024814786760668497,bitcoin;xrp;dogecoin;tether;ethereum;bnb;cardano;usd-coin;binance-usd;hex
2023-05-27,0.03477653198450856,bitcoin;xrp;dogecoin;tether;ethereum;bnb;cardano;usd-coin;binance-usd;hex
2023-05-28,-0.007223786246369731,bitcoin;xrp;dogecoin;tether;ethereum;bnb;cardano;usd-coin;binance-usd;hex
2023-05-29,-0.0011655228353123004,bitcoin;xrp;dogecoin;tether;ethereum;bnb;cardano;usd-coin;binance-usd;hex
2023-05-30,-0.013801673964082673,bitcoin;xrp;dogecoin;tether;ethereum;bnb;cardano;usd-coin;binance-usd;hex
2023-05-31,-0.0099311060165199,bitcoin;xrp;dogecoin;tether;ethereum;bnb;cardano;usd-coin;binance-usd;hex
2023-06-01,0.016710727856369793,bitcoin;xrp;dogecoin;tether;ethereum;bnb;cardano;usd-coin;binance-usd;hex
2023-06-02,-0.006020422316502569,bitcoin;xrp;dogecoin;tether;ethereum;bnb;cardano;usd-coin;binance-usd;hex
2023-06-03,0.0011650902255054625,bitcoin;xrp;dogecoin;tether;ethereum;bnb;cardano;usd-coin;binance-usd;hex
2023-06-04,-0.045947798608275144,bitcoin;xrp;dogecoin;tether;ethereum;bnb;cardano;usd-coin;binance-usd;hex
2023-06-05,0.040125854268220615,bitcoin;xrp;dogecoin;tether;ethereum;bnb;cardano;usd-coin;binance-usd;hex
2023-06-06,-0.03159438480257647,bitcoin;xrp;dogecoin;tether;ethereum;bnb;cardano;usd-coin;binance-usd;hex
2023-06-07,0.0037273905139206163,bitcoin;xrp;dogecoin;tether;ethereum;bnb;cardano;usd-coin;binance-usd;hex
2023-06-08,-0.0033089389684054587,bitcoin;xrp;dogecoin;tether;ethereum;bnb;cardano;usd-coin;binance-usd;hex
2023-06-09,-0.03160624121689257,bitcoin;xrp;dogecoin;tether;ethereum;bnb;cardano;usd-coin;binance-usd;hex
2023-06-10,0.002120516895312112,bitcoin;xrp;dogecoin;tether;ethereum;bnb;cardano;usd-coin;binance-usd;hex
2023-06-11,-0.0037959320632291907,bitcoin;xrp;dogecoin;tether;ethereum;bnb;cardano;usd-coin;binance-usd;hex
2023-06-12,0.0022342823329176732,bitcoin;xrp;dogecoin;tether;ethereum;bnb;cardano;usd-coin;binance-usd;hex
2023-06-13,-0.03289888619682596,bitcoin;xrp;dogecoin;tether;ethereum;bnb;cardano;usd-coin;binance-usd;hex
2023-06-14,0.01210266821923759,bitcoin;xrp;dogecoin;tether;ethereum;bnb;cardano;usd-coin;binance-usd;hex
2023-06-15,0.024272451253054026,bitcoin;xrp;dogecoin;tether;ethereum;bnb;cardano;usd-coin;binance-usd;hex
2023-06-16,0.0074325216638538895,bitcoin;xrp;dogecoin;tether;ethereum;bnb;cardano;usd-coin;binance-usd;hex
2023-06-17,-0.0047749090525742105,bitcoin;xrp;dogecoin;tether;ethereum;bnb;cardano;usd-coin;binance-usd;hex
2023-06-18,0.01162514892016976,bitcoin;xrp;dogecoin;tether;ethereum;bnb;cardano;usd-coin;binance-usd;hex
2023-06-19,0.036621908137005506,bitcoin;xrp;dogecoin;tether;ethereum;bnb;cardano;usd-coin;binance-usd;hex
2023-06-20,0.04422184988530099,bitcoin;xrp;dogecoin;tether;ethereum;bnb;cardano;usd-coin;binance-usd;hex
2023-06-21,-0.006868008562837338,bitcoin;xrp;dogecoin;tether;ethereum;bnb;cardano;usd-coin;binance-usd;hex
2023-06-22,0.01753889292128059,bitcoin;xrp;dogecoin;tether;ethereum;bnb;cardano;usd-coin;binance-usd;hex
2023-06-23,-0.007567034715367202,bitcoin;xrp;dogecoin;tether;ethereum;bnb;cardano;usd-coin;binance-usd;hex
2023-06-24,0.0019709979936443885,bitcoin;xrp;dogecoin;tether;ethereum;bnb;cardano;usd-coin;binance-usd;hex
2023-06-25,-0.01091022657264434,bitcoin;xrp;dogecoin;tether;ethereum;bnb;cardano;usd-coin;binance-usd;hex
2023-06-26,0.011418337220406492,bitcoin;xrp;dogecoin;tether;ethereum;bnb;cardano;usd-coin;binance-usd;hex
2023-06-27,-0.02171200528353277,bitcoin;xrp;dogecoin;tether;ethereum;bnb;cardano;usd-coin;binance-usd;hex
2023-06-28,0.010842771700798835,bitcoin;xrp;dogecoin;tether;ethereum;bnb;cardano;usd-coin;binance-usd;hex
2023-06-29,0.014146964220412051,bitcoin;xrp;dogecoin;tether;ethereum;bnb;cardano;usd-coin;binance-usd;hex
2023-06-30,0.0023614258307626903,bitcoin;xrp;dogecoin;tether;ethereum;bnb;cardano;usd-coin;binance-usd;hex
2023-07-01,0.002403733051670323,bitcoin;xrp;tether;ethereum;bnb;cardano;usd-coin
2023-07-02,0.012396630465412548,bitcoin;xrp;tether;ethereum;bnb;cardano;usd-coin
2023-07-03,-0.01012788180648571,bitcoin;xrp;tether;ethereum;bnb;cardano;usd-coin
2023-07-04,-0.009577415927777921,bitcoin;xrp;tether;ethereum;bnb;cardano;usd-coin
2023-07-05,-0.021347708083066037,bitcoin;xrp;tether;ethereum;bnb;cardano;usd-coin
2023-07-06,0.01200742960903753,bitcoin;xrp;tether;ethereum;bnb;cardano;usd-coin
2023-07-07,-0.0010178120238592617,bitcoin;xrp;tether;ethereum;bnb;cardano;usd-coin
2023-07-08,-0.0033839549165996237,bitcoin;xrp;tether;ethereum;bnb;cardano;usd-coin
2023-07-09,0.009677757259104594,bitcoin;xrp;tether;ethereum;bnb;cardano;usd-coin
2023-07-10,0.004170143052597984,bitcoin;xrp;tether;ethereum;bnb;cardano;usd-coin
2023-07-11,-0.006339338768447165,bitcoin;xrp;tether;ethereum;bnb;cardano;usd-coin
2023-07-12,0.055384072425641265,bitcoin;xrp;tether;ethereum;bnb;cardano;usd-coin
2023-07-13,-0.03466151970828719,bitcoin;xrp;tether;ethereum;bnb;cardano;usd-coin
2023-07-14,-0.001443867671390604,bitcoin;xrp;tether;ethereum;bnb;cardano;usd-coin
2023-07-15,-0.002690724453319416,bitcoin;xrp;tether;ethereum;bnb;cardano;usd-coin
2023-07-16,-0.0034603777369572766,bitcoin;xrp;tether;ethereum;bnb;cardano;usd-coin
2023-07-17,-0.006796713233957102,bitcoin;xrp;tether;ethereum;bnb;cardano;usd-coin
2023-07-18,0.00221640846150786,bitcoin;xrp;tether;ethereum;bnb;cardano;usd-coin
2023-07-19,-0.002924637049793771,bitcoin;xrp;tether;ethereum;bnb;cardano;usd-coin
2023-07-20,0.001735014151639527,bitcoin;xrp;tether;ethereum;bnb;cardano;usd-coin
2023-07-21,-0.008041345829631645,bitcoin;xrp;tether;ethereum;bnb;cardano;usd-coin
2023-07-22,0.009685585117374104,bitcoin;xrp;tether;ethereum;bnb;cardano;usd-coin
2023-07-23,-0.02463102204517515,bitcoin;xrp;tether;ethereum;bnb;cardano;usd-coin
2023-07-24,0.0018960614115205866,bitcoin;xrp;tether;ethereum;bnb;cardano;usd-coin
2023-07-25,0.004852655335642516,bitcoin;xrp;tether;ethereum;bnb;cardano;usd-coin
2023-07-26,-0.004036883186522255,bitcoin;xrp;tether;ethereum;bnb;cardano;usd-coin
2023-07-27,0.004305300598452955,bitcoin;xrp;tether;ethereum;bnb;cardano;usd-coin
2023-07-28,0.001730751737382398,bitcoin;xrp;tether;ethereum;bnb;cardano;usd-coin
2023-07-29,-0.004169443135252461,bitcoin;xrp;tether;ethereum;bnb;cardano;usd-coin
2023-07-30,-0.002418468107765789,bitcoin;xrp;tether;ethereum;bnb;cardano;usd-coin
2023-07-31,0.01213386597340365,bitcoin;xrp;tether;ethereum;bnb;cardano;usd-coin
2023-08-01,-0.016817344220416714,bitcoin;xrp;tether;ethereum;bnb;cardano;usd-coin
2023-08-02,-9.59934696947079e-4,bitcoin;xrp;tether;ethereum;bnb;cardano;usd-coin
2023-08-03,-0.004076915527078189,bitcoin;xrp;tether;ethereum;bnb;cardano;usd-coin
2023-08-04,3.43115268270425e-4,bitcoin;xrp;tether;ethereum;bnb;cardano;usd-coin
2023-08-05,-0.001336038329954895,bitcoin;xrp;tether;ethereum;bnb;cardano;usd-coin
2023-08-06,0.002337863679943553,bitcoin;xrp;tether;ethereum;bnb;cardano;usd-coin
2023-08-07,0.016753443927989393,bitcoin;xrp;tether;ethereum;bnb;cardano;usd-coin
2023-08-08,-0.004151995237125992,bitcoin;xrp;tether;ethereum;bnb;cardano;usd-coin
2023-08-09,-0.00416510658710934,bitcoin;xrp;tether;ethereum;bnb;cardano;usd-coin
2023-08-10,-0.0015561334473177244,bitcoin;xrp;tether;ethereum;bnb;cardano;usd-coin
2023-08-11,4.691224277943578e-4,bitcoin;xrp;tether;ethereum;bnb;cardano;usd-coin
2023-08-12,-0.003982595142830417,bitcoin;xrp;tether;ethereum;bnb;cardano;usd-coin
2023-08-13,0.0034771228030074006,bitcoin;xrp;tether;ethereum;bnb;cardano;usd-coin
2023-08-14,-0.008959623720945399,bitcoin;xrp;tether;ethereum;bnb;cardano;usd-coin
2023-08-15,-0.014118661793976755,bitcoin;xrp;tether;ethereum;bnb;cardano;usd-coin
2023-08-16,-0.06509509400215421,bitcoin;xrp;tether;ethereum;bnb;cardano;usd-coin
2023-08-17,-0.016748402587043805,bitcoin;xrp;tether;ethereum;bnb;cardano;usd-coin
2023-08-18,0.003305962084767077,bitcoin;xrp;tether;ethereum;bnb;cardano;usd-coin
2023-08-19,0.0051668423262423956,bitcoin;xrp;tether;ethereum;bnb;cardano;usd-coin
2023-08-20,-0.006314627725567844,bitcoin;xrp;tether;ethereum;bnb;cardano;usd-coin
2023-08-21,-0.007106279593078445,bitcoin;xrp;tether;ethereum;bnb;cardano;usd-coin
2023-08-22,0.01718007687771234,bitcoin;xrp;tether;ethereum;bnb;cardano;usd-coin
2023-08-23,-0.008691610700038486,bitcoin;xrp;tether;ethereum;bnb;cardano;usd-coin
2023-08-24,-0.0033651135368354236,bitcoin;xrp;tether;ethereum;bnb;cardano;usd-coin
2023-08-25,-0.002361125454847344,bitcoin;xrp;tether;ethereum;bnb;cardano;usd-coin
2023-08-26,0.003916352047782965,bitcoin;xrp;tether;ethereum;bnb;cardano;usd-coin
2023-08-27,-1.2971136626973423e-4,bitcoin;xrp;tether;ethereum;bnb;cardano;usd-coin
2023-08-28,0.047496747098777665,bitcoin;xrp;tether;ethereum;bnb;cardano;usd-coin
2023-08-29,-0.013698997346671416,bitcoin;xrp;tether;ethereum;bnb;cardano;usd-coin
2023-08-30,-0.040188030191388446,bitcoin;xrp;tether;ethereum;bnb;cardano;usd-coin
2023-08-31,-0.006624423688935216,bitcoin;xrp;tether;ethereum;bnb;cardano;usd-coin
2023-09-01,0.003025925679520239,bitcoin;xrp;tether;ethereum;bnb;cardano;usd-coin
2023-09-02,0.0023259809922072583,bitcoin;xrp;tether;ethereum;bnb;cardano;usd-coin
2023-09-03,-0.004005912897258226,bitcoin;xrp;tether;ethereum;bnb;cardano;usd-coin
2023-09-04,-3.8995748149527705e-4,bitcoin;xrp;tether;ethereum;bnb;cardano;usd-coin
2023-09-05,-7.435633742193036e-4,bitcoin;xrp;tether;ethereum;bnb;cardano;usd-coin
2023-09-06,0.01324498965981561,bitcoin;xrp;tether;ethereum;bnb;cardano;usd-coin
2023-09-07,-0.009556701650498418,bitcoin;xrp;tether;ethereum;bnb;cardano;usd-coin
2023-09-08,-5.307302450265922e-4,bitcoin;xrp;tether;ethereum;bnb;cardano;usd-coin
2023-09-09,-0.004992254515847,bitcoin;xrp;tether;ethereum;bnb;cardano;usd-coin
2023-09-10,-0.027448132908012294,bitcoin;xrp;tether;ethereum;bnb;cardano;usd-coin
2023-09-11,0.022606428245145867,bitcoin;xrp;tether;ethereum;bnb;cardano;usd-coin
2023-09-12,0.011531919823645835,bitcoin;xrp;tether;ethereum;bnb;cardano;usd-coin
2023-09-13,0.009728615057897799,bitcoin;xrp;tether;ethereum;bnb;cardano;usd-coin
2023-09-14,0.004563184652253327,bitcoin;xrp;tether;ethereum;bnb;cardano;usd-coin
2023-09-15,-0.001663992113113972,bitcoin;xrp;tether;ethereum;bnb;cardano;usd-coin
2023-09-16,-0.0026717457669735737,bitcoin;xrp;tether;ethereum;bnb;cardano;usd-coin
2023-09-17,0.007375269916246707,bitcoin;xrp;tether;ethereum;bnb;cardano;usd-coin
2023-09-18,0.01143967898479732,bitcoin;xrp;tether;ethereum;bnb;cardano;usd-coin
2023-09-19,-0.00504043983744222,bitcoin;xrp;tether;ethereum;bnb;cardano;usd-coin
2023-09-20,-0.01932146900087768,bitcoin;xrp;tether;ethereum;bnb;cardano;usd-coin
2023-09-21,0.0018945502779046444,bitcoin;xrp;tether;ethereum;bnb;cardano;usd-coin
2023-09-22,-2.1568322347769443e-4,bitcoin;xrp;tether;ethereum;bnb;cardano;usd-coin
2023-09-23,-0.009761087444031155,bitcoin;xrp;tether;ethereum;bnb;cardano;usd-coin
2023-09-24,0.0026799541001247228,bitcoin;xrp;tether;ethereum;bnb;cardano;usd-coin
2023-09-25,-7.112324842696324e-4,bitcoin;xrp;tether;ethereum;bnb;cardano;usd-coin
2023-09-26,0.003253851851158513,bitcoin;xrp;tether;ethereum;bnb;cardano;usd-coin
2023-09-27,0.023547130368919648,bitcoin;xrp;tether;ethereum;bnb;cardano;usd-coin
2023-09-28,4.97049206186131e-4,bitcoin;xrp;tether;ethereum;bnb;cardano;usd-coin
2023-09-29,0.0014512658731301205,bitcoin;xrp;tether;ethereum;bnb;cardano;usd-coin
2023-09-30,0.031132170509775566,bitcoin;xrp;tether;ethereum;bnb;cardano;usd-coin
2023-10-01,-0.02016491695774818,bitcoin;xrp;tether;ethereum;bnb;usd-coin
2023-10-02,-0.0017637579814179269,bitcoin;xrp;tether;ethereum;bnb;usd-coin
2023-10-03,0.006324952740840343,bitcoin;xrp;tether;ethereum;bnb;usd-coin
2023-10-04,-0.014307834030009972,bitcoin;xrp;tether;ethereum;bnb;usd-coin
2023-10-05,0.016723964413830443,bitcoin;xrp;tether;ethereum;bnb;usd-coin
2023-10-06,-0.0015654942413881989,bitcoin;xrp;tether;ethereum;bnb;usd-coin
2023-10-07,-0.0012458944039300884,bitcoin;xrp;tether;ethereum;bnb;usd-coin
2023-10-08,-0.01700908387738075,bitcoin;xrp;tether;ethereum;bnb;usd-coin
2023-10-09,-0.00570368171365693,bitcoin;xrp;tether;ethereum;bnb;usd-coin
2023-10-10,-0.012355160049331628,bitcoin;xrp;tether;ethereum;bnb;usd-coin
2023-10-11,-0.007057022033091216,bitcoin;xrp;tether;ethereum;bnb;usd-coin
2023-10-12,0.004486404447504388,bitcoin;xrp;tether;ethereum;bnb;usd-coin
2023-10-13,6.322182954763313e-4,bitcoin;xrp;tether;ethereum;bnb;usd-coin
2023-10-14,0.007540056065609012,bitcoin;xrp;tether;ethereum;bnb;usd-coin
2023-10-15,0.036285391166276874,bitcoin;xrp;tether;ethereum;bnb;usd-coin
2023-10-16,-0.008149331062396648,bitcoin;xrp;tether;ethereum;bnb;usd-coin
2023-10-17,-0.0024927665782155306,bitcoin;xrp;tether;ethereum;bnb;usd-coin
2023-10-18,0.01076391656932597,bitcoin;xrp;tether;ethereum;bnb;usd-coin
2023-10-19,0.024585008688724753,bitcoin;xrp;tether;ethereum;bnb;usd-coin
2023-10-20,0.008742767651281177,bitcoin;xrp;tether;ethereum;bnb;usd-coin
2023-10-21,0.006838308237316402,bitcoin;xrp;tether;ethereum;bnb;usd-coin
2023-10-22,0.07423353501606697,bitcoin;xrp;tether;ethereum;bnb;usd-coin
2023-10-23,0.01680221493617022,bitcoin;xrp;tether;ethereum;bnb;usd-coin
2023-10-24,0.01002333985742381,bitcoin;xrp;tether;ethereum;bnb;usd-coin
2023-10-25,-0.0037477962025767478,bitcoin;xrp;tether;ethereum;bnb;usd-coin
2023-10-26,-0.007513998015686149,bitcoin;xrp;tether;ethereum;bnb;usd-coin
2023-10-27,0.0028365088199224773,bitcoin;xrp;tether;ethereum;bnb;usd-coin
2023-10-28,0.010951950038647457,bitcoin;xrp;tether;ethereum;bnb;usd-coin
2023-10-29,0.002717774887958734,bitcoin;xrp;tether;ethereum;bnb;usd-coin
2023-10-30,0.0044392458119669985,bitcoin;xrp;tether;ethereum;bnb;usd-coin
2023-10-31,0.01743513993838096,bitcoin;xrp;tether;ethereum;bnb;usd-coin
2023-11-01,-0.013667591187121306,bitcoin;xrp;tether;ethereum;bnb;usd-coin
2023-11-02,7.595199799053047e-4,bitcoin;xrp;tether;ethereum;bnb;usd-coin
2023-11-03,0.010209590114180482,bitcoin;xrp;tether;ethereum;bnb;usd-coin
2023-11-04,0.007214064051268958,bitcoin;xrp;tether;ethereum;bnb;usd-coin
2023-11-05,0.00457724371089807,bitcoin;xrp;tether;ethereum;bnb;usd-coin
2023-11-06,0.0027774633254504196,bitcoin;xrp;tether;ethereum;bnb;usd-coin
2023-11-07,0.003803157365138329,bitcoin;xrp;tether;ethereum;bnb;usd-coin
2023-11-08,0.04259725900733459,bitcoin;xrp;tether;ethereum;bnb;usd-coin
2023-11-09,0.004843045955049627,bitcoin;xrp;tether;ethereum;bnb;usd-coin
2023-11-10,-0.005424073560019308,bitcoin;xrp;tether;ethereum;bnb;usd-coin
2023-11-11,-0.0027573433789832287,bitcoin;xrp;tether;ethereum;bnb;usd-coin
2023-11-12,-0.00813418292382943,bitcoin;xrp;tether;ethereum;bnb;usd-coin
2023-11-13,-0.026201667637268944,bitcoin;xrp;tether;ethereum;bnb;usd-coin
2023-11-14,0.0493256382470915,bitcoin;xrp;tether;ethereum;bnb;usd-coin
2023-11-15,-0.042195287058244074,bitcoin;xrp;tether;ethereum;bnb;usd-coin
2023-11-16,0.007605713456331616,bitcoin;xrp;tether;ethereum;bnb;usd-coin
2023-11-17,-4.87567060341928e-5,bitcoin;xrp;tether;ethereum;bnb;usd-coin
2023-11-18,0.01946019426788291,bitcoin;xrp;tether;ethereum;bnb;usd-coin
2023-11-19,0.002735419541811247,bitcoin;xrp;tether;ethereum;bnb;usd-coin
2023-11-20,-0.04238798993923474,bitcoin;xrp;tether;ethereum;bnb;usd-coin
2023-11-21,0.04359229250196128,bitcoin;xrp;tether;ethereum;bnb;usd-coin
2023-11-22,-0.0024383196509474648,bitcoin;xrp;tether;ethereum;bnb;usd-coin
2023-11-23,0.008750631066774123,bitcoin;xrp;tether;ethereum;bnb;usd-coin
2023-11-24,0.0018902176790953971,bitcoin;xrp;tether;ethereum;bnb;usd-coin
2023-11-25,-0.008009648666081242,bitcoin;xrp;tether;ethereum;bnb;usd-coin
2023-11-26,-0.00895016423160453,bitcoin;xrp;tether;ethereum;bnb;usd-coin
2023-11-27,0.012232638668693632,bitcoin;xrp;tether;ethereum;bnb;usd-coin
2023-11-28,-0.0022398567085047468,bitcoin;xrp;tether;ethereum;bnb;usd-coin
2023-11-29,1.4049833782333465e-4,bitcoin;xrp;tether;ethereum;bnb;usd-coin
2023-11-30,0.019236182956050563,bitcoin;xrp;tether;ethereum;bnb;usd-coin
2023-12-01,0.02073957431624272,bitcoin;xrp;tether;ethereum;bnb;usd-coin
2023-12-02,0.010247104400231593,bitcoin;xrp;tether;ethereum;bnb;usd-coin
2023-12-03,0.03451675982426681,bitcoin;xrp;tether;ethereum;bnb;usd-coin
2023-12-04,0.033258202350597094,bitcoin;xrp;tether;ethereum;bnb;usd-coin
2023-12-05,-0.010087713983255212,bitcoin;xrp;tether;ethereum;bnb;usd-coin
2023-12-06,0.007095452613742149,bitcoin;xrp;tether;ethereum;bnb;usd-coin
2023-12-07,0.014206344177174616,bitcoin;xrp;tether;ethereum;bnb;usd-coin
2023-12-08,-0.008403227731684363,bitcoin;xrp;tether;ethereum;bnb;usd-coin
2023-12-09,0.002208341630314612,bitcoin;xrp;tether;ethereum;bnb;usd-coin
2023-12-10,-0.04870699248704421,bitcoin;xrp;tether;ethereum;bnb;usd-coin
2023-12-11,0.0018278790629223881,bitcoin;xrp;tether;ethereum;bnb;usd-coin
2023-12-12,0.02613994989403954,bitcoin;xrp;tether;ethereum;bnb;usd-coin
2023-12-13,0.007717453687244331,bitcoin;xrp;tether;ethereum;bnb;usd-coin
2023-12-14,-0.026986682919928725,bitcoin;xrp;tether;ethereum;bnb;usd-coin
2023-12-15,0.005144219115153896,bitcoin;xrp;tether;ethereum;bnb;usd-coin
2023-12-16,-0.016590102615124575,bitcoin;xrp;tether;ethereum;bnb;usd-coin
2023-12-17,0.020097960239087394,bitcoin;xrp;tether;ethereum;bnb;usd-coin
2023-12-18,-0.007563814761900552,bitcoin;xrp;tether;ethereum;bnb;usd-coin
2023-12-19,0.02306044926934118,bitcoin;xrp;tether;ethereum;bnb;usd-coin
2023-12-20,0.008679409282946221,bitcoin;xrp;tether;ethereum;bnb;usd-coin
2023-12-21,0.010518010787595664,bitcoin;xrp;tether;ethereum;bnb;usd-coin
2023-12-22,-0.005443226820409659,bitcoin;xrp;tether;ethereum;bnb;usd-coin
2023-12-23,-0.015338361646154024,bitcoin;xrp;tether;ethereum;bnb;usd-coin
2023-12-24,0.0107640224014292,bitcoin;xrp;tether;ethereum;bnb;usd-coin
2023-12-25,-0.016153413142123863,bitcoin;xrp;tether;ethereum;bnb;usd-coin
2023-12-26,0.030879537602799382,bitcoin;xrp;tether;ethereum;bnb;usd-coin
2023-12-27,-0.014013577807810101,bitcoin;xrp;tether;ethereum;bnb;usd-coin
2023-12-28,-0.013702312532434617,bitcoin;xrp;tether;ethereum;bnb;usd-coin
2023-12-29,2.543953535039641e-4,bitcoin;xrp;tether;ethereum;bnb;usd-coin
2023-12-30,-5.435841876584052e-4,bitcoin;xrp;tether;ethereum;bnb;usd-coin
2023-12-31,0.03379435210879713,bitcoin;xrp;tether;ethereum;bnb;usd-coin
2024-01-01,0.010295821539587397,bitcoin;xrp;tether;ethereum;bnb;usd-coin;solana
2024-01-02,-0.04584186767633354,bitcoin;xrp;tether;ethereum;bnb;usd-coin;solana
2024-01-03,0.02651853275390188,bitcoin;xrp;tether;ethereum;bnb;usd-coin;solana
2024-01-04,-0.0024523548782805454,bitcoin;xrp;tether;ethereum;bnb;usd-coin;solana
2024-01-05,-0.0075512572078960515,bitcoin;xrp;tether;ethereum;bnb;usd-coin;solana
2024-01-06,-0.004723889055114599,bitcoin;xrp;tether;ethereum;bnb;usd-coin;solana
2024-01-07,0.054391763203922194,bitcoin;xrp;tether;ethereum;bnb;usd-coin;solana
2024-01-08,-0.010596224902052387,bitcoin;xrp;tether;ethereum;bnb;usd-coin;solana
2024-01-09,0.028883431068923156,bitcoin;xrp;tether;ethereum;bnb;usd-coin;solana
2024-01-10,-4.1875399319231274e-4,bitcoin;xrp;tether;ethereum;bnb;usd-coin;solana
2024-01-11,-0.060821478737136336,bitcoin;xrp;tether;ethereum;bnb;usd-coin;solana
2024-01-12,0.005737875902038947,bitcoin;xrp;tether;ethereum;bnb;usd-coin;solana
2024-01-13,-0.024432665235599716,bitcoin;xrp;tether;ethereum;bnb;usd-coin;solana
2024-01-14,0.015698788904780877,bitcoin;xrp;tether;ethereum;bnb;usd-coin;solana
2024-01-15,0.015865845195325384,bitcoin;xrp;tether;ethereum;bnb;usd-coin;solana
2024-01-16,-0.010867092686426485,bitcoin;xrp;tether;ethereum;bnb;usd-coin;solana
2024-01-17,-0.02880214460362062,bitcoin;xrp;tether;ethereum;bnb;usd-coin;solana
2024-01-18,0.006705254918933783,bitcoin;xrp;tether;ethereum;bnb;usd-coin;solana
2024-01-19,-4.1024572837249383e-4,bitcoin;xrp;tether;ethereum;bnb;usd-coin;solana
2024-01-20,-0.0036775261059248635,bitcoin;xrp;tether;ethereum;bnb;usd-coin;solana
2024-01-21,-0.04745983769015928,bitcoin;xrp;tether;ethereum;bnb;usd-coin;solana
2024-01-22,-0.002104655001261684,bitcoin;xrp;tether;ethereum;bnb;usd-coin;solana
2024-01-23,0.0034474724193116093,bitcoin;xrp;tether;ethereum;bnb;usd-coin;solana
2024-01-24,-0.004462046498814362,bitcoin;xrp;tether;ethereum;bnb;usd-coin;solana
2024-01-25,0.03635592992192376,bitcoin;xrp;tether;ethereum;bnb;usd-coin;solana
2024-01-26,0.005162147812243599,bitcoin;xrp;tether;ethereum;bnb;usd-coin;solana
2024-01-27,-0.0022495746790744983,bitcoin;xrp;tether;ethereum;bnb;usd-coin;solana
2024-01-28,0.02584632430460941,bitcoin;xrp;tether;ethereum;bnb;usd-coin;solana
2024-01-29,-0.004036814710486289,bitcoin;xrp;tether;ethereum;bnb;usd-coin;solana
2024-01-30,-0.012904564337602162,bitcoin;xrp;tether;ethereum;bnb;usd-coin;solana
2024-01-31,0.009316112639675732,bitcoin;xrp;tether;ethereum;bnb;usd-coin;solana
2024-02-01,0.0028098059282208824,bitcoin;xrp;tether;ethereum;bnb;usd-coin;solana
2024-02-02,-0.004051144939905733,bitcoin;xrp;tether;ethereum;bnb;usd-coin;solana
2024-02-03,-0.0073172905889685004,bitcoin;xrp;tether;ethereum;bnb;usd-coin;solana
2024-02-04,0.0016283621927207597,bitcoin;xrp;tether;ethereum;bnb;usd-coin;solana
2024-02-05,0.01310283401718363,bitcoin;xrp;tether;ethereum;bnb;usd-coin;solana
2024-02-06,0.023662980819953286,bitcoin;xrp;tether;ethereum;bnb;usd-coin;solana
2024-02-07,0.014783162648023793,bitcoin;xrp;tether;ethereum;bnb;usd-coin;solana
2024-02-08,0.032253901745752045,bitcoin;xrp;tether;ethereum;bnb;usd-coin;solana
2024-02-09,0.009482165830180333,bitcoin;xrp;tether;ethereum;bnb;usd-coin;solana
2024-02-10,0.006807270870855628,bitcoin;xrp;tether;ethereum;bnb;usd-coin;solana
2024-02-11,0.034756394378702336,bitcoin;xrp;tether;ethereum;bnb;usd-coin;solana
2024-02-12,-0.004447023047288077,bitcoin;xrp;tether;ethereum;bnb;usd-coin;solana
2024-02-13,0.03806482052315749,bitcoin;xrp;tether;ethereum;bnb;usd-coin;solana
2024-02-14,0.007273902778442553,bitcoin;xrp;tether;ethereum;bnb;usd-coin;solana
2024-02-15,0.0011632193017822904,bitcoin;xrp;tether;ethereum;bnb;usd-coin;solana
2024-02-16,-0.00891306806167378,bitcoin;xrp;tether;ethereum;bnb;usd-coin;solana
2024-02-17,0.012813695562189878,bitcoin;xrp;tether;ethereum;bnb;usd-coin;solana
2024-02-18,8.192712418528969e-4,bitcoin;xrp;tether;ethereum;bnb;usd-coin;solana
2024-02-19,0.010577528205898211,bitcoin;xrp;tether;ethereum;bnb;usd-coin;solana
2024-02-20,-0.007553240351192948,bitcoin;xrp;tether;ethereum;bnb;usd-coin;solana
2024-02-21,-0.007199132655864593,bitcoin;xrp;tether;ethereum;bnb;usd-coin;solana
2024-02-22,-0.011573516817783,bitcoin;xrp;tether;ethereum;bnb;usd-coin;solana
2024-02-23,0.016975281392045048,bitcoin;xrp;tether;ethereum;bnb;usd-coin;solana
2024-02-24,0.01032521419654425,bitcoin;xrp;tether;ethereum;bnb;usd-coin;solana
2024-02-25,0.03955556250405408,bitcoin;xrp;tether;ethereum;bnb;usd-coin;solana
2024-02-26,0.03343342131994913,bitcoin;xrp;tether;ethereum;bnb;usd-coin;solana
2024-02-27,0.06767815108640023,bitcoin;xrp;tether;ethereum;bnb;usd-coin;solana
2024-02-28,-0.015248158334741314,bitcoin;xrp;tether;ethereum;bnb;usd-coin;solana
2024-02-29,0.02012308222505158,bitcoin;xrp;tether;ethereum;bnb;usd-coin;solana
2024-03-01,-0.002756361474127363,bitcoin;xrp;tether;ethereum;bnb;usd-coin;solana
2024-03-02,0.014921564468198967,bitcoin;xrp;tether;ethereum;bnb;usd-coin;solana
2024-03-03,0.05842541010479054,bitcoin;xrp;tether;ethereum;bnb;usd-coin;solana
2024-03-04,-0.05228952004392308,bitcoin;xrp;tether;ethereum;bnb;usd-coin;solana
2024-03-05,0.04093070665109523,bitcoin;xrp;tether;ethereum;bnb;usd-coin;solana
2024-03-06,0.016526207910192527,bitcoin;xrp;tether;ethereum;bnb;usd-coin;solana
2024-03-07,0.014278294329082359,bitcoin;xrp;tether;ethereum;bnb;usd-coin;solana
2024-03-08,0.0030271181816760714,bitcoin;xrp;tether;ethereum;bnb;usd-coin;solana
2024-03-09,0.004632493204314958,bitcoin;xrp;tether;ethereum;bnb;usd-coin;solana
2024-03-10,0.0414878917037996,bitcoin;xrp;tether;ethereum;bnb;usd-coin;solana
2024-03-11,-0.009921807478833715,bitcoin;xrp;tether;ethereum;bnb;usd-coin;solana
2024-03-12,0.021834043098571496,bitcoin;xrp;tether;ethereum;bnb;usd-coin;solana
2024-03-13,-0.02166333577227813,bitcoin;xrp;tether;ethereum;bnb;usd-coin;solana
2024-03-14,-0.024758965614769278,bitcoin;xrp;tether;ethereum;bnb;usd-coin;solana
2024-03-15,-0.054033954038655664,bitcoin;xrp;tether;ethereum;bnb;usd-coin;solana
2024-03-16,0.03784683969089091,bitcoin;xrp;tether;ethereum;bnb;usd-coin;solana
2024-03-17,-0.015078390635334386,bitcoin;xrp;tether;ethereum;bnb;usd-coin;solana
2024-03-18,-0.08461542856849374,bitcoin;xrp;tether;ethereum;bnb;usd-coin;solana
2024-03-19,0.08580905434759274,bitcoin;xrp;tether;ethereum;bnb;usd-coin;solana
2024-03-20,-0.023940732915142364,bitcoin;xrp;tether;ethereum;bnb;usd-coin;solana
2024-03-21,-0.02789744205115151,bitcoin;xrp;tether;ethereum;bnb;usd-coin;solana
2024-03-22,0.0030600382820610075,bitcoin;xrp;tether;ethereum;bnb;usd-coin;solana
2024-03-23,0.03977529889208832,bitcoin;xrp;tether;ethereum;bnb;usd-coin;solana
2024-03-24,0.034520142971350566,bitcoin;xrp;tether;ethereum;bnb;usd-coin;solana
2024-03-25,-5.536463462346948e-4,bitcoin;xrp;tether;ethereum;bnb;usd-coin;solana
2024-03-26,-0.011497473785444447,bitcoin;xrp;tether;ethereum;bnb;usd-coin;solana
2024-03-27,0.016354095309714066,bitcoin;xrp;tether;ethereum;bnb;usd-coin;solana
2024-03-28,-0.008240921705280832,bitcoin;xrp;tether;ethereum;bnb;usd-coin;solana
2024-03-29,-0.0031947679341362023,bitcoin;xrp;tether;ethereum;bnb;usd-coin;solana
2024-03-30,0.02431329907723083,bitcoin;xrp;tether;ethereum;bnb;usd-coin;solana
2024-03-31,-0.025963393285360726,bitcoin;xrp;tether;ethereum;bnb;usd-coin;solana
2024-04-01,-0.058220773210256954,bitcoin;xrp;tether;ethereum;bnb;usd-coin;solana;steth
2024-04-02,0.008440761447939362,bitcoin;xrp;tether;ethereum;bnb;usd-coin;solana;steth
2024-04-03,0.02624617969408074,bitcoin;xrp;tether;ethereum;bnb;usd-coin;solana;steth
2024-04-04,-0.009075665967847974,bitcoin;xrp;tether;ethereum;bnb;usd-coin;solana;steth
2024-04-05,0.013369919420942393,bitcoin;xrp;tether;ethereum;bnb;usd-coin;solana;steth
2024-04-06,0.010631651778707073,bitcoin;xrp;tether;ethereum;bnb;usd-coin;solana;steth
2024-04-07,0.03597981987513864,bitcoin;xrp;tether;ethereum;bnb;usd-coin;solana;steth
2024-04-08,-0.0355996791632528,bitcoin;xrp;tether;ethereum;bnb;usd-coin;solana;steth
2024-04-09,0.017298544113002277,bitcoin;xrp;tether;ethereum;bnb;usd-coin;solana;steth
2024-04-10,-0.007748802744562491,bitcoin;xrp;tether;ethereum;bnb;usd-coin;solana;steth
2024-04-11,-0.049285794436537966,bitcoin;xrp;tether;ethereum;bnb;usd-coin;solana;steth
2024-04-12,-0.05685839707947341,bitcoin;xrp;tether;ethereum;bnb;usd-coin;solana;steth
2024-04-13,0.03357776962499183,bitcoin;xrp;tether;ethereum;bnb;usd-coin;solana;steth
2024-04-14,-0.030069927267075802,bitcoin;xrp;tether;ethereum;bnb;usd-coin;solana;steth
2024-04-15,0.0010192582506608934,bitcoin;xrp;tether;ethereum;bnb;usd-coin;solana;steth
2024-04-16,-0.0337780814769,bitcoin;xrp;tether;ethereum;bnb;usd-coin;solana;steth
2024-04-17,0.03203134480199483,bitcoin;xrp;tether;ethereum;bnb;usd-coin;solana;steth
2024-04-18,0.0030671737216752286,bitcoin;xrp;tether;ethereum;bnb;usd-coin;solana;steth
2024-04-19,0.021802163539938926,bitcoin;xrp;tether;ethereum;bnb;usd-coin;solana;steth
2024-04-20,-0.0015391021999010103,bitcoin;xrp;tether;ethereum;bnb;usd-coin;solana;steth
2024-04-21,0.026183479542617384,bitcoin;xrp;tether;ethereum;bnb;usd-coin;solana;steth
2024-04-22,-0.003597087993621649,bitcoin;xrp;tether;ethereum;bnb;usd-coin;solana;steth
2024-04-23,-0.02780790266581425,bitcoin;xrp;tether;ethereum;bnb;usd-coin;solana;steth
2024-04-24,0.002837665128121364,bitcoin;xrp;tether;ethereum;bnb;usd-coin;solana;steth
2024-04-25,-0.0111131788193261,bitcoin;xrp;tether;ethereum;bnb;usd-coin;solana;steth
2024-04-26,0.005308671252364453,bitcoin;xrp;tether;ethereum;bnb;usd-coin;solana;steth
2024-04-27,-0.0030330096867912143,bitcoin;xrp;tether;ethereum;bnb;usd-coin;solana;steth
2024-04-28,0.0035631216555394056,bitcoin;xrp;tether;ethereum;bnb;usd-coin;solana;steth
2024-04-29,-0.05038693337544311,bitcoin;xrp;tether;ethereum;bnb;usd-coin;solana;steth
2024-04-30,-0.026550438392688776,bitcoin;xrp;tether;ethereum;bnb;usd-coin;solana;steth
2024-05-01,0.011330835818432814,bitcoin;xrp;tether;ethereum;bnb;usd-coin;solana;steth
2024-05-02,0.050093715140614885,bitcoin;xrp;tether;ethereum;bnb;usd-coin;solana;steth
2024-05-03,0.0111500168729603,bitcoin;xrp;tether;ethereum;bnb;usd-coin;solana;steth
2024-05-04,0.0030195792521506438,bitcoin;xrp;tether;ethereum;bnb;usd-coin;solana;steth
2024-05-05,-0.012127356124655663,bitcoin;xrp;tether;ethereum;bnb;usd-coin;solana;steth
2024-05-06,-0.014476775946134283,bitcoin;xrp;tether;ethereum;bnb;usd-coin;solana;steth
2024-05-07,-0.014872801567775814,bitcoin;xrp;tether;ethereum;bnb;usd-coin;solana;steth
2024-05-08,0.026068236983293958,bitcoin;xrp;tether;ethereum;bnb;usd-coin;solana;steth
2024-05-09,-0.034690025564046614,bitcoin;xrp;tether;ethereum;bnb;usd-coin;solana;steth
2024-05-10,4.441087198110252e-4,bitcoin;xrp;tether;ethereum;bnb;usd-coin;solana;steth
2024-05-11,0.007434064509646551,bitcoin;xrp;tether;ethereum;bnb;usd-coin;solana;steth
2024-05-12,0.016869554058691845,bitcoin;xrp;tether;ethereum;bnb;usd-coin;solana;steth
2024-05-13,-0.021466054866271553,bitcoin;xrp;tether;ethereum;bnb;usd-coin;solana;steth
2024-05-14,0.062471094603295675,bitcoin;xrp;tether;ethereum;bnb;usd-coin;solana;steth
2024-05-15,-0.017317876331452375,bitcoin;xrp;tether;ethereum;bnb;usd-coin;solana;steth
2024-05-16,0.031050766317054175,bitcoin;xrp;tether;ethereum;bnb;usd-coin;solana;steth
2024-05-17,0.0014737215743390463,bitcoin;xrp;tether;ethereum;bnb;usd-coin;solana;steth
2024-05-18,-0.011055240041323775,bitcoin;xrp;tether;ethereum;bnb;usd-coin;solana;steth
2024-05-19,0.09108906832341544,bitcoin;xrp;tether;ethereum;bnb;usd-coin;solana;steth
2024-05-20,-0.0044141470670874304,bitcoin;xrp;tether;ethereum;bnb;usd-coin;solana;steth
2024-05-21,-0.012900838543245443,bitcoin;xrp;tether;ethereum;bnb;usd-coin;solana;steth
2024-05-22,-0.009439613417525413,bitcoin;xrp;tether;ethereum;bnb;usd-coin;solana;steth
2024-05-23,0.001296929819792991,bitcoin;xrp;tether;ethereum;bnb;usd-coin;solana;steth
2024-05-24,0.008412007669732519,bitcoin;xrp;tether;ethereum;bnb;usd-coin;solana;steth
2024-05-25,-0.0038216572329409742,bitcoin;xrp;tether;ethereum;bnb;usd-coin;solana;steth
2024-05-26,0.01335841334693776,bitcoin;xrp;tether;ethereum;bnb;usd-coin;solana;steth
2024-05-27,-0.01346023554791546,bitcoin;xrp;tether;ethereum;bnb;usd-coin;solana;steth
2024-05-28,-0.011694534622133773,bitcoin;xrp;tether;ethereum;bnb;usd-coin;solana;steth
2024-05-29,0.0058809606296811945,bitcoin;xrp;tether;ethereum;bnb;usd-coin;solana;steth
2024-05-30,-0.007604113483821019,bitcoin;xrp;tether;ethereum;bnb;usd-coin;solana;steth
2024-05-31,0.005669845603957172,bitcoin;xrp;tether;ethereum;bnb;usd-coin;solana;steth
2024-06-01,-0.0020900216814849033,bitcoin;xrp;tether;ethereum;bnb;usd-coin;solana;steth
2024-06-02,0.01059621695806265,bitcoin;xrp;tether;ethereum;bnb;usd-coin;solana;steth
2024-06-03,0.02307290927561168,bitcoin;xrp;tether;ethereum;bnb;usd-coin;solana;steth
2024-06-04,0.008411969368027928,bitcoin;xrp;tether;ethereum;bnb;usd-coin;solana;steth
2024-06-05,-0.006119431703975396,bitcoin;xrp;tether;ethereum;bnb;usd-coin;solana;steth
2024-06-06,-0.024006057074469702,bitcoin;xrp;tether;ethereum;bnb;usd-coin;solana;steth
2024-06-07,-0.001322457390846003,bitcoin;xrp;tether;ethereum;bnb;usd-coin;solana;steth
2024-06-08,0.0050782473703324124,bitcoin;xrp;tether;ethereum;bnb;usd-coin;solana;steth
2024-06-09,-0.006924837874893364,bitcoin;xrp;tether;ethereum;bnb;usd-coin;solana;steth
2024-06-10,-0.03395732792858933,bitcoin;xrp;tether;ethereum;bnb;usd-coin;solana;steth
2024-06-11,0.014715495967813333,bitcoin;xrp;tether;ethereum;bnb;usd-coin;solana;steth
2024-06-12,-0.022680111541687895,bitcoin;xrp;tether;ethereum;bnb;usd-coin;solana;steth
2024-06-13,-0.00705756147802586,bitcoin;xrp;tether;ethereum;bnb;usd-coin;solana;steth
2024-06-14,0.008477931222140583,bitcoin;xrp;tether;ethereum;bnb;usd-coin;solana;steth
2024-06-15,0.008857657083921302,bitcoin;xrp;tether;ethereum;bnb;usd-coin;solana;steth
2024-06-16,-0.009580852879847572,bitcoin;xrp;tether;ethereum;bnb;usd-coin;solana;steth
2024-06-17,-0.017223086568329646,bitcoin;xrp;tether;ethereum;bnb;usd-coin;solana;steth
2024-06-18,0.0033032184399029332,bitcoin;xrp;tether;ethereum;bnb;usd-coin;solana;steth
2024-06-19,-0.005668582196882351,bitcoin;xrp;tether;ethereum;bnb;usd-coin;solana;steth
2024-06-20,-0.006498768345391133,bitcoin;xrp;tether;ethereum;bnb;usd-coin;solana;steth
2024-06-21,1.524940031915638e-4,bitcoin;xrp;tether;ethereum;bnb;usd-coin;solana;steth
2024-06-22,-0.01764306131083821,bitcoin;xrp;tether;ethereum;bnb;usd-coin;solana;steth
2024-06-23,-0.033481423094342364,bitcoin;xrp;tether;ethereum;bnb;usd-coin;solana;steth
2024-06-24,0.020172563616040445,bitcoin;xrp;tether;ethereum;bnb;usd-coin;solana;steth
2024-06-25,-0.012303569834383958,bitcoin;xrp;tether;ethereum;bnb;usd-coin;solana;steth
2024-06-26,0.01647959280852666,bitcoin;xrp;tether;ethereum;bnb;usd-coin;solana;steth
2024-06-27,-0.020871583518821304,bitcoin;xrp;tether;ethereum;bnb;usd-coin;solana;steth
2024-06-28,0.006030499075285571,bitcoin;xrp;tether;ethereum;bnb;usd-coin;solana;steth
2024-06-29,0.024202466648836168,bitcoin;xrp;tether;ethereum;bnb;usd-coin;solana;steth
2024-06-30,0.0019768889714825194,bitcoin;xrp;tether;ethereum;bnb;usd-coin;solana;steth
2024-07-01,-0.007781790191768958,bitcoin;xrp;tether;ethereum;bnb;usd-coin;solana;steth
2024-07-02,-0.032020977036530555,bitcoin;xrp;tether;ethereum;bnb;usd-coin;solana;steth
2024-07-03,-0.0578698119523118,bitcoin;xrp;tether;ethereum;bnb;usd-coin;solana;steth
2024-07-04,-0.008513982027013664,bitcoin;xrp;tether;ethereum;bnb;usd-coin;solana;steth
2024-07-05,0.0294436159219288,bitcoin;xrp;tether;ethereum;bnb;usd-coin;solana;steth
2024-07-06,-0.04374107904855403,bitcoin;xrp;tether;ethereum;bnb;usd-coin;solana;steth
2024-07-07,0.019898103141590108,bitcoin;xrp;tether;ethereum;bnb;usd-coin;solana;steth
2024-07-08,0.01854452994869756,bitcoin;xrp;tether;ethereum;bnb;usd-coin;solana;steth
2024-07-09,6.338172251041311e-4,bitcoin;xrp;tether;ethereum;bnb;usd-coin;solana;steth
2024-07-10,-0.005563547511176236,bitcoin;xrp;tether;ethereum;bnb;usd-coin;solana;steth
2024-07-11,0.010710572488479425,bitcoin;xrp;tether;ethereum;bnb;usd-coin;solana;steth
2024-07-12,0.01911705748164358,bitcoin;xrp;tether;ethereum;bnb;usd-coin;solana;steth
2024-07-13,0.022924615811709424,bitcoin;xrp;tether;ethereum;bnb;usd-coin;solana;steth
2024-07-14,0.06250912578537794,bitcoin;xrp;tether;ethereum;bnb;usd-coin;solana;steth
2024-07-15,-1.7835609257985596e-4,bitcoin;xrp;tether;ethereum;bnb;usd-coin;solana;steth
2024-07-16,-0.013465597848798251,bitcoin;xrp;tether;ethereum;bnb;usd-coin;solana;steth
2024-07-17,5.37224843205653e-4,bitcoin;xrp;tether;ethereum;bnb;usd-coin;solana;steth
2024-07-18,0.034952906390874214,bitcoin;xrp;tether;ethereum;bnb;usd-coin;solana;steth
2024-07-19,0.006493051592230691,bitcoin;xrp;tether;ethereum;bnb;usd-coin;solana;steth
2024-07-20,0.012864523578277082,bitcoin;xrp;tether;ethereum;bnb;usd-coin;solana;steth
2024-07-21,-0.012906872580366864,bitcoin;xrp;tether;ethereum;bnb;usd-coin;solana;steth
2024-07-22,-0.014881772973174227,bitcoin;xrp;tether;ethereum;bnb;usd-coin;solana;steth
2024-07-23,-0.013461210145446812,bitcoin;xrp;tether;ethereum;bnb;usd-coin;solana;steth
2024-07-24,-0.008616328868003642,bitcoin;xrp;tether;ethereum;bnb;usd-coin;solana;steth
2024-07-25,0.029774035458798576,bitcoin;xrp;tether;ethereum;bnb;usd-coin;solana;steth
2024-07-26,-0.002722907161443061,bitcoin;xrp;tether;ethereum;bnb;usd-coin;solana;steth
2024-07-27,0.006067382783965435,bitcoin;xrp;tether;ethereum;bnb;usd-coin;solana;steth
2024-07-28,-0.011242546708753253,bitcoin;xrp;tether;ethereum;bnb;usd-coin;solana;steth
2024-07-29,-0.007702578930589152,bitcoin;xrp;tether;ethereum;bnb;usd-coin;solana;steth
2024-07-30,-0.02058524847382997,bitcoin;xrp;tether;ethereum;bnb;usd-coin;solana;steth
2024-07-31,0.0035822034547656084,bitcoin;xrp;tether;ethereum;bnb;usd-coin;solana;steth
2024-08-01,-0.06038235834542366,bitcoin;xrp;tether;ethereum;bnb;usd-coin;solana;steth
2024-08-02,-0.016862964470720113,bitcoin;xrp;tether;ethereum;bnb;usd-coin;solana;steth
2024-08-03,-0.048335747047592505,bitcoin;xrp;tether;ethereum;bnb;usd-coin;solana;steth
2024-08-04,-0.07438296852832388,bitcoin;xrp;tether;ethereum;bnb;usd-coin;solana;steth
2024-08-05,0.03259446449868381,bitcoin;xrp;tether;ethereum;bnb;usd-coin;solana;steth
2024-08-06,-0.020577902026422457,bitcoin;xrp;tether;ethereum;bnb;usd-coin;solana;steth
2024-08-07,0.10944551870855554,bitcoin;xrp;tether;ethereum;bnb;usd-coin;solana;steth
2024-08-08,-0.0181032173756185,bitcoin;xrp;tether;ethereum;bnb;usd-coin;solana;steth
2024-08-09,0.002202837889036155,bitcoin;xrp;tether;ethereum;bnb;usd-coin;solana;steth
2024-08-10,-0.033253711412057844,bitcoin;xrp;tether;ethereum;bnb;usd-coin;solana;steth
2024-08-11,0.023315899730943897,bitcoin;xrp;tether;ethereum;bnb;usd-coin;solana;steth
2024-08-12,0.01219661559054185,bitcoin;xrp;tether;ethereum;bnb;usd-coin;solana;steth
2024-08-13,-0.023722081407527226,bitcoin;xrp;tether;ethereum;bnb;usd-coin;solana;steth
2024-08-14,-0.021070667887211063,bitcoin;xrp;tether;ethereum;bnb;usd-coin;solana;steth
2024-08-15,0.015536974175192491,bitcoin;xrp;tether;ethereum;bnb;usd-coin;solana;steth
2024-08-16,0.01035330876857238,bitcoin;xrp;tether;ethereum;bnb;usd-coin;solana;steth
2024-08-17,-0.01130050945890307,bitcoin;xrp;tether;ethereum;bnb;usd-coin;solana;steth
2024-08-18,0.016020300673243778,bitcoin;xrp;tether;ethereum;bnb;usd-coin;solana;steth
2024-08-19,-0.009895150245538628,bitcoin;xrp;tether;ethereum;bnb;usd-coin;solana;steth
2024-08-20,0.02735168979522123,bitcoin;xrp;tether;ethereum;bnb;usd-coin;solana;steth
2024-08-21,-0.007830963956821818,bitcoin;xrp;tether;ethereum;bnb;usd-coin;solana;steth
2024-08-22,0.05182635321010808,bitcoin;xrp;tether;ethereum;bnb;usd-coin;solana;steth
2024-08-23,0.0020775785253062153,bitcoin;xrp;tether;ethereum;bnb;usd-coin;solana;steth
2024-08-24,-0.0012196179889117985,bitcoin;xrp;tether;ethereum;bnb;usd-coin;solana;steth
2024-08-25,-0.022238699034772737,bitcoin;xrp;tether;ethereum;bnb;usd-coin;solana;steth
2024-08-26,-0.056993168254158004,bitcoin;xrp;tether;ethereum;bnb;usd-coin;solana;steth
2024-08-27,4.8035830214454507e-4,bitcoin;xrp;tether;ethereum;bnb;usd-coin;solana;steth
2024-08-28,0.0027103692320448805,bitcoin;xrp;tether;ethereum;bnb;usd-coin;solana;steth
2024-08-29,-0.003559859363045593,bitcoin;xrp;tether;ethereum;bnb;usd-coin;solana;steth
2024-08-30,-0.003523513372916197,bitcoin;xrp;tether;ethereum;bnb;usd-coin;solana;steth
2024-08-31,-0.028924192272493744,bitcoin;xrp;tether;ethereum;bnb;usd-coin;solana;steth
2024-09-01,0.031943289838010064,bitcoin;xrp;tether;ethereum;bnb;usd-coin;solana;steth
2024-09-02,-0.030975557605395637,bitcoin;xrp;tether;ethereum;bnb;usd-coin;solana;steth
2024-09-03,0.009027243219438796,bitcoin;xrp;tether;ethereum;bnb;usd-coin;solana;steth
2024-09-04,-0.029028593742314496,bitcoin;xrp;tether;ethereum;bnb;usd-coin;solana;steth
2024-09-05,-0.04160985610639322,bitcoin;xrp;tether;ethereum;bnb;usd-coin;solana;steth
2024-09-06,0.008346600053654715,bitcoin;xrp;tether;ethereum;bnb;usd-coin;solana;steth
2024-09-07,0.011794633260731414,bitcoin;xrp;tether;ethereum;bnb;usd-coin;solana;steth
2024-09-08,0.03290149722497284,bitcoin;xrp;tether;ethereum;bnb;usd-coin;solana;steth
2024-09-09,0.00971574020107999,bitcoin;xrp;tether;ethereum;bnb;usd-coin;solana;steth
2024-09-10,-0.007648015551508475,bitcoin;xrp;tether;ethereum;bnb;usd-coin;solana;steth
2024-09-11,0.013202555557559085,bitcoin;xrp;tether;ethereum;bnb;usd-coin;solana;steth
2024-09-12,0.03493960722827345,bitcoin;xrp;tether;ethereum;bnb;usd-coin;solana;steth
2024-09-13,-0.008143027072198872,bitcoin;xrp;tether;ethereum;bnb;usd-coin;solana;steth
2024-09-14,-0.01943104803430489,bitcoin;xrp;tether;ethereum;bnb;usd-coin;solana;steth
2024-09-15,-0.014210230037859648,bitcoin;xrp;tether;ethereum;bnb;usd-coin;solana;steth
2024-09-16,0.027618460376162866,bitcoin;xrp;tether;ethereum;bnb;usd-coin;solana;steth
2024-09-17,0.017970064970503047,bitcoin;xrp;tether;ethereum;bnb;usd-coin;solana;steth
2024-09-18,0.024157951849226356,bitcoin;xrp;tether;ethereum;bnb;usd-coin;solana;steth
2024-09-19,0.011630153698486552,bitcoin;xrp;tether;ethereum;bnb;usd-coin;solana;steth
2024-09-20,0.009041986040210205,bitcoin;xrp;tether;ethereum;bnb;usd-coin;solana;steth
2024-09-21,-0.0016286702807376749,bitcoin;xrp;tether;ethereum;bnb;usd-coin;solana;steth
2024-09-22,0.0033012624535206318,bitcoin;xrp;tether;ethereum;bnb;usd-coin;solana;steth
2024-09-23,0.012178209784286877,bitcoin;xrp;tether;ethereum;bnb;usd-coin;solana;steth
2024-09-24,-0.020183690108156155,bitcoin;xrp;tether;ethereum;bnb;usd-coin;solana;steth
2024-09-25,0.026791981873163256,bitcoin;xrp;tether;ethereum;bnb;usd-coin;solana;steth
2024-09-26,0.012136617921323235,bitcoin;xrp;tether;ethereum;bnb;usd-coin;solana;steth
2024-09-27,-5.816973041858575e-4,bitcoin;xrp;tether;ethereum;bnb;usd-coin;solana;steth
2024-09-28,-0.003243402052266816,bitcoin;xrp;tether;ethereum;bnb;usd-coin;solana;steth
2024-09-29,-0.03110649780019559,bitcoin;xrp;tether;ethereum;bnb;usd-coin;solana;steth
2024-09-30,-0.041622129160527176,bitcoin;xrp;tether;ethereum;bnb;usd-coin;solana;steth
2024-10-01,-0.01991530393223212,bitcoin;tether;ethereum;bnb;solana;squid-grow
2024-10-02,0.0014998290868311654,bitcoin;tether;ethereum;bnb;solana;squid-grow
2024-10-03,0.020368241019497232,bitcoin;tether;ethereum;bnb;solana;squid-grow
2024-10-04,-0.004530586340639521,bitcoin;tether;ethereum;bnb;solana;squid-grow
2024-10-05,0.011866283792665853,bitcoin;tether;ethereum;bnb;solana;squid-grow
2024-10-06,-0.006725428462929953,bitcoin;tether;ethereum;bnb;solana;squid-grow
2024-10-07,-0.00627519607115313,bitcoin;tether;ethereum;bnb;solana;squid-grow
2024-10-08,-0.02918853232593613,bitcoin;tether;ethereum;bnb;solana;squid-grow
2024-10-09,-2.975465496614182e-4,bitcoin;tether;ethereum;bnb;solana;squid-grow
2024-10-10,0.04094335744830686,bitcoin;tether;ethereum;bnb;solana;squid-grow
2024-10-11,0.0035475000148401316,bitcoin;tether;ethereum;bnb;solana;squid-grow
2024-10-12,-0.015405526003014121,bitcoin;tether;ethereum;bnb;solana;squid-grow
2024-10-13,0.058963601470776277,bitcoin;tether;ethereum;bnb;solana;squid-grow
2024-10-14,0.0025085461445630472,bitcoin;tether;ethereum;bnb;solana;squid-grow
2024-10-15,0.0017998184582593937,bitcoin;tether;ethereum;bnb;solana;squid-grow
2024-10-16,-0.004746354837620257,bitcoin;tether;ethereum;bnb;solana;squid-grow
2024-10-17,0.011090610924656536,bitcoin;tether;ethereum;bnb;solana;squid-grow
2024-10-18,0.0013198860281500172,bitcoin;tether;ethereum;bnb;solana;squid-grow
2024-10-19,0.015141320335506416,bitcoin;tether;ethereum;bnb;solana;squid-grow
2024-10-20,-0.020861105835019843,bitcoin;tether;ethereum;bnb;solana;squid-grow
2024-10-21,-0.00948990789898231,bitcoin;tether;ethereum;bnb;solana;squid-grow
2024-10-22,-0.021547053811777163,bitcoin;tether;ethereum;bnb;solana;squid-grow
2024-10-23,0.01653499734602651,bitcoin;tether;ethereum;bnb;solana;squid-grow
2024-10-24,-0.019428494610977586,bitcoin;tether;ethereum;bnb;solana;squid-grow
2024-10-25,0.0054077840658340775,bitcoin;tether;ethereum;bnb;solana;squid-grow
2024-10-26,0.009649562062823552,bitcoin;tether;ethereum;bnb;solana;squid-grow
2024-10-27,0.029783537856526324,bitcoin;tether;ethereum;bnb;solana;squid-grow
2024-10-28,0.026754943163369543,bitcoin;tether;ethereum;bnb;solana;squid-grow
2024-10-29,0.006280393483731172,bitcoin;tether;ethereum;bnb;solana;squid-grow
2024-10-30,-0.01757684850880806,bitcoin;tether;ethereum;bnb;solana;squid-grow
2024-10-31,-0.009039924125520125,bitcoin;tether;ethereum;bnb;solana;squid-grow
2024-11-01,-0.002892400630301892,bitcoin;tether;ethereum;bnb;solana;squid-grow
2024-11-02,-0.02346369734884281,bitcoin;tether;ethereum;bnb;solana;squid-grow
2024-11-03,-0.01959189534139795,bitcoin;tether;ethereum;bnb;solana;squid-grow
2024-11-04,0.010819223908808583,bitcoin;tether;ethereum;bnb;solana;squid-grow
2024-11-05,0.10962277103438592,bitcoin;tether;ethereum;bnb;solana;squid-grow
2024-11-06,0.01626962839435173,bitcoin;tether;ethereum;bnb;solana;squid-grow
2024-11-07,0.012234939697784178,bitcoin;tether;ethereum;bnb;solana;squid-grow
2024-11-08,0.013096767559634273,bitcoin;tether;ethereum;bnb;solana;squid-grow
2024-11-09,0.03320762448865598,bitcoin;tether;ethereum;bnb;solana;squid-grow
2024-11-10,0.06468939075052929,bitcoin;tether;ethereum;bnb;solana;squid-grow
2024-11-11,-0.021432294412049507,bitcoin;tether;ethereum;bnb;solana;squid-grow
2024-11-12,0.009979454861998438,bitcoin;tether;ethereum;bnb;solana;squid-grow
2024-11-13,-0.04198792484041884,bitcoin;tether;ethereum;bnb;solana;squid-grow
2024-11-14,0.04211087933041517,bitcoin;tether;ethereum;bnb;solana;squid-grow
2024-11-15,-0.0065603327223892815,bitcoin;tether;ethereum;bnb;solana;squid-grow
2024-11-16,-0.009082080086713027,bitcoin;tether;ethereum;bnb;solana;squid-grow
2024-11-17,0.03479374753662122,bitcoin;tether;ethereum;bnb;solana;squid-grow
2024-11-18,-0.003956320332236857,bitcoin;tether;ethereum;bnb;solana;squid-grow
2024-11-19,7.267588961963035e-4,bitcoin;tether;ethereum;bnb;solana;squid-grow
2024-11-20,0.07739829738811112,bitcoin;tether;ethereum;bnb;solana;squid-grow
2024-11-21,0.0034540185125366356,bitcoin;tether;ethereum;bnb;solana;squid-grow
2024-11-22,0.0019638318498054843,bitcoin;tether;ethereum;bnb;solana;squid-grow
2024-11-23,9.283032635899082e-4,bitcoin;tether;ethereum;bnb;solana;squid-grow
2024-11-24,-0.018388078386892492,bitcoin;tether;ethereum;bnb;solana;squid-grow
2024-11-25,-0.009955890641288911,bitcoin;tether;ethereum;bnb;solana;squid-grow
2024-11-26,0.0931770522446564,bitcoin;tether;ethereum;bnb;solana;squid-grow
2024-11-27,-0.012874139595217169,bitcoin;tether;ethereum;bnb;solana;squid-grow
2024-11-28,0.025006255747094322,bitcoin;tether;ethereum;bnb;solana;squid-grow
2024-11-29,0.02529266268166446,bitcoin;tether;ethereum;bnb;solana;squid-grow
2024-11-30,0.06897360993064473,bitcoin;tether;ethereum;bnb;solana;squid-grow
2024-12-01,-0.03394520505109345,bitcoin;tether;ethereum;bnb;solana;squid-grow
2024-12-02,0.02312763268178309,bitcoin;tether;ethereum;bnb;solana;squid-grow
2024-12-03,0.02372316337583862,bitcoin;tether;ethereum;bnb;solana;squid-grow
2024-12-04,0.002608618674680634,bitcoin;tether;ethereum;bnb;solana;squid-grow
2024-12-05,0.035181117401468,bitcoin;tether;ethereum;bnb;solana;squid-grow
2024-12-06,-0.005779402419810542,bitcoin;tether;ethereum;bnb;solana;squid-grow
2024-12-07,-0.003993628105005239,bitcoin;tether;ethereum;bnb;solana;squid-grow
2024-12-08,-0.07242581695315684,bitcoin;tether;ethereum;bnb;solana;squid-grow
2024-12-09,-0.011438952800629886,bitcoin;tether;ethereum;bnb;solana;squid-grow
2024-12-10,0.05121997087684069,bitcoin;tether;ethereum;bnb;solana;squid-grow
2024-12-11,-0.022184085424500004,bitcoin;tether;ethereum;bnb;solana;squid-grow
2024-12-12,0.013808794444570506,bitcoin;tether;ethereum;bnb;solana;squid-grow
2024-12-13,-0.012936029680408584,bitcoin;tether;ethereum;bnb;solana;squid-grow
2024-12-14,0.011664436203572411,bitcoin;tether;ethereum;bnb;solana;squid-grow
2024-12-15,0.003458137293839411,bitcoin;tether;ethereum;bnb;solana;squid-grow
2024-12-16,-0.02383516753294905,bitcoin;tether;ethereum;bnb;solana;squid-grow
2024-12-17,-0.056798163859082824,bitcoin;tether;ethereum;bnb;solana;squid-grow
2024-12-18,-0.039928755691848276,bitcoin;tether;ethereum;bnb;solana;squid-grow
2024-12-19,0.007557161146404267,bitcoin;tether;ethereum;bnb;solana;squid-grow
2024-12-20,-0.025509930273189877,bitcoin;tether;ethereum;bnb;solana;squid-grow
2024-12-21,-0.026047530672072938,bitcoin;tether;ethereum;bnb;solana;squid-grow
2024-12-22,0.0065657291996673904,bitcoin;tether;ethereum;bnb;solana;squid-grow
2024-12-23,0.02600415279209903,bitcoin;tether;ethereum;bnb;solana;squid-grow
2024-12-24,-0.003773962955751597,bitcoin;tether;ethereum;bnb;solana;squid-grow
2024-12-25,-0.03659446846496292,bitcoin;tether;ethereum;bnb;solana;squid-grow
2024-12-26,-0.009886474127711398,bitcoin;tether;ethereum;bnb;solana;squid-grow
2024-12-27,-5.665623467394598e-4,bitcoin;tether;ethereum;bnb;solana;squid-grow
2024-12-28,-0.025239741447819004,bitcoin;tether;ethereum;bnb;solana;squid-grow
2024-12-29,-0.00609677886525021,bitcoin;tether;ethereum;bnb;solana;squid-grow
2024-12-30,-0.0031278133830542113,bitcoin;tether;ethereum;bnb;solana;squid-grow
2024-12-31,0.011040222982185325,bitcoin;tether;ethereum;bnb;solana;squid-grow
2025-01-01,0.025737556951328934,bitcoin;xrp;dogecoin;tether;ethereum;bnb;usd-coin;solana
2025-01-02,0.019450522074667003,bitcoin;xrp;dogecoin;tether;ethereum;bnb;usd-coin;solana
2025-01-03,0.003133269710197167,bitcoin;xrp;dogecoin;tether;ethereum;bnb;usd-coin;solana
2025-01-04,-0.001996836687357055,bitcoin;xrp;dogecoin;tether;ethereum;bnb;usd-coin;solana
2025-01-05,0.029590048299069506,bitcoin;xrp;dogecoin;tether;ethereum;bnb;usd-coin;solana
2025-01-06,-0.05558851942278133,bitcoin;xrp;dogecoin;tether;ethereum;bnb;usd-coin;solana
2025-01-07,-0.015381714214937963,bitcoin;xrp;dogecoin;tether;ethereum;bnb;usd-coin;solana
2025-01-08,-0.02832665721385283,bitcoin;xrp;dogecoin;tether;ethereum;bnb;usd-coin;solana
2025-01-09,0.020431762022856598,bitcoin;xrp;dogecoin;tether;ethereum;bnb;usd-coin;solana
2025-01-10,0.003129080781911208,bitcoin;xrp;dogecoin;tether;ethereum;bnb;usd-coin;solana
2025-01-11,-0.0024450279110334256,bitcoin;xrp;dogecoin;tether;ethereum;bnb;usd-coin;solana
2025-01-12,-0.0069830178471606994,bitcoin;xrp;dogecoin;tether;ethereum;bnb;usd-coin;solana
2025-01-13,0.02218368490000706,bitcoin;xrp;dogecoin;tether;ethereum;bnb;usd-coin;solana
2025-01-14,0.04750152274425555,bitcoin;xrp;dogecoin;tether;ethereum;bnb;usd-coin;solana
2025-01-15,-0.010143596595268197,bitcoin;xrp;dogecoin;tether;ethereum;bnb;usd-coin;solana
2025-01-16,0.042152189132909475,bitcoin;xrp;dogecoin;tether;ethereum;bnb;usd-coin;solana
2025-01-17,-0.0029715198285561054,bitcoin;xrp;dogecoin;tether;ethereum;bnb;usd-coin;solana
2025-01-18,-0.03367344251478585,bitcoin;xrp;dogecoin;tether;ethereum;bnb;usd-coin;solana
2025-01-19,0.00924643952047643,bitcoin;xrp;dogecoin;tether;ethereum;bnb;usd-coin;solana
2025-01-20,0.03180668254074838,bitcoin;xrp;dogecoin;tether;ethereum;bnb;usd-coin;solana
2025-01-21,-0.018961560099221612,bitcoin;xrp;dogecoin;tether;ethereum;bnb;usd-coin;solana
2025-01-22,0.004515586648482168,bitcoin;xrp;dogecoin;tether;ethereum;bnb;usd-coin;solana
2025-01-23,0.0035340912357684586,bitcoin;xrp;dogecoin;tether;ethereum;bnb;usd-coin;solana
2025-01-24,6.053455668663291e-4,bitcoin;xrp;dogecoin;tether;ethereum;bnb;usd-coin;solana
2025-01-25,-0.0216847232591054,bitcoin;xrp;dogecoin;tether;ethereum;bnb;usd-coin;solana
2025-01-26,-0.006555544773611851,bitcoin;xrp;dogecoin;tether;ethereum;bnb;usd-coin;solana
2025-01-27,-0.012737839782869817,bitcoin;xrp;dogecoin;tether;ethereum;bnb;usd-coin;solana
2025-01-28,0.017884936898684964,bitcoin;xrp;dogecoin;tether;ethereum;bnb;usd-coin;solana
2025-01-29,0.016191846447477072,bitcoin;xrp;dogecoin;tether;ethereum;bnb;usd-coin;solana
2025-01-30,-0.014878811388352946,bitcoin;xrp;dogecoin;tether;ethereum;bnb;usd-coin;solana
2025-01-31,-0.026682599004297126,bitcoin;xrp;dogecoin;tether;ethereum;bnb;usd-coin;solana
2025-02-01,-0.04196478361312904,bitcoin;xrp;dogecoin;tether;ethereum;bnb;usd-coin;solana
2025-02-02,0.030353932407409343,bitcoin;xrp;dogecoin;tether;ethereum;bnb;usd-coin;solana
2025-02-03,-0.038968293908615774,bitcoin;xrp;dogecoin;tether;ethereum;bnb;usd-coin;solana
2025-02-04,-0.010347658368148542,bitcoin;xrp;dogecoin;tether;ethereum;bnb;usd-coin;solana
2025-02-05,-0.00784087651823568,bitcoin;xrp;dogecoin;tether;ethereum;bnb;usd-coin;solana
2025-02-06,-0.0025721002632037677,bitcoin;xrp;dogecoin;tether;ethereum;bnb;usd-coin;solana
2025-02-07,0.004640983815282539,bitcoin;xrp;dogecoin;tether;ethereum;bnb;usd-coin;solana
2025-02-08,-3.200021336544713e-4,bitcoin;xrp;dogecoin;tether;ethereum;bnb;usd-coin;solana
2025-02-09,0.009025518309459336,bitcoin;xrp;dogecoin;tether;ethereum;bnb;usd-coin;solana
2025-02-10,-0.01421252282824633,bitcoin;xrp;dogecoin;tether;ethereum;bnb;usd-coin;solana
2025-02-11,0.02641090371884688,bitcoin;xrp;dogecoin;tether;ethereum;bnb;usd-coin;solana
2025-02-12,-0.013052394416627843,bitcoin;xrp;dogecoin;tether;ethereum;bnb;usd-coin;solana
2025-02-13,0.005933401597372592,bitcoin;bitcoin;xrp;xrp;dogecoin;dogecoin;tether;tether;ethereum;ethereum;bnb;bnb;usd-coin;usd-coin;solana;solana
2025-02-14,-9.35620296820753e-4,bitcoin;bitcoin;xrp;xrp;dogecoin;dogecoin;tether;tether;ethereum;ethereum;bnb;bnb;usd-coin;usd-coin;solana;solana
2025-02-15,-0.006281574429377322,bitcoin;bitcoin;xrp;xrp;dogecoin;dogecoin;tether;tether;ethereum;ethereum;bnb;bnb;usd-coin;usd-coin;solana;solana
2025-02-16,-0.0010861677743788883,bitcoin;bitcoin;xrp;xrp;dogecoin;dogecoin;tether;tether;ethereum;ethereum;bnb;bnb;usd-coin;usd-coin;solana;solana
2025-02-17,-0.0051416940880147834,bitcoin;bitcoin;xrp;xrp;dogecoin;dogecoin;tether;tether;ethereum;ethereum;bnb;bnb;usd-coin;usd-coin;solana;solana
2025-02-18,0.006404389276642643,bitcoin;bitcoin;xrp;xrp;dogecoin;dogecoin;tether;tether;ethereum;ethereum;bnb;bnb;usd-coin;usd-coin;solana;solana
2025-02-19,0.007053188187250095,bitcoin;bitcoin;xrp;xrp;dogecoin;dogecoin;tether;tether;ethereum;ethereum;bnb;bnb;usd-coin;usd-coin;solana;solana
2025-02-20,-0.012051653663534627,bitcoin;bitcoin;xrp;xrp;dogecoin;dogecoin;tether;tether;ethereum;ethereum;bnb;bnb;usd-coin;usd-coin;solana;solana
2025-02-21,0.00569586610100277,bitcoin;bitcoin;xrp;xrp;dogecoin;dogecoin;tether;tether;ethereum;ethereum;bnb;bnb;usd-coin;usd-coin;solana;solana
2025-02-22,-3.7580666652011516e-4,bitcoin;bitcoin;xrp;xrp;dogecoin;dogecoin;tether;tether;ethereum;ethereum;bnb;bnb;usd-coin;usd-coin;solana;solana
2025-02-23,-0.03322411456483272,bitcoin;bitcoin;xrp;xrp;dogecoin;dogecoin;tether;tether;ethereum;ethereum;bnb;bnb;usd-coin;usd-coin;solana;solana
2025-02-24,-0.009605388052709949,bitcoin;bitcoin;xrp;xrp;dogecoin;dogecoin;tether;tether;ethereum;ethereum;bnb;bnb;usd-coin;usd-coin;solana;solana
2025-02-25,-0.0245436087888203,bitcoin;bitcoin;xrp;xrp;dogecoin;dogecoin;tether;tether;ethereum;ethereum;bnb;bnb;usd-coin;usd-coin;solana;solana
2025-02-26,8.367035993227955e-4,bitcoin;bitcoin;xrp;xrp;dogecoin;dogecoin;tether;tether;ethereum;ethereum;bnb;bnb;usd-coin;usd-coin;solana;solana
2025-02-27,-0.0032635494355896222,bitcoin;bitcoin;xrp;xrp;dogecoin;dogecoin;tether;tether;ethereum;ethereum;bnb;bnb;usd-coin;usd-coin;solana;solana
2025-02-28,0.0063015722242500466,bitcoin;bitcoin;xrp;xrp;dogecoin;dogecoin;tether;tether;ethereum;ethereum;bnb;bnb;usd-coin;usd-coin;solana;solana
2025-03-01,0.049930171445793245,bitcoin;bitcoin;xrp;xrp;dogecoin;dogecoin;tether;tether;ethereum;ethereum;bnb;bnb;usd-coin;usd-coin;solana;solana
2025-03-02,-0.05248721905362868,bitcoin;bitcoin;xrp;xrp;dogecoin;dogecoin;tether;tether;ethereum;ethereum;bnb;bnb;usd-coin;usd-coin;solana;solana
2025-03-03,0.006360602097049824,bitcoin;bitcoin;xrp;xrp;dogecoin;dogecoin;tether;tether;ethereum;ethereum;bnb;bnb;usd-coin;usd-coin;solana;solana
2025-03-04,0.016259688684801276,bitcoin;bitcoin;xrp;xrp;dogecoin;dogecoin;tether;tether;ethereum;ethereum;bnb;bnb;usd-coin;usd-coin;solana;solana
2025-03-05,-0.0036934332081604714,bitcoin;bitcoin;xrp;xrp;dogecoin;dogecoin;tether;tether;ethereum;ethereum;bnb;bnb;usd-coin;usd-coin;solana;solana
2025-03-06,-0.016398485300682483,bitcoin;bitcoin;xrp;xrp;dogecoin;dogecoin;tether;tether;ethereum;ethereum;bnb;bnb;usd-coin;usd-coin;solana;solana
2025-03-07,-0.0010422119262380352,bitcoin;bitcoin;xrp;xrp;dogecoin;dogecoin;tether;tether;ethereum;ethereum;bnb;bnb;usd-coin;usd-coin;solana;solana
2025-03-08,-0.033796180835763696,bitcoin;bitcoin;xrp;xrp;dogecoin;dogecoin;tether;tether;ethereum;ethereum;bnb;bnb;usd-coin;usd-coin;solana;solana
2025-03-09,-0.01811397208264827,bitcoin;bitcoin;xrp;xrp;dogecoin;dogecoin;tether;tether;ethereum;ethereum;bnb;bnb;usd-coin;usd-coin;solana;solana
2025-03-10,0.023430779816315264,bitcoin;bitcoin;xrp;xrp;dogecoin;dogecoin;tether;tether;ethereum;ethereum;bnb;bnb;usd-coin;usd-coin;solana;solana
2025-03-11,0.004696298377352531,bitcoin;bitcoin;xrp;xrp;dogecoin;dogecoin;tether;tether;ethereum;ethereum;bnb;bnb;usd-coin;usd-coin;solana;solana
2025-03-12,-0.012996581816340527,bitcoin;bitcoin;xrp;xrp;dogecoin;dogecoin;tether;tether;ethereum;ethereum;bnb;bnb;usd-coin;usd-coin;solana;solana
2025-03-13,0.016234342918967783,bitcoin;bitcoin;xrp;xrp;dogecoin;dogecoin;tether;tether;ethereum;ethereum;bnb;bnb;usd-coin;usd-coin;solana;solana
2025-03-14,0.004335372991490874,bitcoin;bitcoin;xrp;xrp;dogecoin;dogecoin;tether;tether;ethereum;ethereum;bnb;bnb;usd-coin;usd-coin;solana;solana
2025-03-15,-0.01186476584422904,bitcoin;bitcoin;xrp;xrp;dogecoin;dogecoin;tether;tether;ethereum;ethereum;bnb;bnb;usd-coin;usd-coin;solana;solana
2025-03-16,0.009217134692540149,bitcoin;bitcoin;xrp;xrp;dogecoin;dogecoin;tether;tether;ethereum;ethereum;bnb;bnb;usd-coin;usd-coin;solana;solana
2025-03-17,-0.006309972030718655,bitcoin;bitcoin;xrp;xrp;dogecoin;dogecoin;tether;tether;ethereum;ethereum;bnb;bnb;usd-coin;usd-coin;solana;solana
2025-03-18,0.024168823874209974,bitcoin;bitcoin;xrp;xrp;dogecoin;dogecoin;tether;tether;ethereum;ethereum;bnb;bnb;usd-coin;usd-coin;solana;solana
2025-03-19,-0.015150600698667934,bitcoin;bitcoin;xrp;xrp;dogecoin;dogecoin;tether;tether;ethereum;ethereum;bnb;bnb;usd-coin;usd-coin;solana;solana
2025-03-20,-0.0013219468984474216,bitcoin;bitcoin;xrp;xrp;dogecoin;dogecoin;tether;tether;ethereum;ethereum;bnb;bnb;usd-coin;usd-coin;solana;solana
2025-03-21,-5.235373501407946e-4,bitcoin;bitcoin;xrp;xrp;dogecoin;dogecoin;tether;tether;ethereum;ethereum;bnb;bnb;usd-coin;usd-coin;solana;solana
2025-03-22,0.010765215983351834,bitcoin;bitcoin;xrp;xrp;dogecoin;dogecoin;tether;tether;ethereum;ethereum;bnb;bnb;usd-coin;usd-coin;solana;solana
2025-03-23,0.010252247899225683,bitcoin;bitcoin;xrp;xrp;dogecoin;dogecoin;tether;tether;ethereum;ethereum;bnb;bnb;usd-coin;usd-coin;solana;solana
2025-03-24,1.0023803933078732e-4,bitcoin;bitcoin;xrp;xrp;dogecoin;dogecoin;tether;tether;ethereum;ethereum;bnb;bnb;usd-coin;usd-coin;solana;solana
2025-03-25,-0.006014842731751813,bitcoin;bitcoin;xrp;xrp;dogecoin;dogecoin;tether;tether;ethereum;ethereum;bnb;bnb;usd-coin;usd-coin;solana;solana
2025-03-26,0.001248621466521159,bitcoin;bitcoin;xrp;xrp;dogecoin;dogecoin;tether;tether;ethereum;ethereum;bnb;bnb;usd-coin;usd-coin;solana;solana
2025-03-27,-0.01812238409838856,bitcoin;bitcoin;xrp;xrp;dogecoin;dogecoin;tether;tether;ethereum;ethereum;bnb;bnb;usd-coin;usd-coin;solana;solana
2025-03-28,-0.011847754240816325,bitcoin;bitcoin;xrp;xrp;dogecoin;dogecoin;tether;tether;ethereum;ethereum;bnb;bnb;usd-coin;usd-coin;solana;solana
2025-03-29,-0.0021379185225641204,bitcoin;bitcoin;xrp;xrp;dogecoin;dogecoin;tether;tether;ethereum;ethereum;bnb;bnb;usd-coin;usd-coin;solana;solana
2025-03-30,0.0013687907808665246,bitcoin;bitcoin;xrp;xrp;dogecoin;dogecoin;tether;tether;ethereum;ethereum;bnb;bnb;usd-coin;usd-coin;solana;solana
2025-03-31,0.01485114193935645,bitcoin;bitcoin;xrp;xrp;dogecoin;dogecoin;tether;tether;ethereum;ethereum;bnb;bnb;usd-coin;usd-coin;solana;solana
2025-04-01,-0.018091776178290896,bitcoin;bitcoin;xrp;xrp;tether;tether;ethereum;ethereum;bnb;bnb;solana;solana
2025-04-02,0.003741061113103209,bitcoin;bitcoin;xrp;xrp;tether;tether;ethereum;ethereum;bnb;bnb;solana;solana
2025-04-03,0.004937063807366907,bitcoin;bitcoin;xrp;xrp;tether;tether;ethereum;ethereum;bnb;bnb;solana;solana
2025-04-04,-0.002002136818915546,bitcoin;bitcoin;xrp;xrp;tether;tether;ethereum;ethereum;bnb;bnb;solana;solana
2025-04-05,-0.03738668028073741,bitcoin;bitcoin;xrp;xrp;tether;tether;ethereum;ethereum;bnb;bnb;solana;solana
2025-04-06,0.0036563293139144156,bitcoin;bitcoin;xrp;xrp;tether;tether;ethereum;ethereum;bnb;bnb;solana;solana
2025-04-07,-0.018458704240801867,bitcoin;bitcoin;xrp;xrp;tether;tether;ethereum;ethereum;bnb;bnb;solana;solana
2025-04-08,0.041875497674461054,bitcoin;bitcoin;xrp;xrp;tether;tether;ethereum;ethereum;bnb;bnb;solana;solana
2025-04-09,-0.020368935144471932,bitcoin;bitcoin;xrp;xrp;tether;tether;ethereum;ethereum;bnb;bnb;solana;solana
2025-04-10,0.020293050157255386,bitcoin;bitcoin;xrp;xrp;tether;tether;ethereum;ethereum;bnb;bnb;solana;solana
2025-04-11,0.014154347652175912,bitcoin;bitcoin;xrp;xrp;tether;tether;ethereum;ethereum;bnb;bnb;solana;solana
2025-04-12,-0.009725331544048782,bitcoin;bitcoin;xrp;xrp;tether;tether;ethereum;ethereum;bnb;bnb;solana;solana
2025-04-13,0.004726642453541479,bitcoin;bitcoin;xrp;xrp;tether;tether;ethereum;ethereum;bnb;bnb;solana;solana
2025-04-14,-0.005929981692155399,bitcoin;bitcoin;xrp;xrp;tether;tether;ethereum;ethereum;bnb;bnb;solana;solana
2025-04-15,0.001813981441264924,bitcoin;bitcoin;xrp;xrp;tether;tether;ethereum;ethereum;bnb;bnb;solana;solana
2025-04-16,0.0041425471180527055,bitcoin;bitcoin;xrp;xrp;tether;tether;ethereum;ethereum;bnb;bnb;solana;solana
2025-04-17,-0.0016868030823158037,bitcoin;bitcoin;xrp;xrp;tether;tether;ethereum;ethereum;bnb;bnb;solana;solana
2025-04-18,0.004415758477192402,bitcoin;bitcoin;xrp;xrp;tether;tether;ethereum;ethereum;bnb;bnb;solana;solana
2025-04-19,-8.02864985166289e-4,bitcoin;bitcoin;xrp;xrp;tether;tether;ethereum;ethereum;bnb;bnb;solana;solana
2025-04-20,0.0093967554809172,bitcoin;bitcoin;xrp;xrp;tether;tether;ethereum;ethereum;bnb;bnb;solana;solana
2025-04-21,0.032983348192941186,bitcoin;bitcoin;xrp;xrp;tether;tether;ethereum;ethereum;bnb;bnb;solana;solana
2025-04-22,0.0021559433743919996,bitcoin;bitcoin;xrp;xrp;tether;tether;ethereum;ethereum;bnb;bnb;solana;solana
2025-04-23,-1.0564446631759751e-4,bitcoin;bitcoin;xrp;xrp;tether;tether;ethereum;ethereum;bnb;bnb;solana;solana
2025-04-24,0.0029949682441997266,bitcoin;bitcoin;xrp;xrp;tether;tether;ethereum;ethereum;bnb;bnb;solana;solana
2025-04-25,0.0010384975754335636,bitcoin;bitcoin;xrp;xrp;tether;tether;ethereum;ethereum;bnb;bnb;solana;solana
2025-04-26,-0.0037100874195207644,bitcoin;bitcoin;xrp;xrp;tether;tether;ethereum;ethereum;bnb;bnb;solana;solana
2025-04-27,0.0052732653306042,bitcoin;bitcoin;xrp;xrp;tether;tether;ethereum;ethereum;bnb;bnb;solana;solana
2025-04-28,-0.003550198047044235,bitcoin;bitcoin;xrp;xrp;tether;tether;ethereum;ethereum;bnb;bnb;solana;solana
2025-04-29,-0.0010004115439977241,bitcoin;bitcoin;xrp;xrp;tether;tether;ethereum;ethereum;bnb;bnb;solana;solana
2025-04-30,0.010548120536923816,bitcoin;bitcoin;xrp;xrp;tether;tether;ethereum;ethereum;bnb;bnb;solana;solana
2025-05-01,0.0013147276308481258,bitcoin;bitcoin;xrp;xrp;tether;tether;ethereum;ethereum;bnb;bnb;solana;solana
2025-05-02,-0.004469211887035322,bitcoin;bitcoin;xrp;xrp;tether;tether;ethereum;ethereum;bnb;bnb;solana;solana
2025-05-03,-0.007754585397089645,bitcoin;bitcoin;xrp;xrp;tether;tether;ethereum;ethereum;bnb;bnb;solana;solana
2025-05-04,0.002320676937859825,bitcoin;bitcoin;xrp;xrp;tether;tether;ethereum;ethereum;bnb;bnb;solana;solana
2025-05-05,0.007815858412861554,bitcoin;bitcoin;xrp;xrp;tether;tether;ethereum;ethereum;bnb;bnb;solana;solana
2025-05-06,4.158418014792016e-4,bitcoin;bitcoin;xrp;xrp;tether;tether;ethereum;ethereum;bnb;bnb;solana;solana
2025-05-07,0.03833655805007607,bitcoin;bitcoin;xrp;xrp;tether;tether;ethereum;ethereum;bnb;bnb;solana;solana
2025-05-08,0.0047944341804494525,bitcoin;bitcoin;xrp;xrp;tether;tether;ethereum;ethereum;bnb;bnb;solana;solana
2025-05-09,0.0133302947146609,bitcoin;bitcoin;xrp;xrp;tether;tether;ethereum;ethereum;bnb;bnb;solana;solana
2025-05-10,-0.0056440304595283455,bitcoin;bitcoin;xrp;xrp;tether;tether;ethereum;ethereum;bnb;bnb;solana;solana
2025-05-11,-0.0023108768987920307,bitcoin;bitcoin;xrp;xrp;tether;tether;ethereum;ethereum;bnb;bnb;solana;solana
2025-05-12,0.010248329805863652,bitcoin;bitcoin;xrp;xrp;tether;tether;ethereum;ethereum;bnb;bnb;solana;solana
2025-05-13,-0.0050546675668633944,bitcoin;bitcoin;xrp;xrp;tether;tether;ethereum;ethereum;bnb;bnb;solana;solana
2025-05-14,-0.006915458227037521,bitcoin;xrp;tether;ethereum;bnb;solana
2025-05-15,-0.0027857572491200864,bitcoin;xrp;tether;ethereum;bnb;solana
2025-05-16,-0.006130775605771397,bitcoin;xrp;tether;ethereum;bnb;solana
2025-05-17,0.027002861304018275,bitcoin;xrp;tether;ethereum;bnb;solana
2025-05-18,-0.006826783505290793,bitcoin;xrp;tether;ethereum;bnb;solana
2025-05-19,0.007377785784827454,bitcoin;xrp;tether;ethereum;bnb;solana
2025-05-20,0.023275314148764225,bitcoin;xrp;tether;ethereum;bnb;solana
2025-05-21,0.02016634220507547,bitcoin;xrp;tether;ethereum;bnb;solana
2025-05-22,-0.04026980371494507,bitcoin;xrp;tether;ethereum;bnb;solana
2025-05-23,0.005490860465971838,bitcoin;xrp;tether;ethereum;bnb;solana
2025-05-24,0.009326310589366574,bitcoin;xrp;tether;ethereum;bnb;solana
2025-05-25,0.0024821428341962643,bitcoin;xrp;tether;ethereum;bnb;solana
2025-05-26,0.0027639246493107875,bitcoin;xrp;tether;ethereum;bnb;solana
2025-05-27,-0.00884218049215899,bitcoin;xrp;tether;ethereum;bnb;solana
2025-05-28,-0.01890641153713329,bitcoin;xrp;tether;ethereum;bnb;solana
2025-05-29,-0.021493338641304628,bitcoin;xrp;tether;ethereum;bnb;solana
2025-05-30,0.005484419282983366,bitcoin;xrp;tether;ethereum;bnb;solana
2025-05-31,0.007593928066340323,bitcoin;xrp;tether;ethereum;bnb;solana
2025-06-01,0.005376637492449957,bitcoin;xrp;tether;ethereum;bnb;solana
2025-06-02,-0.0029730745315715125,bitcoin;xrp;tether;ethereum;bnb;solana
2025-06-03,-0.005437159219724042,bitcoin;xrp;tether;ethereum;bnb;solana
2025-06-04,-0.036763012630480846,bitcoin;xrp;tether;ethereum;bnb;solana
2025-06-05,0.02513833258945494,bitcoin;xrp;tether;ethereum;bnb;solana
2025-06-06,0.01183725015750483,bitcoin;xrp;tether;ethereum;bnb;solana
2025-06-07,0.003188056851875965,bitcoin;xrp;tether;ethereum;bnb;solana
2025-06-08,0.040906719918066776,bitcoin;xrp;tether;ethereum;bnb;solana
2025-06-09,0.006184229701315755,bitcoin;xrp;tether;ethereum;bnb;solana
2025-06-10,-0.013716835327430734,bitcoin;xrp;tether;ethereum;bnb;solana
2025-06-11,-0.027564729023701162,bitcoin;xrp;tether;ethereum;bnb;solana
2025-06-12,-0.0042873360162656565,bitcoin;xrp;tether;ethereum;bnb;solana
2025-06-13,-0.007769004309994205,bitcoin;xrp;tether;ethereum;bnb;solana
2025-06-14,0.003664910211035574,bitcoin;xrp;tether;ethereum;bnb;solana
2025-06-15,0.009630352375369612,bitcoin;xrp;tether;ethereum;bnb;solana
2025-06-16,-0.018903946460104373,bitcoin;xrp;tether;ethereum;bnb;solana
2025-06-17,0.0022527412798792907,bitcoin;xrp;tether;ethereum;bnb;solana
2025-06-18,-0.001408133457256772,bitcoin;xrp;tether;ethereum;bnb;solana
2025-06-19,-0.017646696463792647,bitcoin;xrp;tether;ethereum;bnb;solana
2025-06-20,-0.016110565954572064,bitcoin;xrp;tether;ethereum;bnb;solana
2025-06-21,-0.015308989735304,bitcoin;xrp;tether;ethereum;bnb;solana
2025-06-22,0.049730816025270186,bitcoin;xrp;tether;ethereum;bnb;solana
2025-06-23,0.005323119644950892,bitcoin;xrp;tether;ethereum;bnb;solana
2025-06-24,0.0067252472770653075,bitcoin;xrp;tether;ethereum;bnb;solana
2025-06-25,-0.006075201837351513,bitcoin;xrp;tether;ethereum;bnb;solana
2025-06-26,0.003116971948339507,bitcoin;xrp;tether;ethereum;bnb;solana
2025-06-27,0.00536800124748399,bitcoin;xrp;tether;ethereum;bnb;solana
2025-06-28,0.011349299798886619,bitcoin;xrp;tether;ethereum;bnb;solana
2025-06-29,-0.00765827580653125,bitcoin;xrp;tether;ethereum;bnb;solana
2025-06-30,-0.01731173791904877,bitcoin;xrp;tether;ethereum;bnb;solana
2025-07-01,0.03118431263011569,bitcoin;xrp;tether;ethereum;bnb;solana
2025-07-02,0.006753506929499532,bitcoin;xrp;tether;ethereum;bnb;solana
2025-07-03,-0.016206090051863617,bitcoin;xrp;tether;ethereum;bnb;solana
2025-07-04,0.001711308553727866,bitcoin;xrp;tether;ethereum;bnb;solana
2025-07-05,0.01116911875271898,bitcoin;xrp;tether;ethereum;bnb;solana
2025-07-06,-0.008024342908187742,bitcoin;xrp;tether;ethereum;bnb;solana
2025-07-07,0.008475316145768146,bitcoin;xrp;tether;ethereum;bnb;solana
2025-07-08,0.02485374514095786,bitcoin;xrp;tether;ethereum;bnb;solana
2025-07-09,0.04114367063518011,bitcoin;xrp;tether;ethereum;bnb;solana
2025-07-10,0.013214584927471414,bitcoin;xrp;tether;ethereum;bnb;solana
2025-07-11,-0.0015250909027796449,bitcoin;xrp;tether;ethereum;bnb;solana
2025-07-12,0.01357655333192698,bitcoin;xrp;tether;ethereum;bnb;solana
2025-07-13,0.007859288759642107,bitcoin;xrp;tether;ethereum;bnb;solana
2025-07-14,-0.009111203211207352,bitcoin;xrp;tether;ethereum;bnb;solana
2025-07-15,0.017447686591988757,bitcoin;xrp;tether;ethereum;bnb;solana
2025-07-16,0.014198185353644317,bitcoin;xrp;tether;ethereum;bnb;solana
2025-07-17,-0.006394925964694932,bitcoin;xrp;tether;ethereum;bnb;solana
2025-07-18,0.0011086847949123917,bitcoin;xrp;tether;ethereum;bnb;solana
2025-07-19,0.0025598809509832414,bitcoin;xrp;tether;ethereum;bnb;solana
2025-07-20,0.0049667946826876036,bitcoin;xrp;tether;ethereum;bnb;solana
2025-07-21,0.017634897111025408,bitcoin;xrp;tether;ethereum;bnb;solana
2025-07-22,-0.018916307722729637,bitcoin;xrp;tether;ethereum;bnb;solana
2025-07-23,-0.0022880661965015764,bitcoin;xrp;tether;ethereum;bnb;solana
2025-07-24,-0.0028338035771615063,bitcoin;xrp;tether;ethereum;bnb;solana
2025-07-25,0.0027513115411958665,bitcoin;xrp;tether;ethereum;bnb;solana
2025-07-26,0.01645725073789864,bitcoin;xrp;tether;ethereum;bnb;solana
2025-07-27,-0.01542893893588456,bitcoin;xrp;tether;ethereum;bnb;solana
2025-07-28,-5.789803275890089e-4,bitcoin;xrp;tether;ethereum;bnb;solana
2025-07-29,-0.0017482769021152664,bitcoin;xrp;tether;ethereum;bnb;solana
2025-07-30,-0.018359740166646956,bitcoin;xrp;tether;ethereum;bnb;solana
2025-07-31,-0.025071793627994634,bitcoin;xrp;tether;ethereum;bnb;solana
2025-08-01,-0.012961792604576902,bitcoin;xrp;tether;ethereum;bnb;solana
2025-08-02,0.018367168177540766,bitcoin;xrp;tether;ethereum;bnb;solana
2025-08-03,0.015500205695879584,bitcoin;xrp;tether;ethereum;bnb;solana
2025-08-04,-0.012123322858058188,bitcoin;xrp;tether;ethereum;bnb;solana
2025-08-05,0.009449516995527232,bitcoin;xrp;tether;ethereum;bnb;solana
2025-08-06,0.028584900764680066,bitcoin;xrp;tether;ethereum;bnb;solana
2025-08-07,-0.0027793445483512177,bitcoin;xrp;tether;ethereum;bnb;solana
2025-08-08,0.004648557016210314,bitcoin;xrp;tether;ethereum;bnb;solana
2025-08-09,0.017367862767298684,bitcoin;xrp;tether;ethereum;bnb;solana
2025-08-10,-0.006259248160379979,bitcoin;xrp;tether;ethereum;bnb;solana
2025-08-11,0.022604176610887698,bitcoin;xrp;tether;ethereum;bnb;solana
2025-08-12,0.024869200329586,bitcoin;xrp;tether;ethereum;bnb;solana
2025-08-13,-0.039290816135612076,bitcoin;xrp;tether;ethereum;bnb;solana
2025-08-14,-0.009997296654758205,bitcoin;xrp;tether;ethereum;bnb;solana
2025-08-15,0.0018670236387244678,bitcoin;xrp;tether;ethereum;bnb;solana
2025-08-16,0.0013693635354885833,bitcoin;xrp;tether;ethereum;bnb;solana
2025-08-17,-0.01314842327839152,bitcoin;xrp;tether;ethereum;bnb;solana
2025-08-18,-0.033014012998861725,bitcoin;xrp;tether;ethereum;bnb;solana
2025-08-19,0.020636229851423087,bitcoin;xrp;tether;ethereum;bnb;solana
2025-08-20,-0.01860212877316056,bitcoin;xrp;tether;ethereum;bnb;solana
2025-08-21,0.050707831100680834,bitcoin;xrp;tether;ethereum;bnb;solana
2025-08-22,-0.011305878735320128,bitcoin;xrp;tether;ethereum;bnb;solana
2025-08-23,-0.012409733564847748,bitcoin;xrp;tether;ethereum;bnb;solana
2025-08-24,-0.037392795782942495,bitcoin;xrp;tether;ethereum;bnb;solana
2025-08-25,0.020783580939922077,bitcoin;xrp;tether;ethereum;bnb;solana
2025-08-26,-0.005925904334183594,bitcoin;xrp;tether;ethereum;bnb;solana
2025-08-27,0.011106849349130496,bitcoin;xrp;tether;ethereum;bnb;solana
2025-08-28,-0.03484628791482322,bitcoin;xrp;tether;ethereum;bnb;solana
2025-08-29,0.002550075621611562,bitcoin;xrp;tether;ethereum;bnb;solana
2025-08-30,-0.004715909943646166,bitcoin;xrp;tether;ethereum;bnb;solana
2025-08-31,0.0037329338137226708,bitcoin;xrp;tether;ethereum;bnb;solana
2025-09-01,0.017144039223420865,bitcoin;xrp;tether;ethereum;bnb;solana
2025-09-02,0.006244523219210204,bitcoin;xrp;tether;ethereum;bnb;solana
2025-09-03,-0.012428568608266547,bitcoin;xrp;tether;ethereum;bnb;solana
2025-09-04,4.2219106727146215e-4,bitcoin;xrp;tether;ethereum;bnb;solana
2025-09-05,-0.0036570528295716944,bitcoin;xrp;tether;ethereum;bnb;solana
2025-09-06,0.00974141310229784,bitcoin;xrp;tether;ethereum;bnb;solana
2025-09-07,0.008526911758690787,bitcoin;xrp;tether;ethereum;bnb;solana
2025-09-08,-0.003433630136981092,bitcoin;xrp;tether;ethereum;bnb;solana
2025-09-09,0.018677616472742038,bitcoin;xrp;tether;ethereum;bnb;solana
2025-09-10,0.014331856762186939,bitcoin;xrp;tether;ethereum;bnb;solana
2025-09-11,0.012694457544163047,bitcoin;xrp;tether;ethereum;bnb;solana
2025-09-12,-0.0013657670424955422,bitcoin;xrp;tether;ethereum;bnb;solana
2025-09-13,-0.006562931424283032,bitcoin;xrp;tether;ethereum;bnb;solana
2025-09-14,-0.0031315898124977515,bitcoin;xrp;tether;ethereum;bnb;solana
2025-09-15,0.010630877552600825,bitcoin;xrp;tether;ethereum;bnb;solana
2025-09-16,0.0024369667328232045,bitcoin;xrp;tether;ethereum;bnb;solana
2025-09-17,0.004026774353618127,bitcoin;xrp;tether;ethereum;bnb;solana
2025-09-18,-0.014030254799725412,bitcoin;xrp;tether;ethereum;bnb;solana
2025-09-19,0.002302274020860461,bitcoin;xrp;tether;ethereum;bnb;solana
2025-09-20,-0.0035767748759107224,bitcoin;xrp;tether;ethereum;bnb;solana
2025-09-21,-0.02790725805709451,bitcoin;xrp;tether;ethereum;bnb;solana
2025-09-22,-0.0062450404119676894,bitcoin;xrp;tether;ethereum;bnb;solana
2025-09-23,0.00978799298335559,bitcoin;xrp;tether;ethereum;bnb;solana
2025-09-24,-0.0436494311513581,bitcoin;xrp;tether;ethereum;bnb;solana
2025-09-25,0.011768131962263575,bitcoin;xrp;tether;ethereum;bnb;solana
2025-09-26,-2.1365260855484694e-4,bitcoin;xrp;tether;ethereum;bnb;solana
2025-09-27,0.021927941563729625,bitcoin;xrp;tether;ethereum;bnb;solana
2025-09-28,0.01836608772868107,bitcoin;xrp;tether;ethereum;bnb;solana
2025-09-29,-0.005834345115313473,bitcoin;xrp;tether;ethereum;bnb;solana
2025-09-30,0.03771442550761712,bitcoin;xrp;tether;ethereum;bnb;solana
2025-10-01,0.02169649311802551,bitcoin;xrp;tether;ethereum;bnb;solana
2025-10-02,0.012641491936128584,bitcoin;xrp;tether;ethereum;bnb;solana
2025-10-03,-0.003048079525787398,bitcoin;xrp;tether;ethereum;bnb;solana
2025-10-04,0.007467289433066889,bitcoin;xrp;tether;ethereum;bnb;solana
2025-10-05,0.014834307357333702,bitcoin;xrp;tether;ethereum;bnb;solana
2025-10-06,-0.027571479529664333,bitcoin;xrp;tether;ethereum;bnb;solana
2025-10-07,0.014690054596537622,bitcoin;xrp;tether;ethereum;bnb;solana
2025-10-08,-0.018288461338541367,bitcoin;xrp;tether;ethereum;bnb;solana
2025-10-09,-0.08660702255838675,bitcoin;xrp;tether;ethereum;bnb;solana
2025-10-10,-0.018555686245947316,bitcoin;xrp;tether;ethereum;bnb;solana
2025-10-11,0.05279971503242827,bitcoin;xrp;tether;ethereum;bnb;solana
2025-10-12,0.006250532013618165,bitcoin;xrp;tether;ethereum;bnb;solana
2025-10-13,-0.022387278804274945,bitcoin;xrp;tether;ethereum;bnb;solana
2025-10-14,-0.02398039619151175,bitcoin;xrp;tether;ethereum;bnb;solana
2025-10-15,-0.02362170986172608,bitcoin;xrp;tether;ethereum;bnb;solana
2025-10-16,-0.01688607260043883,bitcoin;xrp;tether;ethereum;bnb;solana
2025-10-17,0.009990976568042126,bitcoin;xrp;tether;ethereum;bnb;solana
2025-10-18,0.014015372400905751,bitcoin;xrp;tether;ethereum;bnb;solana
2025-10-19,0.014180981062376058,bitcoin;xrp;tether;ethereum;bnb;solana
2025-10-20,-0.02063282460480191,bitcoin;xrp;tether;ethereum;bnb;solana
2025-10-21,-0.00939269630118909,bitcoin;xrp;tether;ethereum;bnb;solana
2025-10-22,0.021197080383869946,bitcoin;xrp;tether;ethereum;bnb;solana
2025-10-23,0.011080401142144777,bitcoin;xrp;tether;ethereum;bnb;solana
2025-10-24,0.006589125210763259,bitcoin;xrp;tether;ethereum;bnb;solana
2025-10-25,0.027034951774907712,bitcoin;xrp;tether;ethereum;bnb;solana
2025-10-26,-0.0037886398919553185,bitcoin;xrp;tether;ethereum;bnb;solana
2025-10-27,-0.014322681234671375,bitcoin;xrp;tether;ethereum;bnb;solana
2025-10-28,-0.0217412286173097,bitcoin;xrp;tether;ethereum;bnb;solana
2025-10-29,-0.01962976343087915,bitcoin;xrp;tether;ethereum;bnb;solana
2025-10-30,0.011720812043857819,bitcoin;xrp;tether;ethereum;bnb;solana
2025-10-31,0.004160208484578598,bitcoin;xrp;tether;ethereum;bnb;solana
2025-11-01,0.005380693501308114,bitcoin;xrp;tether;ethereum;bnb;solana
2025-11-02,-0.0494791718552415,bitcoin;xrp;tether;ethereum;bnb;solana
2025-11-03,-0.052030703728581436,bitcoin;xrp;tether;ethereum;bnb;solana
2025-11-04,0.02641156676452945,bitcoin;xrp;tether;ethereum;bnb;solana
2025-11-05,-0.02717417878441587,bitcoin;xrp;tether;ethereum;bnb;solana
2025-11-06,0.024374042405446487,bitcoin;xrp;tether;ethereum;bnb;solana
2025-11-07,-0.010148930189324152,bitcoin;xrp;tether;ethereum;bnb;solana
2025-11-08,0.027047642035120244,bitcoin;xrp;tether;ethereum;bnb;solana
2025-11-09,0.011553786723618951,bitcoin;xrp;tether;ethereum;bnb;solana
2025-11-10,-0.032622296603540275,bitcoin;xrp;tether;ethereum;bnb;solana
2025-11-11,-0.00960400664779689,bitcoin;xrp;tether;ethereum;bnb;solana
2025-11-12,-0.025139142283337964,bitcoin;xrp;tether;ethereum;bnb;solana
2025-11-13,-0.047317026007156725,bitcoin;xrp;tether;ethereum;bnb;solana
2025-11-14,0.011859915617654626,bitcoin;xrp;tether;ethereum;bnb;solana
2025-11-15,-0.01448449155698745,bitcoin;xrp;tether;ethereum;bnb;solana
2025-11-16,-0.022206836876802905,bitcoin;xrp;tether;ethereum;bnb;solana
2025-11-17,0.0155652009085978,bitcoin;xrp;tether;ethereum;bnb;solana
2025-11-18,-0.02071043045159541,bitcoin;xrp;tether;ethereum;bnb;solana
2025-11-19,-0.05139632887805358,bitcoin;xrp;tether;ethereum;bnb;solana
2025-11-20,-0.019732673157621596,bitcoin;xrp;tether;ethereum;bnb;solana
2025-11-21,-0.0035911096447692184,bitcoin;xrp;tether;ethereum;bnb;solana
2025-11-22,0.022785138523364307,bitcoin;xrp;tether;ethereum;bnb;solana
2025-11-23,0.026150933256262984,bitcoin;xrp;tether;ethereum;bnb;solana
2025-11-24,-0.007647697852605967,bitcoin;xrp;tether;ethereum;bnb;solana
2025-11-25,0.030639985722892057,bitcoin;xrp;tether;ethereum;bnb;solana
2025-11-26,0.004272161082053713,bitcoin;xrp;tether;ethereum;bnb;solana
2025-11-27,-0.0034774665445412092,bitcoin;xrp;tether;ethereum;bnb;solana
2025-11-28,-0.002753485895043092,bitcoin;xrp;tether;ethereum;bnb;solana
2025-11-29,-0.00490612990349188,bitcoin;xrp;tether;ethereum;bnb;solana
2025-11-30,-0.04821176672912286,bitcoin;xrp;tether;ethereum;bnb;solana
2025-12-01,0.056745594072630544,bitcoin;xrp;tether;ethereum;bnb;solana
2025-12-02,0.029438053520808555,bitcoin;xrp;tether;ethereum;bnb;solana
2025-12-03,-0.01758142098295165,bitcoin;xrp;tether;ethereum;bnb;solana
2025-12-04,-0.029434367652081343,bitcoin;xrp;tether;ethereum;bnb;solana
2025-12-05,-2.437135823244915e-4,bitcoin;xrp;tether;ethereum;bnb;solana
2025-12-06,0.010017393283859055,bitcoin;xrp;tether;ethereum;bnb;solana
2025-12-07,0.0059301181048813465,bitcoin;xrp;tether;ethereum;bnb;solana
2025-12-08,0.026121865146375628,bitcoin;xrp;tether;ethereum;bnb;solana
2025-12-09,-0.006940705823623164,bitcoin;xrp;tether;ethereum;bnb;solana
2025-12-10,-7.803395258238051e-4,bitcoin;xrp;tether;ethereum;bnb;solana
2025-12-11,-0.02561866706054021,bitcoin;xrp;tether;ethereum;bnb;solana
2025-12-12,0.002951219262828747,bitcoin;xrp;tether;ethereum;bnb;solana
2025-12-13,-0.021817580432498977,bitcoin;xrp;tether;ethereum;bnb;solana
2025-12-14,-0.021828486310368603,bitcoin;xrp;tether;ethereum;bnb;solana
2025-12-15,0.013121430967400639,bitcoin;xrp;tether;ethereum;bnb;solana
2025-12-16,-0.02475878314112186,bitcoin;xrp;tether;ethereum;bnb;solana
2025-12-17,-0.00872413766937182,bitcoin;xrp;tether;ethereum;bnb;solana
2025-12-18,0.03401530637160347,bitcoin;xrp;tether;ethereum;bnb;solana
2025-12-19,0.002359926885757808,bitcoin;xrp;tether;ethereum;bnb;solana
2025-12-20,0.0032541715367323033,bitcoin;xrp;tether;ethereum;bnb;solana
2025-12-21,-0.0014050797244136732,bitcoin;xrp;tether;ethereum;bnb;solana
2025-12-22,-0.012363730724808019,bitcoin;xrp;tether;ethereum;bnb;solana
2025-12-23,9.792683418608036e-5,bitcoin;xrp;tether;ethereum;bnb;solana
2025-12-24,-0.007218863068159949,bitcoin;xrp;tether;ethereum;bnb;solana
2025-12-25,0.0027096298670387813,bitcoin;xrp;tether;ethereum;bnb;solana
2025-12-26,0.00692956585246481,bitcoin;xrp;tether;ethereum;bnb;solana
2025-12-27,7.741590881004904e-4,bitcoin;xrp;tether;ethereum;bnb;solana
2025-12-28,-0.007498739216055261,bitcoin;xrp;tether;ethereum;bnb;solana
2025-12-29,0.013540372509212185,bitcoin;xrp;tether;ethereum;bnb;solana
2025-12-30,-0.008441684624722497,bitcoin;xrp;tether;ethereum;bnb;solana
2025-12-31,0.012798399919866203,bitcoin;xrp;tether;ethereum;bnb;solana
2026-01-01,0.02014157001930206,bitcoin;xrp;tether;ethereum;bnb;solana
2026-01-02,0.005399172350025883,bitcoin;xrp;tether;ethereum;bnb;solana
2026-01-03,0.0092498641473844,bitcoin;xrp;tether;ethereum;bnb;solana
2026-01-04,0.028913541436723172,bitcoin;xrp;tether;ethereum;bnb;solana
2026-01-05,0.0020583407106668436,bitcoin;xrp;tether;ethereum;bnb;solana
2026-01-06,-0.028149103287260467,bitcoin;xrp;tether;ethereum;bnb;solana
2026-01-07,-0.005806315488791721,bitcoin;xrp;tether;ethereum;bnb;solana
2026-01-08,-0.005849020799563859,bitcoin;xrp;tether;ethereum;bnb;solana
2026-01-09,-5.189705107606766e-4,bitcoin;xrp;tether;ethereum;bnb;solana
2026-01-10,0.005200716276093713,bitcoin;xrp;tether;ethereum;bnb;solana
2026-01-11,0.0011802890991088981,bitcoin;xrp;tether;ethereum;bnb;solana
2026-01-12,0.04557777401044151,bitcoin;xrp;tether;ethereum;bnb;solana
2026-01-13,0.01278655328446009,bitcoin;xrp;tether;ethereum;bnb;solana
2026-01-14,-0.014424016245549062,bitcoin;xrp;tether;ethereum;bnb;solana
2026-01-15,-4.798710115410931e-4,bitcoin;xrp;tether;ethereum;bnb;solana
2026-01-16,-0.0023360323424091722,bitcoin;xrp;tether;ethereum;bnb;solana
2026-01-17,-0.015170400926076858,bitcoin;xrp;tether;ethereum;bnb;solana
2026-01-18,-0.013636195427803324,bitcoin;xrp;tether;ethereum;bnb;solana
2026-01-19,-0.04924582546663858,bitcoin;xrp;tether;ethereum;bnb;solana
2026-01-20,0.01227689380223574,bitcoin;xrp;tether;ethereum;bnb;solana
2026-01-21,-0.001345067478067586,bitcoin;xrp;tether;ethereum;bnb;solana
2026-01-22,3.961444960615574e-4,bitcoin;xrp;tether;ethereum;bnb;solana
2026-01-23,-0.003662999634976609,bitcoin;xrp;tether;ethereum;bnb;solana
2026-01-24,-0.031076696274220963,bitcoin;xrp;tether;ethereum;bnb;solana
2026-01-25,0.022303752468491943,bitcoin;xrp;tether;ethereum;bnb;solana
2026-01-26,0.012798481617957644,bitcoin;xrp;tether;ethereum;bnb;solana
2026-01-27,-4.8610127102288264e-4,bitcoin;xrp;tether;ethereum;bnb;solana
2026-01-28,-0.05126947600814859,bitcoin;xrp;tether;ethereum;bnb;solana
2026-01-29,-0.011848298316477874,bitcoin;xrp;tether;ethereum;bnb;solana
2026-01-30,-0.069638129683027,bitcoin;xrp;tether;ethereum;bnb;solana
2026-01-31,-0.029046417033634708,bitcoin;xrp;tether;ethereum;bnb;solana
2026-02-01,0.02238805453892929,bitcoin;xrp;tether;ethereum;bnb;solana
2026-02-02,-0.03859225466936287,bitcoin;xrp;tether;ethereum;bnb;solana
2026-02-03,-0.036377012645969736,bitcoin;xrp;tether;ethereum;bnb;solana
2026-02-04,-0.1470941070261638,bitcoin;xrp;tether;ethereum;bnb;solana
2026-02-05,0.1131746724313974,bitcoin;xrp;tether;ethereum;bnb;solana
2026-02-06,-0.012602621721140963,bitcoin;xrp;tether;ethereum;bnb;solana
2026-02-07,0.00894067983449678,bitcoin;xrp;tether;ethereum;bnb;solana
2026-02-08,-6.884262852768685e-4,bitcoin;xrp;tether;ethereum;bnb;solana
2026-02-09,-0.02236114478509291,bitcoin;xrp;tether;ethereum;bnb;solana
2026-02-10,-0.0268600976233289,bitcoin;xrp;tether;ethereum;bnb;solana
2026-02-11,-0.007403259677040544,bitcoin;xrp;tether;ethereum;bnb;solana
2026-02-12,0.03762330817205321,bitcoin;xrp;tether;ethereum;bnb;solana
2026-02-13,0.017043509636013126,bitcoin;xrp;tether;ethereum;bnb;solana
2026-02-14,-0.021081720406036817,bitcoin;xrp;tether;ethereum;bnb;solana
2026-02-15,0.004199802626463186,bitcoin;xrp;tether;ethereum;bnb;solana
2026-02-16,-0.015236180622468135,bitcoin;xrp;tether;ethereum;bnb;solana
2026-02-17,-0.017470029322196906,bitcoin;xrp;tether;ethereum;bnb;solana
2026-02-18,0.004984818693905877,bitcoin;xrp;tether;ethereum;bnb;solana
2026-02-19,0.014909352626541928,bitcoin;xrp;tether;ethereum;bnb;solana
2026-02-20,6.196483529812785e-4,bitcoin;xrp;tether;ethereum;bnb;solana
2026-02-21,-0.007557304453387428,bitcoin;xrp;tether;ethereum;bnb;solana
2026-02-22,-0.043269499558489556,bitcoin;xrp;tether;ethereum;bnb;solana
2026-02-23,-0.006314065086456905,bitcoin;xrp;tether;ethereum;bnb;solana
2026-02-24,0.06361939221249212,bitcoin;xrp;tether;ethereum;bnb;solana
2026-02-25,-0.008928552475990807,bitcoin;xrp;tether;ethereum;bnb;solana
2026-02-26,-0.026590584573641798,bitcoin;xrp;tether;ethereum;bnb;solana
2026-02-27,0.01563188284505037,bitcoin;xrp;tether;ethereum;bnb;solana
2026-02-28,-0.015732642283773336,bitcoin;xrp;tether;ethereum;bnb;solana
2026-03-01,0.04052279601478001,bitcoin;xrp;tether;ethereum;bnb;solana
2026-03-02,-0.008996249053043049,bitcoin;xrp;tether;ethereum;bnb;solana
2026-03-03,0.05743555835715017,bitcoin;xrp;tether;ethereum;bnb;solana
2026-03-04,-0.023589719690746216,bitcoin;xrp;tether;ethereum;bnb;solana
2026-03-05,-0.03688661191441181,bitcoin;xrp;tether;ethereum;bnb;solana
2026-03-06,-0.010581309414195238,bitcoin;xrp;tether;ethereum;bnb;solana
2026-03-07,-0.017239118542276916,bitcoin;xrp;tether;ethereum;bnb;solana
2026-03-08,0.03202404084928126,bitcoin;xrp;tether;ethereum;bnb;solana
2026-03-09,0.019633848636157615,bitcoin;xrp;tether;ethereum;bnb;solana
2026-03-10,0.004560269759768134,bitcoin;xrp;tether;ethereum;bnb;solana
2026-03-11,0.004373791312675428,bitcoin;xrp;tether;ethereum;bnb;solana
2026-03-12,0.007022525861546103,bitcoin;xrp;tether;ethereum;bnb;solana
2026-03-13,0.0030239431460657726,bitcoin;xrp;tether;ethereum;bnb;solana
2026-03-14,0.02384414973083991,bitcoin;xrp;tether;ethereum;bnb;solana
2026-03-15,0.034338328063714604,bitcoin;xrp;tether;ethereum;bnb;solana
2026-03-16,-0.012453135722927795,bitcoin;xrp;tether;ethereum;bnb;solana
2026-03-17,-0.03638234462845383,bitcoin;xrp;tether;ethereum;bnb;solana
2026-03-18,-0.018849807862339068,bitcoin;xrp;tether;ethereum;bnb;solana
2026-03-19,NA,NA
